Index,prompt_idx,system_prompt_idx,temperature,frequency_penalty
0,2,-1,0.1,0.0
1,2,-1,0.1,0.0
2,2,-1,0.1,0.0
3,2,-1,0.1,0.0
4,2,-1,0.1,0.0
5,2,-1,0.1,0.0
6,2,-1,0.1,0.0
7,2,-1,0.1,0.0
8,2,-1,0.1,0.0
9,2,-1,0.1,0.0
10,2,-1,0.1,0.0
11,2,-1,0.1,0.0
12,2,-1,0.1,0.0
13,2,-1,0.1,0.0
14,2,-1,0.1,0.0
15,2,-1,0.1,0.0
16,2,-1,0.1,0.0
17,2,-1,0.1,0.0
18,2,-1,0.1,0.0
19,2,-1,0.1,0.0
20,2,-1,0.1,0.0
21,2,-1,0.1,0.0
22,2,-1,0.1,0.0
23,2,-1,0.1,0.0
24,2,-1,0.1,0.0
25,2,-1,0.1,0.0
26,2,-1,0.1,0.0
27,2,-1,0.1,0.0
28,2,-1,0.1,0.0
29,2,-1,0.1,0.0
30,2,-1,0.1,0.0
31,2,-1,0.1,0.0
32,2,-1,0.1,0.0
33,2,-1,0.1,0.0
34,2,-1,0.1,0.0
35,2,-1,0.1,0.0
36,2,-1,0.1,0.0
37,2,-1,0.1,0.0
38,2,-1,0.1,0.0
39,2,-1,0.1,0.0
40,2,-1,0.1,0.0
41,2,-1,0.1,0.0
42,2,-1,0.1,0.0
43,2,-1,0.1,0.0
44,2,-1,0.1,0.0
45,2,-1,0.1,0.0
46,2,-1,0.1,0.0
47,2,-1,0.1,0.0
48,2,-1,0.1,0.0
49,2,-1,0.1,0.0
50,2,-1,0.1,0.0
51,2,-1,0.1,0.0
52,2,-1,0.1,0.0
53,2,-1,0.1,0.0
54,2,-1,0.1,0.0
55,2,-1,0.1,0.0
56,2,-1,0.1,0.0
57,2,-1,0.1,0.0
58,2,-1,0.1,0.0
59,2,-1,0.1,0.0
60,2,-1,0.1,0.0
61,2,-1,0.1,0.0
62,2,-1,0.1,0.0
63,2,-1,0.1,0.0
64,2,-1,0.1,0.0
65,2,-1,0.1,0.0
66,2,-1,0.1,0.0
67,2,-1,0.1,0.0
68,2,-1,0.1,0.0
69,2,-1,0.1,0.0
70,2,-1,0.1,0.0
71,2,-1,0.1,0.0
72,2,-1,0.1,0.0
73,2,-1,0.1,0.0
74,2,-1,0.1,0.0
75,2,-1,0.1,0.0
76,2,-1,0.1,0.0
77,2,-1,0.1,0.0
78,2,-1,0.1,0.0
79,2,-1,0.1,0.0
80,2,-1,0.1,0.0
81,2,-1,0.1,0.0
82,2,-1,0.1,0.0
83,2,-1,0.1,0.0
84,2,-1,0.1,0.0
85,2,-1,0.1,0.0
86,2,-1,0.1,0.0
87,2,-1,0.1,0.0
88,2,-1,0.1,0.0
89,2,-1,0.1,0.0
90,2,-1,0.1,0.0
91,2,-1,0.1,0.0
92,2,-1,0.1,0.0
93,2,-1,0.1,0.0
94,2,-1,0.1,0.0
95,2,-1,0.1,0.0
96,2,-1,0.1,0.0
97,2,-1,0.1,0.0
98,2,-1,0.1,0.0
99,2,-1,0.1,0.0
100,2,-1,0.1,0.0
101,2,-1,0.1,0.0
102,2,-1,0.1,0.0
103,2,-1,0.1,0.0
104,2,-1,0.1,0.0
105,2,-1,0.1,0.0
106,2,-1,0.1,0.0
107,2,-1,0.1,0.0
108,2,-1,0.1,0.0
109,2,-1,0.1,0.0
110,2,-1,0.1,0.0
111,2,-1,0.1,0.0
112,2,-1,0.1,0.0
113,2,-1,0.1,0.0
114,2,-1,0.1,0.0
115,2,-1,0.1,0.0
116,2,-1,0.1,0.0
117,2,-1,0.1,0.0
118,2,-1,0.1,0.0
119,2,-1,0.1,0.0
120,2,-1,0.1,0.0
121,2,-1,0.1,0.0
122,2,-1,0.1,0.0
123,2,-1,0.1,0.0
124,2,-1,0.1,0.0
125,2,-1,0.1,0.0
126,2,-1,0.1,0.0
127,2,-1,0.1,0.0
128,2,-1,0.1,0.0
129,2,-1,0.1,0.0
130,2,-1,0.1,0.0
131,2,-1,0.1,0.0
132,2,-1,0.1,0.0
133,2,-1,0.1,0.0
134,2,-1,0.1,0.0
135,2,-1,0.1,0.0
136,2,-1,0.1,0.0
137,2,-1,0.1,0.0
138,2,-1,0.1,0.0
139,2,-1,0.1,0.0
140,2,-1,0.1,0.0
141,2,-1,0.1,0.0
142,2,-1,0.1,0.0
143,2,-1,0.1,0.0
144,2,-1,0.1,0.0
145,2,-1,0.1,0.0
146,2,-1,0.1,0.0
147,2,-1,0.1,0.0
148,2,-1,0.1,0.0
149,2,-1,0.1,0.0
150,3,-1,0.1,0.0
151,3,-1,0.1,0.0
152,3,-1,0.1,0.0
153,3,-1,0.1,0.0
154,3,-1,0.1,0.0
155,3,-1,0.1,0.0
156,3,-1,0.1,0.0
157,3,-1,0.1,0.0
158,3,-1,0.1,0.0
159,3,-1,0.1,0.0
160,3,-1,0.1,0.0
161,3,-1,0.1,0.0
162,3,-1,0.1,0.0
163,3,-1,0.1,0.0
164,3,-1,0.1,0.0
165,3,-1,0.1,0.0
166,3,-1,0.1,0.0
167,3,-1,0.1,0.0
168,3,-1,0.1,0.0
169,3,-1,0.1,0.0
170,3,-1,0.1,0.0
171,3,-1,0.1,0.0
172,3,-1,0.1,0.0
173,3,-1,0.1,0.0
174,3,-1,0.1,0.0
175,3,-1,0.1,0.0
176,3,-1,0.1,0.0
177,3,-1,0.1,0.0
178,3,-1,0.1,0.0
179,3,-1,0.1,0.0
180,3,-1,0.1,0.0
181,3,-1,0.1,0.0
182,3,-1,0.1,0.0
183,3,-1,0.1,0.0
184,3,-1,0.1,0.0
185,3,-1,0.1,0.0
186,3,-1,0.1,0.0
187,3,-1,0.1,0.0
188,3,-1,0.1,0.0
189,3,-1,0.1,0.0
190,3,-1,0.1,0.0
191,3,-1,0.1,0.0
192,3,-1,0.1,0.0
193,3,-1,0.1,0.0
194,3,-1,0.1,0.0
195,3,-1,0.1,0.0
196,3,-1,0.1,0.0
197,3,-1,0.1,0.0
198,3,-1,0.1,0.0
199,3,-1,0.1,0.0
200,3,-1,0.1,0.0
201,3,-1,0.1,0.0
202,3,-1,0.1,0.0
203,3,-1,0.1,0.0
204,3,-1,0.1,0.0
205,3,-1,0.1,0.0
206,3,-1,0.1,0.0
207,3,-1,0.1,0.0
208,3,-1,0.1,0.0
209,3,-1,0.1,0.0
210,3,-1,0.1,0.0
211,3,-1,0.1,0.0
212,3,-1,0.1,0.0
213,3,-1,0.1,0.0
214,3,-1,0.1,0.0
215,3,-1,0.1,0.0
216,3,-1,0.1,0.0
217,3,-1,0.1,0.0
218,3,-1,0.1,0.0
219,3,-1,0.1,0.0
220,3,-1,0.1,0.0
221,3,-1,0.1,0.0
222,3,-1,0.1,0.0
223,3,-1,0.1,0.0
224,3,-1,0.1,0.0
225,3,-1,0.1,0.0
226,3,-1,0.1,0.0
227,3,-1,0.1,0.0
228,3,-1,0.1,0.0
229,3,-1,0.1,0.0
230,3,-1,0.1,0.0
231,3,-1,0.1,0.0
232,3,-1,0.1,0.0
233,3,-1,0.1,0.0
234,3,-1,0.1,0.0
235,3,-1,0.1,0.0
236,3,-1,0.1,0.0
237,3,-1,0.1,0.0
238,3,-1,0.1,0.0
239,3,-1,0.1,0.0
240,3,-1,0.1,0.0
241,3,-1,0.1,0.0
242,3,-1,0.1,0.0
243,3,-1,0.1,0.0
244,3,-1,0.1,0.0
245,3,-1,0.1,0.0
246,3,-1,0.1,0.0
247,3,-1,0.1,0.0
248,3,-1,0.1,0.0
249,3,-1,0.1,0.0
250,3,-1,0.1,0.0
251,3,-1,0.1,0.0
252,3,-1,0.1,0.0
253,3,-1,0.1,0.0
254,3,-1,0.1,0.0
255,3,-1,0.1,0.0
256,3,-1,0.1,0.0
257,3,-1,0.1,0.0
258,3,-1,0.1,0.0
259,3,-1,0.1,0.0
260,3,-1,0.1,0.0
261,3,-1,0.1,0.0
262,3,-1,0.1,0.0
263,3,-1,0.1,0.0
264,3,-1,0.1,0.0
265,3,-1,0.1,0.0
266,3,-1,0.1,0.0
267,3,-1,0.1,0.0
268,3,-1,0.1,0.0
269,3,-1,0.1,0.0
270,3,-1,0.1,0.0
271,3,-1,0.1,0.0
272,3,-1,0.1,0.0
273,3,-1,0.1,0.0
274,3,-1,0.1,0.0
275,3,-1,0.1,0.0
276,3,-1,0.1,0.0
277,3,-1,0.1,0.0
278,3,-1,0.1,0.0
279,3,-1,0.1,0.0
280,3,-1,0.1,0.0
281,3,-1,0.1,0.0
282,3,-1,0.1,0.0
283,3,-1,0.1,0.0
284,3,-1,0.1,0.0
285,3,-1,0.1,0.0
286,3,-1,0.1,0.0
287,3,-1,0.1,0.0
288,3,-1,0.1,0.0
289,3,-1,0.1,0.0
290,3,-1,0.1,0.0
291,3,-1,0.1,0.0
292,3,-1,0.1,0.0
293,3,-1,0.1,0.0
294,3,-1,0.1,0.0
295,3,-1,0.1,0.0
296,3,-1,0.1,0.0
297,3,-1,0.1,0.0
298,3,-1,0.1,0.0
299,3,-1,0.1,0.0
300,4,-1,0.1,0.0
301,4,-1,0.1,0.0
302,4,-1,0.1,0.0
303,4,-1,0.1,0.0
304,4,-1,0.1,0.0
305,4,-1,0.1,0.0
306,4,-1,0.1,0.0
307,4,-1,0.1,0.0
308,4,-1,0.1,0.0
309,4,-1,0.1,0.0
310,4,-1,0.1,0.0
311,4,-1,0.1,0.0
312,4,-1,0.1,0.0
313,4,-1,0.1,0.0
314,4,-1,0.1,0.0
315,4,-1,0.1,0.0
316,4,-1,0.1,0.0
317,4,-1,0.1,0.0
318,4,-1,0.1,0.0
319,4,-1,0.1,0.0
320,4,-1,0.1,0.0
321,4,-1,0.1,0.0
322,4,-1,0.1,0.0
323,4,-1,0.1,0.0
324,4,-1,0.1,0.0
325,4,-1,0.1,0.0
326,4,-1,0.1,0.0
327,4,-1,0.1,0.0
328,4,-1,0.1,0.0
329,4,-1,0.1,0.0
330,4,-1,0.1,0.0
331,4,-1,0.1,0.0
332,4,-1,0.1,0.0
333,4,-1,0.1,0.0
334,4,-1,0.1,0.0
335,4,-1,0.1,0.0
336,4,-1,0.1,0.0
337,4,-1,0.1,0.0
338,4,-1,0.1,0.0
339,4,-1,0.1,0.0
340,4,-1,0.1,0.0
341,4,-1,0.1,0.0
342,4,-1,0.1,0.0
343,4,-1,0.1,0.0
344,4,-1,0.1,0.0
345,4,-1,0.1,0.0
346,4,-1,0.1,0.0
347,4,-1,0.1,0.0
348,4,-1,0.1,0.0
349,4,-1,0.1,0.0
350,4,-1,0.1,0.0
351,4,-1,0.1,0.0
352,4,-1,0.1,0.0
353,4,-1,0.1,0.0
354,4,-1,0.1,0.0
355,4,-1,0.1,0.0
356,4,-1,0.1,0.0
357,4,-1,0.1,0.0
358,4,-1,0.1,0.0
359,4,-1,0.1,0.0
360,4,-1,0.1,0.0
361,4,-1,0.1,0.0
362,4,-1,0.1,0.0
363,4,-1,0.1,0.0
364,4,-1,0.1,0.0
365,4,-1,0.1,0.0
366,4,-1,0.1,0.0
367,4,-1,0.1,0.0
368,4,-1,0.1,0.0
369,4,-1,0.1,0.0
370,4,-1,0.1,0.0
371,4,-1,0.1,0.0
372,4,-1,0.1,0.0
373,4,-1,0.1,0.0
374,4,-1,0.1,0.0
375,4,-1,0.1,0.0
376,4,-1,0.1,0.0
377,4,-1,0.1,0.0
378,4,-1,0.1,0.0
379,4,-1,0.1,0.0
380,4,-1,0.1,0.0
381,4,-1,0.1,0.0
382,4,-1,0.1,0.0
383,4,-1,0.1,0.0
384,4,-1,0.1,0.0
385,4,-1,0.1,0.0
386,4,-1,0.1,0.0
387,4,-1,0.1,0.0
388,4,-1,0.1,0.0
389,4,-1,0.1,0.0
390,4,-1,0.1,0.0
391,4,-1,0.1,0.0
392,4,-1,0.1,0.0
393,4,-1,0.1,0.0
394,4,-1,0.1,0.0
395,4,-1,0.1,0.0
396,4,-1,0.1,0.0
397,4,-1,0.1,0.0
398,4,-1,0.1,0.0
399,4,-1,0.1,0.0
400,4,-1,0.1,0.0
401,4,-1,0.1,0.0
402,4,-1,0.1,0.0
403,4,-1,0.1,0.0
404,4,-1,0.1,0.0
405,4,-1,0.1,0.0
406,4,-1,0.1,0.0
407,4,-1,0.1,0.0
408,4,-1,0.1,0.0
409,4,-1,0.1,0.0
410,4,-1,0.1,0.0
411,4,-1,0.1,0.0
412,4,-1,0.1,0.0
413,4,-1,0.1,0.0
414,4,-1,0.1,0.0
415,4,-1,0.1,0.0
416,4,-1,0.1,0.0
417,4,-1,0.1,0.0
418,4,-1,0.1,0.0
419,4,-1,0.1,0.0
420,4,-1,0.1,0.0
421,4,-1,0.1,0.0
422,4,-1,0.1,0.0
423,4,-1,0.1,0.0
424,4,-1,0.1,0.0
425,4,-1,0.1,0.0
426,4,-1,0.1,0.0
427,4,-1,0.1,0.0
428,4,-1,0.1,0.0
429,4,-1,0.1,0.0
430,4,-1,0.1,0.0
431,4,-1,0.1,0.0
432,4,-1,0.1,0.0
433,4,-1,0.1,0.0
434,4,-1,0.1,0.0
435,4,-1,0.1,0.0
436,4,-1,0.1,0.0
437,4,-1,0.1,0.0
438,4,-1,0.1,0.0
439,4,-1,0.1,0.0
440,4,-1,0.1,0.0
441,4,-1,0.1,0.0
442,4,-1,0.1,0.0
443,4,-1,0.1,0.0
444,4,-1,0.1,0.0
445,4,-1,0.1,0.0
446,4,-1,0.1,0.0
447,4,-1,0.1,0.0
448,4,-1,0.1,0.0
449,4,-1,0.1,0.0
450,5,-1,0.1,0.0
451,5,-1,0.1,0.0
452,5,-1,0.1,0.0
453,5,-1,0.1,0.0
454,5,-1,0.1,0.0
455,5,-1,0.1,0.0
456,5,-1,0.1,0.0
457,5,-1,0.1,0.0
458,5,-1,0.1,0.0
459,5,-1,0.1,0.0
460,5,-1,0.1,0.0
461,5,-1,0.1,0.0
462,5,-1,0.1,0.0
463,5,-1,0.1,0.0
464,5,-1,0.1,0.0
465,5,-1,0.1,0.0
466,5,-1,0.1,0.0
467,5,-1,0.1,0.0
468,5,-1,0.1,0.0
469,5,-1,0.1,0.0
470,5,-1,0.1,0.0
471,5,-1,0.1,0.0
472,5,-1,0.1,0.0
473,5,-1,0.1,0.0
474,5,-1,0.1,0.0
475,5,-1,0.1,0.0
476,5,-1,0.1,0.0
477,5,-1,0.1,0.0
478,5,-1,0.1,0.0
479,5,-1,0.1,0.0
480,5,-1,0.1,0.0
481,5,-1,0.1,0.0
482,5,-1,0.1,0.0
483,5,-1,0.1,0.0
484,5,-1,0.1,0.0
485,5,-1,0.1,0.0
486,5,-1,0.1,0.0
487,5,-1,0.1,0.0
488,5,-1,0.1,0.0
489,5,-1,0.1,0.0
490,5,-1,0.1,0.0
491,5,-1,0.1,0.0
492,5,-1,0.1,0.0
493,5,-1,0.1,0.0
494,5,-1,0.1,0.0
495,5,-1,0.1,0.0
496,5,-1,0.1,0.0
497,5,-1,0.1,0.0
498,5,-1,0.1,0.0
499,5,-1,0.1,0.0
500,5,-1,0.1,0.0
501,5,-1,0.1,0.0
502,5,-1,0.1,0.0
503,5,-1,0.1,0.0
504,5,-1,0.1,0.0
505,5,-1,0.1,0.0
506,5,-1,0.1,0.0
507,5,-1,0.1,0.0
508,5,-1,0.1,0.0
509,5,-1,0.1,0.0
510,5,-1,0.1,0.0
511,5,-1,0.1,0.0
512,5,-1,0.1,0.0
513,5,-1,0.1,0.0
514,5,-1,0.1,0.0
515,5,-1,0.1,0.0
516,5,-1,0.1,0.0
517,5,-1,0.1,0.0
518,5,-1,0.1,0.0
519,5,-1,0.1,0.0
520,5,-1,0.1,0.0
521,5,-1,0.1,0.0
522,5,-1,0.1,0.0
523,5,-1,0.1,0.0
524,5,-1,0.1,0.0
525,5,-1,0.1,0.0
526,5,-1,0.1,0.0
527,5,-1,0.1,0.0
528,5,-1,0.1,0.0
529,5,-1,0.1,0.0
530,5,-1,0.1,0.0
531,5,-1,0.1,0.0
532,5,-1,0.1,0.0
533,5,-1,0.1,0.0
534,5,-1,0.1,0.0
535,5,-1,0.1,0.0
536,5,-1,0.1,0.0
537,5,-1,0.1,0.0
538,5,-1,0.1,0.0
539,5,-1,0.1,0.0
540,5,-1,0.1,0.0
541,5,-1,0.1,0.0
542,5,-1,0.1,0.0
543,5,-1,0.1,0.0
544,5,-1,0.1,0.0
545,5,-1,0.1,0.0
546,5,-1,0.1,0.0
547,5,-1,0.1,0.0
548,5,-1,0.1,0.0
549,5,-1,0.1,0.0
550,5,-1,0.1,0.0
551,5,-1,0.1,0.0
552,5,-1,0.1,0.0
553,5,-1,0.1,0.0
554,5,-1,0.1,0.0
555,5,-1,0.1,0.0
556,5,-1,0.1,0.0
557,5,-1,0.1,0.0
558,5,-1,0.1,0.0
559,5,-1,0.1,0.0
560,5,-1,0.1,0.0
561,5,-1,0.1,0.0
562,5,-1,0.1,0.0
563,5,-1,0.1,0.0
564,5,-1,0.1,0.0
565,5,-1,0.1,0.0
566,5,-1,0.1,0.0
567,5,-1,0.1,0.0
568,5,-1,0.1,0.0
569,5,-1,0.1,0.0
570,5,-1,0.1,0.0
571,5,-1,0.1,0.0
572,5,-1,0.1,0.0
573,5,-1,0.1,0.0
574,5,-1,0.1,0.0
575,5,-1,0.1,0.0
576,5,-1,0.1,0.0
577,5,-1,0.1,0.0
578,5,-1,0.1,0.0
579,5,-1,0.1,0.0
580,5,-1,0.1,0.0
581,5,-1,0.1,0.0
582,5,-1,0.1,0.0
583,5,-1,0.1,0.0
584,5,-1,0.1,0.0
585,5,-1,0.1,0.0
586,5,-1,0.1,0.0
587,5,-1,0.1,0.0
588,5,-1,0.1,0.0
589,5,-1,0.1,0.0
590,5,-1,0.1,0.0
591,5,-1,0.1,0.0
592,5,-1,0.1,0.0
593,5,-1,0.1,0.0
594,5,-1,0.1,0.0
595,5,-1,0.1,0.0
596,5,-1,0.1,0.0
597,5,-1,0.1,0.0
598,5,-1,0.1,0.0
599,5,-1,0.1,0.0
600,6,-1,0.1,0.0
601,6,-1,0.1,0.0
602,6,-1,0.1,0.0
603,6,-1,0.1,0.0
604,6,-1,0.1,0.0
605,6,-1,0.1,0.0
606,6,-1,0.1,0.0
607,6,-1,0.1,0.0
608,6,-1,0.1,0.0
609,6,-1,0.1,0.0
610,6,-1,0.1,0.0
611,6,-1,0.1,0.0
612,6,-1,0.1,0.0
613,6,-1,0.1,0.0
614,6,-1,0.1,0.0
615,6,-1,0.1,0.0
616,6,-1,0.1,0.0
617,6,-1,0.1,0.0
618,6,-1,0.1,0.0
619,6,-1,0.1,0.0
620,6,-1,0.1,0.0
621,6,-1,0.1,0.0
622,6,-1,0.1,0.0
623,6,-1,0.1,0.0
624,6,-1,0.1,0.0
625,6,-1,0.1,0.0
626,6,-1,0.1,0.0
627,6,-1,0.1,0.0
628,6,-1,0.1,0.0
629,6,-1,0.1,0.0
630,6,-1,0.1,0.0
631,6,-1,0.1,0.0
632,6,-1,0.1,0.0
633,6,-1,0.1,0.0
634,6,-1,0.1,0.0
635,6,-1,0.1,0.0
636,6,-1,0.1,0.0
637,6,-1,0.1,0.0
638,6,-1,0.1,0.0
639,6,-1,0.1,0.0
640,6,-1,0.1,0.0
641,6,-1,0.1,0.0
642,6,-1,0.1,0.0
643,6,-1,0.1,0.0
644,6,-1,0.1,0.0
645,6,-1,0.1,0.0
646,6,-1,0.1,0.0
647,6,-1,0.1,0.0
648,6,-1,0.1,0.0
649,6,-1,0.1,0.0
650,6,-1,0.1,0.0
651,6,-1,0.1,0.0
652,6,-1,0.1,0.0
653,6,-1,0.1,0.0
654,6,-1,0.1,0.0
655,6,-1,0.1,0.0
656,6,-1,0.1,0.0
657,6,-1,0.1,0.0
658,6,-1,0.1,0.0
659,6,-1,0.1,0.0
660,6,-1,0.1,0.0
661,6,-1,0.1,0.0
662,6,-1,0.1,0.0
663,6,-1,0.1,0.0
664,6,-1,0.1,0.0
665,6,-1,0.1,0.0
666,6,-1,0.1,0.0
667,6,-1,0.1,0.0
668,6,-1,0.1,0.0
669,6,-1,0.1,0.0
670,6,-1,0.1,0.0
671,6,-1,0.1,0.0
672,6,-1,0.1,0.0
673,6,-1,0.1,0.0
674,6,-1,0.1,0.0
675,6,-1,0.1,0.0
676,6,-1,0.1,0.0
677,6,-1,0.1,0.0
678,6,-1,0.1,0.0
679,6,-1,0.1,0.0
680,6,-1,0.1,0.0
681,6,-1,0.1,0.0
682,6,-1,0.1,0.0
683,6,-1,0.1,0.0
684,6,-1,0.1,0.0
685,6,-1,0.1,0.0
686,6,-1,0.1,0.0
687,6,-1,0.1,0.0
688,6,-1,0.1,0.0
689,6,-1,0.1,0.0
690,6,-1,0.1,0.0
691,6,-1,0.1,0.0
692,6,-1,0.1,0.0
693,6,-1,0.1,0.0
694,6,-1,0.1,0.0
695,6,-1,0.1,0.0
696,6,-1,0.1,0.0
697,6,-1,0.1,0.0
698,6,-1,0.1,0.0
699,6,-1,0.1,0.0
700,6,-1,0.1,0.0
701,6,-1,0.1,0.0
702,6,-1,0.1,0.0
703,6,-1,0.1,0.0
704,6,-1,0.1,0.0
705,6,-1,0.1,0.0
706,6,-1,0.1,0.0
707,6,-1,0.1,0.0
708,6,-1,0.1,0.0
709,6,-1,0.1,0.0
710,6,-1,0.1,0.0
711,6,-1,0.1,0.0
712,6,-1,0.1,0.0
713,6,-1,0.1,0.0
714,6,-1,0.1,0.0
715,6,-1,0.1,0.0
716,6,-1,0.1,0.0
717,6,-1,0.1,0.0
718,6,-1,0.1,0.0
719,6,-1,0.1,0.0
720,6,-1,0.1,0.0
721,6,-1,0.1,0.0
722,6,-1,0.1,0.0
723,6,-1,0.1,0.0
724,6,-1,0.1,0.0
725,6,-1,0.1,0.0
726,6,-1,0.1,0.0
727,6,-1,0.1,0.0
728,6,-1,0.1,0.0
729,6,-1,0.1,0.0
730,6,-1,0.1,0.0
731,6,-1,0.1,0.0
732,6,-1,0.1,0.0
733,6,-1,0.1,0.0
734,6,-1,0.1,0.0
735,6,-1,0.1,0.0
736,6,-1,0.1,0.0
737,6,-1,0.1,0.0
738,6,-1,0.1,0.0
739,6,-1,0.1,0.0
740,6,-1,0.1,0.0
741,6,-1,0.1,0.0
742,6,-1,0.1,0.0
743,6,-1,0.1,0.0
744,6,-1,0.1,0.0
745,6,-1,0.1,0.0
746,6,-1,0.1,0.0
747,6,-1,0.1,0.0
748,6,-1,0.1,0.0
749,6,-1,0.1,0.0
750,7,-1,0.1,0.0
751,7,-1,0.1,0.0
752,7,-1,0.1,0.0
753,7,-1,0.1,0.0
754,7,-1,0.1,0.0
755,7,-1,0.1,0.0
756,7,-1,0.1,0.0
757,7,-1,0.1,0.0
758,7,-1,0.1,0.0
759,7,-1,0.1,0.0
760,7,-1,0.1,0.0
761,7,-1,0.1,0.0
762,7,-1,0.1,0.0
763,7,-1,0.1,0.0
764,7,-1,0.1,0.0
765,7,-1,0.1,0.0
766,7,-1,0.1,0.0
767,7,-1,0.1,0.0
768,7,-1,0.1,0.0
769,7,-1,0.1,0.0
770,7,-1,0.1,0.0
771,7,-1,0.1,0.0
772,7,-1,0.1,0.0
773,7,-1,0.1,0.0
774,7,-1,0.1,0.0
775,7,-1,0.1,0.0
776,7,-1,0.1,0.0
777,7,-1,0.1,0.0
778,7,-1,0.1,0.0
779,7,-1,0.1,0.0
780,7,-1,0.1,0.0
781,7,-1,0.1,0.0
782,7,-1,0.1,0.0
783,7,-1,0.1,0.0
784,7,-1,0.1,0.0
785,7,-1,0.1,0.0
786,7,-1,0.1,0.0
787,7,-1,0.1,0.0
788,7,-1,0.1,0.0
789,7,-1,0.1,0.0
790,7,-1,0.1,0.0
791,7,-1,0.1,0.0
792,7,-1,0.1,0.0
793,7,-1,0.1,0.0
794,7,-1,0.1,0.0
795,7,-1,0.1,0.0
796,7,-1,0.1,0.0
797,7,-1,0.1,0.0
798,7,-1,0.1,0.0
799,7,-1,0.1,0.0
800,7,-1,0.1,0.0
801,7,-1,0.1,0.0
802,7,-1,0.1,0.0
803,7,-1,0.1,0.0
804,7,-1,0.1,0.0
805,7,-1,0.1,0.0
806,7,-1,0.1,0.0
807,7,-1,0.1,0.0
808,7,-1,0.1,0.0
809,7,-1,0.1,0.0
810,7,-1,0.1,0.0
811,7,-1,0.1,0.0
812,7,-1,0.1,0.0
813,7,-1,0.1,0.0
814,7,-1,0.1,0.0
815,7,-1,0.1,0.0
816,7,-1,0.1,0.0
817,7,-1,0.1,0.0
818,7,-1,0.1,0.0
819,7,-1,0.1,0.0
820,7,-1,0.1,0.0
821,7,-1,0.1,0.0
822,7,-1,0.1,0.0
823,7,-1,0.1,0.0
824,7,-1,0.1,0.0
825,7,-1,0.1,0.0
826,7,-1,0.1,0.0
827,7,-1,0.1,0.0
828,7,-1,0.1,0.0
829,7,-1,0.1,0.0
830,7,-1,0.1,0.0
831,7,-1,0.1,0.0
832,7,-1,0.1,0.0
833,7,-1,0.1,0.0
834,7,-1,0.1,0.0
835,7,-1,0.1,0.0
836,7,-1,0.1,0.0
837,7,-1,0.1,0.0
838,7,-1,0.1,0.0
839,7,-1,0.1,0.0
840,7,-1,0.1,0.0
841,7,-1,0.1,0.0
842,7,-1,0.1,0.0
843,7,-1,0.1,0.0
844,7,-1,0.1,0.0
845,7,-1,0.1,0.0
846,7,-1,0.1,0.0
847,7,-1,0.1,0.0
848,7,-1,0.1,0.0
849,7,-1,0.1,0.0
850,7,-1,0.1,0.0
851,7,-1,0.1,0.0
852,7,-1,0.1,0.0
853,7,-1,0.1,0.0
854,7,-1,0.1,0.0
855,7,-1,0.1,0.0
856,7,-1,0.1,0.0
857,7,-1,0.1,0.0
858,7,-1,0.1,0.0
859,7,-1,0.1,0.0
860,7,-1,0.1,0.0
861,7,-1,0.1,0.0
862,7,-1,0.1,0.0
863,7,-1,0.1,0.0
864,7,-1,0.1,0.0
865,7,-1,0.1,0.0
866,7,-1,0.1,0.0
867,7,-1,0.1,0.0
868,7,-1,0.1,0.0
869,7,-1,0.1,0.0
870,7,-1,0.1,0.0
871,7,-1,0.1,0.0
872,7,-1,0.1,0.0
873,7,-1,0.1,0.0
874,7,-1,0.1,0.0
875,7,-1,0.1,0.0
876,7,-1,0.1,0.0
877,7,-1,0.1,0.0
878,7,-1,0.1,0.0
879,7,-1,0.1,0.0
880,7,-1,0.1,0.0
881,7,-1,0.1,0.0
882,7,-1,0.1,0.0
883,7,-1,0.1,0.0
884,7,-1,0.1,0.0
885,7,-1,0.1,0.0
886,7,-1,0.1,0.0
887,7,-1,0.1,0.0
888,7,-1,0.1,0.0
889,7,-1,0.1,0.0
890,7,-1,0.1,0.0
891,7,-1,0.1,0.0
892,7,-1,0.1,0.0
893,7,-1,0.1,0.0
894,7,-1,0.1,0.0
895,7,-1,0.1,0.0
896,7,-1,0.1,0.0
897,7,-1,0.1,0.0
898,7,-1,0.1,0.0
899,7,-1,0.1,0.0
900,8,-1,0.1,0.0
901,8,-1,0.1,0.0
902,8,-1,0.1,0.0
903,8,-1,0.1,0.0
904,8,-1,0.1,0.0
905,8,-1,0.1,0.0
906,8,-1,0.1,0.0
907,8,-1,0.1,0.0
908,8,-1,0.1,0.0
909,8,-1,0.1,0.0
910,8,-1,0.1,0.0
911,8,-1,0.1,0.0
912,8,-1,0.1,0.0
913,8,-1,0.1,0.0
914,8,-1,0.1,0.0
915,8,-1,0.1,0.0
916,8,-1,0.1,0.0
917,8,-1,0.1,0.0
918,8,-1,0.1,0.0
919,8,-1,0.1,0.0
920,8,-1,0.1,0.0
921,8,-1,0.1,0.0
922,8,-1,0.1,0.0
923,8,-1,0.1,0.0
924,8,-1,0.1,0.0
925,8,-1,0.1,0.0
926,8,-1,0.1,0.0
927,8,-1,0.1,0.0
928,8,-1,0.1,0.0
929,8,-1,0.1,0.0
930,8,-1,0.1,0.0
931,8,-1,0.1,0.0
932,8,-1,0.1,0.0
933,8,-1,0.1,0.0
934,8,-1,0.1,0.0
935,8,-1,0.1,0.0
936,8,-1,0.1,0.0
937,8,-1,0.1,0.0
938,8,-1,0.1,0.0
939,8,-1,0.1,0.0
940,8,-1,0.1,0.0
941,8,-1,0.1,0.0
942,8,-1,0.1,0.0
943,8,-1,0.1,0.0
944,8,-1,0.1,0.0
945,8,-1,0.1,0.0
946,8,-1,0.1,0.0
947,8,-1,0.1,0.0
948,8,-1,0.1,0.0
949,8,-1,0.1,0.0
950,8,-1,0.1,0.0
951,8,-1,0.1,0.0
952,8,-1,0.1,0.0
953,8,-1,0.1,0.0
954,8,-1,0.1,0.0
955,8,-1,0.1,0.0
956,8,-1,0.1,0.0
957,8,-1,0.1,0.0
958,8,-1,0.1,0.0
959,8,-1,0.1,0.0
960,8,-1,0.1,0.0
961,8,-1,0.1,0.0
962,8,-1,0.1,0.0
963,8,-1,0.1,0.0
964,8,-1,0.1,0.0
965,8,-1,0.1,0.0
966,8,-1,0.1,0.0
967,8,-1,0.1,0.0
968,8,-1,0.1,0.0
969,8,-1,0.1,0.0
970,8,-1,0.1,0.0
971,8,-1,0.1,0.0
972,8,-1,0.1,0.0
973,8,-1,0.1,0.0
974,8,-1,0.1,0.0
975,8,-1,0.1,0.0
976,8,-1,0.1,0.0
977,8,-1,0.1,0.0
978,8,-1,0.1,0.0
979,8,-1,0.1,0.0
980,8,-1,0.1,0.0
981,8,-1,0.1,0.0
982,8,-1,0.1,0.0
983,8,-1,0.1,0.0
984,8,-1,0.1,0.0
985,8,-1,0.1,0.0
986,8,-1,0.1,0.0
987,8,-1,0.1,0.0
988,8,-1,0.1,0.0
989,8,-1,0.1,0.0
990,8,-1,0.1,0.0
991,8,-1,0.1,0.0
992,8,-1,0.1,0.0
993,8,-1,0.1,0.0
994,8,-1,0.1,0.0
995,8,-1,0.1,0.0
996,8,-1,0.1,0.0
997,8,-1,0.1,0.0
998,8,-1,0.1,0.0
999,8,-1,0.1,0.0
1000,8,-1,0.1,0.0
1001,8,-1,0.1,0.0
1002,8,-1,0.1,0.0
1003,8,-1,0.1,0.0
1004,8,-1,0.1,0.0
1005,8,-1,0.1,0.0
1006,8,-1,0.1,0.0
1007,8,-1,0.1,0.0
1008,8,-1,0.1,0.0
1009,8,-1,0.1,0.0
1010,8,-1,0.1,0.0
1011,8,-1,0.1,0.0
1012,8,-1,0.1,0.0
1013,8,-1,0.1,0.0
1014,8,-1,0.1,0.0
1015,8,-1,0.1,0.0
1016,8,-1,0.1,0.0
1017,8,-1,0.1,0.0
1018,8,-1,0.1,0.0
1019,8,-1,0.1,0.0
1020,8,-1,0.1,0.0
1021,8,-1,0.1,0.0
1022,8,-1,0.1,0.0
1023,8,-1,0.1,0.0
1024,8,-1,0.1,0.0
1025,8,-1,0.1,0.0
1026,8,-1,0.1,0.0
1027,8,-1,0.1,0.0
1028,8,-1,0.1,0.0
1029,8,-1,0.1,0.0
1030,8,-1,0.1,0.0
1031,8,-1,0.1,0.0
1032,8,-1,0.1,0.0
1033,8,-1,0.1,0.0
1034,8,-1,0.1,0.0
1035,8,-1,0.1,0.0
1036,8,-1,0.1,0.0
1037,8,-1,0.1,0.0
1038,8,-1,0.1,0.0
1039,8,-1,0.1,0.0
1040,8,-1,0.1,0.0
1041,8,-1,0.1,0.0
1042,8,-1,0.1,0.0
1043,8,-1,0.1,0.0
1044,8,-1,0.1,0.0
1045,8,-1,0.1,0.0
1046,8,-1,0.1,0.0
1047,8,-1,0.1,0.0
1048,8,-1,0.1,0.0
1049,8,-1,0.1,0.0
1050,9,-1,0.1,0.0
1051,9,-1,0.1,0.0
1052,9,-1,0.1,0.0
1053,9,-1,0.1,0.0
1054,9,-1,0.1,0.0
1055,9,-1,0.1,0.0
1056,9,-1,0.1,0.0
1057,9,-1,0.1,0.0
1058,9,-1,0.1,0.0
1059,9,-1,0.1,0.0
1060,9,-1,0.1,0.0
1061,9,-1,0.1,0.0
1062,9,-1,0.1,0.0
1063,9,-1,0.1,0.0
1064,9,-1,0.1,0.0
1065,9,-1,0.1,0.0
1066,9,-1,0.1,0.0
1067,9,-1,0.1,0.0
1068,9,-1,0.1,0.0
1069,9,-1,0.1,0.0
1070,9,-1,0.1,0.0
1071,9,-1,0.1,0.0
1072,9,-1,0.1,0.0
1073,9,-1,0.1,0.0
1074,9,-1,0.1,0.0
1075,9,-1,0.1,0.0
1076,9,-1,0.1,0.0
1077,9,-1,0.1,0.0
1078,9,-1,0.1,0.0
1079,9,-1,0.1,0.0
1080,9,-1,0.1,0.0
1081,9,-1,0.1,0.0
1082,9,-1,0.1,0.0
1083,9,-1,0.1,0.0
1084,9,-1,0.1,0.0
1085,9,-1,0.1,0.0
1086,9,-1,0.1,0.0
1087,9,-1,0.1,0.0
1088,9,-1,0.1,0.0
1089,9,-1,0.1,0.0
1090,9,-1,0.1,0.0
1091,9,-1,0.1,0.0
1092,9,-1,0.1,0.0
1093,9,-1,0.1,0.0
1094,9,-1,0.1,0.0
1095,9,-1,0.1,0.0
1096,9,-1,0.1,0.0
1097,9,-1,0.1,0.0
1098,9,-1,0.1,0.0
1099,9,-1,0.1,0.0
1100,9,-1,0.1,0.0
1101,9,-1,0.1,0.0
1102,9,-1,0.1,0.0
1103,9,-1,0.1,0.0
1104,9,-1,0.1,0.0
1105,9,-1,0.1,0.0
1106,9,-1,0.1,0.0
1107,9,-1,0.1,0.0
1108,9,-1,0.1,0.0
1109,9,-1,0.1,0.0
1110,9,-1,0.1,0.0
1111,9,-1,0.1,0.0
1112,9,-1,0.1,0.0
1113,9,-1,0.1,0.0
1114,9,-1,0.1,0.0
1115,9,-1,0.1,0.0
1116,9,-1,0.1,0.0
1117,9,-1,0.1,0.0
1118,9,-1,0.1,0.0
1119,9,-1,0.1,0.0
1120,9,-1,0.1,0.0
1121,9,-1,0.1,0.0
1122,9,-1,0.1,0.0
1123,9,-1,0.1,0.0
1124,9,-1,0.1,0.0
1125,9,-1,0.1,0.0
1126,9,-1,0.1,0.0
1127,9,-1,0.1,0.0
1128,9,-1,0.1,0.0
1129,9,-1,0.1,0.0
1130,9,-1,0.1,0.0
1131,9,-1,0.1,0.0
1132,9,-1,0.1,0.0
1133,9,-1,0.1,0.0
1134,9,-1,0.1,0.0
1135,9,-1,0.1,0.0
1136,9,-1,0.1,0.0
1137,9,-1,0.1,0.0
1138,9,-1,0.1,0.0
1139,9,-1,0.1,0.0
1140,9,-1,0.1,0.0
1141,9,-1,0.1,0.0
1142,9,-1,0.1,0.0
1143,9,-1,0.1,0.0
1144,9,-1,0.1,0.0
1145,9,-1,0.1,0.0
1146,9,-1,0.1,0.0
1147,9,-1,0.1,0.0
1148,9,-1,0.1,0.0
1149,9,-1,0.1,0.0
1150,9,-1,0.1,0.0
1151,9,-1,0.1,0.0
1152,9,-1,0.1,0.0
1153,9,-1,0.1,0.0
1154,9,-1,0.1,0.0
1155,9,-1,0.1,0.0
1156,9,-1,0.1,0.0
1157,9,-1,0.1,0.0
1158,9,-1,0.1,0.0
1159,9,-1,0.1,0.0
1160,9,-1,0.1,0.0
1161,9,-1,0.1,0.0
1162,9,-1,0.1,0.0
1163,9,-1,0.1,0.0
1164,9,-1,0.1,0.0
1165,9,-1,0.1,0.0
1166,9,-1,0.1,0.0
1167,9,-1,0.1,0.0
1168,9,-1,0.1,0.0
1169,9,-1,0.1,0.0
1170,9,-1,0.1,0.0
1171,9,-1,0.1,0.0
1172,9,-1,0.1,0.0
1173,9,-1,0.1,0.0
1174,9,-1,0.1,0.0
1175,9,-1,0.1,0.0
1176,9,-1,0.1,0.0
1177,9,-1,0.1,0.0
1178,9,-1,0.1,0.0
1179,9,-1,0.1,0.0
1180,9,-1,0.1,0.0
1181,9,-1,0.1,0.0
1182,9,-1,0.1,0.0
1183,9,-1,0.1,0.0
1184,9,-1,0.1,0.0
1185,9,-1,0.1,0.0
1186,9,-1,0.1,0.0
1187,9,-1,0.1,0.0
1188,9,-1,0.1,0.0
1189,9,-1,0.1,0.0
1190,9,-1,0.1,0.0
1191,9,-1,0.1,0.0
1192,9,-1,0.1,0.0
1193,9,-1,0.1,0.0
1194,9,-1,0.1,0.0
1195,9,-1,0.1,0.0
1196,9,-1,0.1,0.0
1197,9,-1,0.1,0.0
1198,9,-1,0.1,0.0
1199,9,-1,0.1,0.0
1200,2,-1,0.2,0.0
1201,2,-1,0.2,0.0
1202,2,-1,0.2,0.0
1203,2,-1,0.2,0.0
1204,2,-1,0.2,0.0
1205,2,-1,0.2,0.0
1206,2,-1,0.2,0.0
1207,2,-1,0.2,0.0
1208,2,-1,0.2,0.0
1209,2,-1,0.2,0.0
1210,2,-1,0.2,0.0
1211,2,-1,0.2,0.0
1212,2,-1,0.2,0.0
1213,2,-1,0.2,0.0
1214,2,-1,0.2,0.0
1215,2,-1,0.2,0.0
1216,2,-1,0.2,0.0
1217,2,-1,0.2,0.0
1218,2,-1,0.2,0.0
1219,2,-1,0.2,0.0
1220,2,-1,0.2,0.0
1221,2,-1,0.2,0.0
1222,2,-1,0.2,0.0
1223,2,-1,0.2,0.0
1224,2,-1,0.2,0.0
1225,2,-1,0.2,0.0
1226,2,-1,0.2,0.0
1227,2,-1,0.2,0.0
1228,2,-1,0.2,0.0
1229,2,-1,0.2,0.0
1230,2,-1,0.2,0.0
1231,2,-1,0.2,0.0
1232,2,-1,0.2,0.0
1233,2,-1,0.2,0.0
1234,2,-1,0.2,0.0
1235,2,-1,0.2,0.0
1236,2,-1,0.2,0.0
1237,2,-1,0.2,0.0
1238,2,-1,0.2,0.0
1239,2,-1,0.2,0.0
1240,2,-1,0.2,0.0
1241,2,-1,0.2,0.0
1242,2,-1,0.2,0.0
1243,2,-1,0.2,0.0
1244,2,-1,0.2,0.0
1245,2,-1,0.2,0.0
1246,2,-1,0.2,0.0
1247,2,-1,0.2,0.0
1248,2,-1,0.2,0.0
1249,2,-1,0.2,0.0
1250,2,-1,0.2,0.0
1251,2,-1,0.2,0.0
1252,2,-1,0.2,0.0
1253,2,-1,0.2,0.0
1254,2,-1,0.2,0.0
1255,2,-1,0.2,0.0
1256,2,-1,0.2,0.0
1257,2,-1,0.2,0.0
1258,2,-1,0.2,0.0
1259,2,-1,0.2,0.0
1260,2,-1,0.2,0.0
1261,2,-1,0.2,0.0
1262,2,-1,0.2,0.0
1263,2,-1,0.2,0.0
1264,2,-1,0.2,0.0
1265,2,-1,0.2,0.0
1266,2,-1,0.2,0.0
1267,2,-1,0.2,0.0
1268,2,-1,0.2,0.0
1269,2,-1,0.2,0.0
1270,2,-1,0.2,0.0
1271,2,-1,0.2,0.0
1272,2,-1,0.2,0.0
1273,2,-1,0.2,0.0
1274,2,-1,0.2,0.0
1275,2,-1,0.2,0.0
1276,2,-1,0.2,0.0
1277,2,-1,0.2,0.0
1278,2,-1,0.2,0.0
1279,2,-1,0.2,0.0
1280,2,-1,0.2,0.0
1281,2,-1,0.2,0.0
1282,2,-1,0.2,0.0
1283,2,-1,0.2,0.0
1284,2,-1,0.2,0.0
1285,2,-1,0.2,0.0
1286,2,-1,0.2,0.0
1287,2,-1,0.2,0.0
1288,2,-1,0.2,0.0
1289,2,-1,0.2,0.0
1290,2,-1,0.2,0.0
1291,2,-1,0.2,0.0
1292,2,-1,0.2,0.0
1293,2,-1,0.2,0.0
1294,2,-1,0.2,0.0
1295,2,-1,0.2,0.0
1296,2,-1,0.2,0.0
1297,2,-1,0.2,0.0
1298,2,-1,0.2,0.0
1299,2,-1,0.2,0.0
1300,2,-1,0.2,0.0
1301,2,-1,0.2,0.0
1302,2,-1,0.2,0.0
1303,2,-1,0.2,0.0
1304,2,-1,0.2,0.0
1305,2,-1,0.2,0.0
1306,2,-1,0.2,0.0
1307,2,-1,0.2,0.0
1308,2,-1,0.2,0.0
1309,2,-1,0.2,0.0
1310,2,-1,0.2,0.0
1311,2,-1,0.2,0.0
1312,2,-1,0.2,0.0
1313,2,-1,0.2,0.0
1314,2,-1,0.2,0.0
1315,2,-1,0.2,0.0
1316,2,-1,0.2,0.0
1317,2,-1,0.2,0.0
1318,2,-1,0.2,0.0
1319,2,-1,0.2,0.0
1320,2,-1,0.2,0.0
1321,2,-1,0.2,0.0
1322,2,-1,0.2,0.0
1323,2,-1,0.2,0.0
1324,2,-1,0.2,0.0
1325,2,-1,0.2,0.0
1326,2,-1,0.2,0.0
1327,2,-1,0.2,0.0
1328,2,-1,0.2,0.0
1329,2,-1,0.2,0.0
1330,2,-1,0.2,0.0
1331,2,-1,0.2,0.0
1332,2,-1,0.2,0.0
1333,2,-1,0.2,0.0
1334,2,-1,0.2,0.0
1335,2,-1,0.2,0.0
1336,2,-1,0.2,0.0
1337,2,-1,0.2,0.0
1338,2,-1,0.2,0.0
1339,2,-1,0.2,0.0
1340,2,-1,0.2,0.0
1341,2,-1,0.2,0.0
1342,2,-1,0.2,0.0
1343,2,-1,0.2,0.0
1344,2,-1,0.2,0.0
1345,2,-1,0.2,0.0
1346,2,-1,0.2,0.0
1347,2,-1,0.2,0.0
1348,2,-1,0.2,0.0
1349,2,-1,0.2,0.0
1350,3,-1,0.2,0.0
1351,3,-1,0.2,0.0
1352,3,-1,0.2,0.0
1353,3,-1,0.2,0.0
1354,3,-1,0.2,0.0
1355,3,-1,0.2,0.0
1356,3,-1,0.2,0.0
1357,3,-1,0.2,0.0
1358,3,-1,0.2,0.0
1359,3,-1,0.2,0.0
1360,3,-1,0.2,0.0
1361,3,-1,0.2,0.0
1362,3,-1,0.2,0.0
1363,3,-1,0.2,0.0
1364,3,-1,0.2,0.0
1365,3,-1,0.2,0.0
1366,3,-1,0.2,0.0
1367,3,-1,0.2,0.0
1368,3,-1,0.2,0.0
1369,3,-1,0.2,0.0
1370,3,-1,0.2,0.0
1371,3,-1,0.2,0.0
1372,3,-1,0.2,0.0
1373,3,-1,0.2,0.0
1374,3,-1,0.2,0.0
1375,3,-1,0.2,0.0
1376,3,-1,0.2,0.0
1377,3,-1,0.2,0.0
1378,3,-1,0.2,0.0
1379,3,-1,0.2,0.0
1380,3,-1,0.2,0.0
1381,3,-1,0.2,0.0
1382,3,-1,0.2,0.0
1383,3,-1,0.2,0.0
1384,3,-1,0.2,0.0
1385,3,-1,0.2,0.0
1386,3,-1,0.2,0.0
1387,3,-1,0.2,0.0
1388,3,-1,0.2,0.0
1389,3,-1,0.2,0.0
1390,3,-1,0.2,0.0
1391,3,-1,0.2,0.0
1392,3,-1,0.2,0.0
1393,3,-1,0.2,0.0
1394,3,-1,0.2,0.0
1395,3,-1,0.2,0.0
1396,3,-1,0.2,0.0
1397,3,-1,0.2,0.0
1398,3,-1,0.2,0.0
1399,3,-1,0.2,0.0
1400,3,-1,0.2,0.0
1401,3,-1,0.2,0.0
1402,3,-1,0.2,0.0
1403,3,-1,0.2,0.0
1404,3,-1,0.2,0.0
1405,3,-1,0.2,0.0
1406,3,-1,0.2,0.0
1407,3,-1,0.2,0.0
1408,3,-1,0.2,0.0
1409,3,-1,0.2,0.0
1410,3,-1,0.2,0.0
1411,3,-1,0.2,0.0
1412,3,-1,0.2,0.0
1413,3,-1,0.2,0.0
1414,3,-1,0.2,0.0
1415,3,-1,0.2,0.0
1416,3,-1,0.2,0.0
1417,3,-1,0.2,0.0
1418,3,-1,0.2,0.0
1419,3,-1,0.2,0.0
1420,3,-1,0.2,0.0
1421,3,-1,0.2,0.0
1422,3,-1,0.2,0.0
1423,3,-1,0.2,0.0
1424,3,-1,0.2,0.0
1425,3,-1,0.2,0.0
1426,3,-1,0.2,0.0
1427,3,-1,0.2,0.0
1428,3,-1,0.2,0.0
1429,3,-1,0.2,0.0
1430,3,-1,0.2,0.0
1431,3,-1,0.2,0.0
1432,3,-1,0.2,0.0
1433,3,-1,0.2,0.0
1434,3,-1,0.2,0.0
1435,3,-1,0.2,0.0
1436,3,-1,0.2,0.0
1437,3,-1,0.2,0.0
1438,3,-1,0.2,0.0
1439,3,-1,0.2,0.0
1440,3,-1,0.2,0.0
1441,3,-1,0.2,0.0
1442,3,-1,0.2,0.0
1443,3,-1,0.2,0.0
1444,3,-1,0.2,0.0
1445,3,-1,0.2,0.0
1446,3,-1,0.2,0.0
1447,3,-1,0.2,0.0
1448,3,-1,0.2,0.0
1449,3,-1,0.2,0.0
1450,3,-1,0.2,0.0
1451,3,-1,0.2,0.0
1452,3,-1,0.2,0.0
1453,3,-1,0.2,0.0
1454,3,-1,0.2,0.0
1455,3,-1,0.2,0.0
1456,3,-1,0.2,0.0
1457,3,-1,0.2,0.0
1458,3,-1,0.2,0.0
1459,3,-1,0.2,0.0
1460,3,-1,0.2,0.0
1461,3,-1,0.2,0.0
1462,3,-1,0.2,0.0
1463,3,-1,0.2,0.0
1464,3,-1,0.2,0.0
1465,3,-1,0.2,0.0
1466,3,-1,0.2,0.0
1467,3,-1,0.2,0.0
1468,3,-1,0.2,0.0
1469,3,-1,0.2,0.0
1470,3,-1,0.2,0.0
1471,3,-1,0.2,0.0
1472,3,-1,0.2,0.0
1473,3,-1,0.2,0.0
1474,3,-1,0.2,0.0
1475,3,-1,0.2,0.0
1476,3,-1,0.2,0.0
1477,3,-1,0.2,0.0
1478,3,-1,0.2,0.0
1479,3,-1,0.2,0.0
1480,3,-1,0.2,0.0
1481,3,-1,0.2,0.0
1482,3,-1,0.2,0.0
1483,3,-1,0.2,0.0
1484,3,-1,0.2,0.0
1485,3,-1,0.2,0.0
1486,3,-1,0.2,0.0
1487,3,-1,0.2,0.0
1488,3,-1,0.2,0.0
1489,3,-1,0.2,0.0
1490,3,-1,0.2,0.0
1491,3,-1,0.2,0.0
1492,3,-1,0.2,0.0
1493,3,-1,0.2,0.0
1494,3,-1,0.2,0.0
1495,3,-1,0.2,0.0
1496,3,-1,0.2,0.0
1497,3,-1,0.2,0.0
1498,3,-1,0.2,0.0
1499,3,-1,0.2,0.0
1500,4,-1,0.2,0.0
1501,4,-1,0.2,0.0
1502,4,-1,0.2,0.0
1503,4,-1,0.2,0.0
1504,4,-1,0.2,0.0
1505,4,-1,0.2,0.0
1506,4,-1,0.2,0.0
1507,4,-1,0.2,0.0
1508,4,-1,0.2,0.0
1509,4,-1,0.2,0.0
1510,4,-1,0.2,0.0
1511,4,-1,0.2,0.0
1512,4,-1,0.2,0.0
1513,4,-1,0.2,0.0
1514,4,-1,0.2,0.0
1515,4,-1,0.2,0.0
1516,4,-1,0.2,0.0
1517,4,-1,0.2,0.0
1518,4,-1,0.2,0.0
1519,4,-1,0.2,0.0
1520,4,-1,0.2,0.0
1521,4,-1,0.2,0.0
1522,4,-1,0.2,0.0
1523,4,-1,0.2,0.0
1524,4,-1,0.2,0.0
1525,4,-1,0.2,0.0
1526,4,-1,0.2,0.0
1527,4,-1,0.2,0.0
1528,4,-1,0.2,0.0
1529,4,-1,0.2,0.0
1530,4,-1,0.2,0.0
1531,4,-1,0.2,0.0
1532,4,-1,0.2,0.0
1533,4,-1,0.2,0.0
1534,4,-1,0.2,0.0
1535,4,-1,0.2,0.0
1536,4,-1,0.2,0.0
1537,4,-1,0.2,0.0
1538,4,-1,0.2,0.0
1539,4,-1,0.2,0.0
1540,4,-1,0.2,0.0
1541,4,-1,0.2,0.0
1542,4,-1,0.2,0.0
1543,4,-1,0.2,0.0
1544,4,-1,0.2,0.0
1545,4,-1,0.2,0.0
1546,4,-1,0.2,0.0
1547,4,-1,0.2,0.0
1548,4,-1,0.2,0.0
1549,4,-1,0.2,0.0
1550,4,-1,0.2,0.0
1551,4,-1,0.2,0.0
1552,4,-1,0.2,0.0
1553,4,-1,0.2,0.0
1554,4,-1,0.2,0.0
1555,4,-1,0.2,0.0
1556,4,-1,0.2,0.0
1557,4,-1,0.2,0.0
1558,4,-1,0.2,0.0
1559,4,-1,0.2,0.0
1560,4,-1,0.2,0.0
1561,4,-1,0.2,0.0
1562,4,-1,0.2,0.0
1563,4,-1,0.2,0.0
1564,4,-1,0.2,0.0
1565,4,-1,0.2,0.0
1566,4,-1,0.2,0.0
1567,4,-1,0.2,0.0
1568,4,-1,0.2,0.0
1569,4,-1,0.2,0.0
1570,4,-1,0.2,0.0
1571,4,-1,0.2,0.0
1572,4,-1,0.2,0.0
1573,4,-1,0.2,0.0
1574,4,-1,0.2,0.0
1575,4,-1,0.2,0.0
1576,4,-1,0.2,0.0
1577,4,-1,0.2,0.0
1578,4,-1,0.2,0.0
1579,4,-1,0.2,0.0
1580,4,-1,0.2,0.0
1581,4,-1,0.2,0.0
1582,4,-1,0.2,0.0
1583,4,-1,0.2,0.0
1584,4,-1,0.2,0.0
1585,4,-1,0.2,0.0
1586,4,-1,0.2,0.0
1587,4,-1,0.2,0.0
1588,4,-1,0.2,0.0
1589,4,-1,0.2,0.0
1590,4,-1,0.2,0.0
1591,4,-1,0.2,0.0
1592,4,-1,0.2,0.0
1593,4,-1,0.2,0.0
1594,4,-1,0.2,0.0
1595,4,-1,0.2,0.0
1596,4,-1,0.2,0.0
1597,4,-1,0.2,0.0
1598,4,-1,0.2,0.0
1599,4,-1,0.2,0.0
1600,4,-1,0.2,0.0
1601,4,-1,0.2,0.0
1602,4,-1,0.2,0.0
1603,4,-1,0.2,0.0
1604,4,-1,0.2,0.0
1605,4,-1,0.2,0.0
1606,4,-1,0.2,0.0
1607,4,-1,0.2,0.0
1608,4,-1,0.2,0.0
1609,4,-1,0.2,0.0
1610,4,-1,0.2,0.0
1611,4,-1,0.2,0.0
1612,4,-1,0.2,0.0
1613,4,-1,0.2,0.0
1614,4,-1,0.2,0.0
1615,4,-1,0.2,0.0
1616,4,-1,0.2,0.0
1617,4,-1,0.2,0.0
1618,4,-1,0.2,0.0
1619,4,-1,0.2,0.0
1620,4,-1,0.2,0.0
1621,4,-1,0.2,0.0
1622,4,-1,0.2,0.0
1623,4,-1,0.2,0.0
1624,4,-1,0.2,0.0
1625,4,-1,0.2,0.0
1626,4,-1,0.2,0.0
1627,4,-1,0.2,0.0
1628,4,-1,0.2,0.0
1629,4,-1,0.2,0.0
1630,4,-1,0.2,0.0
1631,4,-1,0.2,0.0
1632,4,-1,0.2,0.0
1633,4,-1,0.2,0.0
1634,4,-1,0.2,0.0
1635,4,-1,0.2,0.0
1636,4,-1,0.2,0.0
1637,4,-1,0.2,0.0
1638,4,-1,0.2,0.0
1639,4,-1,0.2,0.0
1640,4,-1,0.2,0.0
1641,4,-1,0.2,0.0
1642,4,-1,0.2,0.0
1643,4,-1,0.2,0.0
1644,4,-1,0.2,0.0
1645,4,-1,0.2,0.0
1646,4,-1,0.2,0.0
1647,4,-1,0.2,0.0
1648,4,-1,0.2,0.0
1649,4,-1,0.2,0.0
1650,5,-1,0.2,0.0
1651,5,-1,0.2,0.0
1652,5,-1,0.2,0.0
1653,5,-1,0.2,0.0
1654,5,-1,0.2,0.0
1655,5,-1,0.2,0.0
1656,5,-1,0.2,0.0
1657,5,-1,0.2,0.0
1658,5,-1,0.2,0.0
1659,5,-1,0.2,0.0
1660,5,-1,0.2,0.0
1661,5,-1,0.2,0.0
1662,5,-1,0.2,0.0
1663,5,-1,0.2,0.0
1664,5,-1,0.2,0.0
1665,5,-1,0.2,0.0
1666,5,-1,0.2,0.0
1667,5,-1,0.2,0.0
1668,5,-1,0.2,0.0
1669,5,-1,0.2,0.0
1670,5,-1,0.2,0.0
1671,5,-1,0.2,0.0
1672,5,-1,0.2,0.0
1673,5,-1,0.2,0.0
1674,5,-1,0.2,0.0
1675,5,-1,0.2,0.0
1676,5,-1,0.2,0.0
1677,5,-1,0.2,0.0
1678,5,-1,0.2,0.0
1679,5,-1,0.2,0.0
1680,5,-1,0.2,0.0
1681,5,-1,0.2,0.0
1682,5,-1,0.2,0.0
1683,5,-1,0.2,0.0
1684,5,-1,0.2,0.0
1685,5,-1,0.2,0.0
1686,5,-1,0.2,0.0
1687,5,-1,0.2,0.0
1688,5,-1,0.2,0.0
1689,5,-1,0.2,0.0
1690,5,-1,0.2,0.0
1691,5,-1,0.2,0.0
1692,5,-1,0.2,0.0
1693,5,-1,0.2,0.0
1694,5,-1,0.2,0.0
1695,5,-1,0.2,0.0
1696,5,-1,0.2,0.0
1697,5,-1,0.2,0.0
1698,5,-1,0.2,0.0
1699,5,-1,0.2,0.0
1700,5,-1,0.2,0.0
1701,5,-1,0.2,0.0
1702,5,-1,0.2,0.0
1703,5,-1,0.2,0.0
1704,5,-1,0.2,0.0
1705,5,-1,0.2,0.0
1706,5,-1,0.2,0.0
1707,5,-1,0.2,0.0
1708,5,-1,0.2,0.0
1709,5,-1,0.2,0.0
1710,5,-1,0.2,0.0
1711,5,-1,0.2,0.0
1712,5,-1,0.2,0.0
1713,5,-1,0.2,0.0
1714,5,-1,0.2,0.0
1715,5,-1,0.2,0.0
1716,5,-1,0.2,0.0
1717,5,-1,0.2,0.0
1718,5,-1,0.2,0.0
1719,5,-1,0.2,0.0
1720,5,-1,0.2,0.0
1721,5,-1,0.2,0.0
1722,5,-1,0.2,0.0
1723,5,-1,0.2,0.0
1724,5,-1,0.2,0.0
1725,5,-1,0.2,0.0
1726,5,-1,0.2,0.0
1727,5,-1,0.2,0.0
1728,5,-1,0.2,0.0
1729,5,-1,0.2,0.0
1730,5,-1,0.2,0.0
1731,5,-1,0.2,0.0
1732,5,-1,0.2,0.0
1733,5,-1,0.2,0.0
1734,5,-1,0.2,0.0
1735,5,-1,0.2,0.0
1736,5,-1,0.2,0.0
1737,5,-1,0.2,0.0
1738,5,-1,0.2,0.0
1739,5,-1,0.2,0.0
1740,5,-1,0.2,0.0
1741,5,-1,0.2,0.0
1742,5,-1,0.2,0.0
1743,5,-1,0.2,0.0
1744,5,-1,0.2,0.0
1745,5,-1,0.2,0.0
1746,5,-1,0.2,0.0
1747,5,-1,0.2,0.0
1748,5,-1,0.2,0.0
1749,5,-1,0.2,0.0
1750,5,-1,0.2,0.0
1751,5,-1,0.2,0.0
1752,5,-1,0.2,0.0
1753,5,-1,0.2,0.0
1754,5,-1,0.2,0.0
1755,5,-1,0.2,0.0
1756,5,-1,0.2,0.0
1757,5,-1,0.2,0.0
1758,5,-1,0.2,0.0
1759,5,-1,0.2,0.0
1760,5,-1,0.2,0.0
1761,5,-1,0.2,0.0
1762,5,-1,0.2,0.0
1763,5,-1,0.2,0.0
1764,5,-1,0.2,0.0
1765,5,-1,0.2,0.0
1766,5,-1,0.2,0.0
1767,5,-1,0.2,0.0
1768,5,-1,0.2,0.0
1769,5,-1,0.2,0.0
1770,5,-1,0.2,0.0
1771,5,-1,0.2,0.0
1772,5,-1,0.2,0.0
1773,5,-1,0.2,0.0
1774,5,-1,0.2,0.0
1775,5,-1,0.2,0.0
1776,5,-1,0.2,0.0
1777,5,-1,0.2,0.0
1778,5,-1,0.2,0.0
1779,5,-1,0.2,0.0
1780,5,-1,0.2,0.0
1781,5,-1,0.2,0.0
1782,5,-1,0.2,0.0
1783,5,-1,0.2,0.0
1784,5,-1,0.2,0.0
1785,5,-1,0.2,0.0
1786,5,-1,0.2,0.0
1787,5,-1,0.2,0.0
1788,5,-1,0.2,0.0
1789,5,-1,0.2,0.0
1790,5,-1,0.2,0.0
1791,5,-1,0.2,0.0
1792,5,-1,0.2,0.0
1793,5,-1,0.2,0.0
1794,5,-1,0.2,0.0
1795,5,-1,0.2,0.0
1796,5,-1,0.2,0.0
1797,5,-1,0.2,0.0
1798,5,-1,0.2,0.0
1799,5,-1,0.2,0.0
1800,6,-1,0.2,0.0
1801,6,-1,0.2,0.0
1802,6,-1,0.2,0.0
1803,6,-1,0.2,0.0
1804,6,-1,0.2,0.0
1805,6,-1,0.2,0.0
1806,6,-1,0.2,0.0
1807,6,-1,0.2,0.0
1808,6,-1,0.2,0.0
1809,6,-1,0.2,0.0
1810,6,-1,0.2,0.0
1811,6,-1,0.2,0.0
1812,6,-1,0.2,0.0
1813,6,-1,0.2,0.0
1814,6,-1,0.2,0.0
1815,6,-1,0.2,0.0
1816,6,-1,0.2,0.0
1817,6,-1,0.2,0.0
1818,6,-1,0.2,0.0
1819,6,-1,0.2,0.0
1820,6,-1,0.2,0.0
1821,6,-1,0.2,0.0
1822,6,-1,0.2,0.0
1823,6,-1,0.2,0.0
1824,6,-1,0.2,0.0
1825,6,-1,0.2,0.0
1826,6,-1,0.2,0.0
1827,6,-1,0.2,0.0
1828,6,-1,0.2,0.0
1829,6,-1,0.2,0.0
1830,6,-1,0.2,0.0
1831,6,-1,0.2,0.0
1832,6,-1,0.2,0.0
1833,6,-1,0.2,0.0
1834,6,-1,0.2,0.0
1835,6,-1,0.2,0.0
1836,6,-1,0.2,0.0
1837,6,-1,0.2,0.0
1838,6,-1,0.2,0.0
1839,6,-1,0.2,0.0
1840,6,-1,0.2,0.0
1841,6,-1,0.2,0.0
1842,6,-1,0.2,0.0
1843,6,-1,0.2,0.0
1844,6,-1,0.2,0.0
1845,6,-1,0.2,0.0
1846,6,-1,0.2,0.0
1847,6,-1,0.2,0.0
1848,6,-1,0.2,0.0
1849,6,-1,0.2,0.0
1850,6,-1,0.2,0.0
1851,6,-1,0.2,0.0
1852,6,-1,0.2,0.0
1853,6,-1,0.2,0.0
1854,6,-1,0.2,0.0
1855,6,-1,0.2,0.0
1856,6,-1,0.2,0.0
1857,6,-1,0.2,0.0
1858,6,-1,0.2,0.0
1859,6,-1,0.2,0.0
1860,6,-1,0.2,0.0
1861,6,-1,0.2,0.0
1862,6,-1,0.2,0.0
1863,6,-1,0.2,0.0
1864,6,-1,0.2,0.0
1865,6,-1,0.2,0.0
1866,6,-1,0.2,0.0
1867,6,-1,0.2,0.0
1868,6,-1,0.2,0.0
1869,6,-1,0.2,0.0
1870,6,-1,0.2,0.0
1871,6,-1,0.2,0.0
1872,6,-1,0.2,0.0
1873,6,-1,0.2,0.0
1874,6,-1,0.2,0.0
1875,6,-1,0.2,0.0
1876,6,-1,0.2,0.0
1877,6,-1,0.2,0.0
1878,6,-1,0.2,0.0
1879,6,-1,0.2,0.0
1880,6,-1,0.2,0.0
1881,6,-1,0.2,0.0
1882,6,-1,0.2,0.0
1883,6,-1,0.2,0.0
1884,6,-1,0.2,0.0
1885,6,-1,0.2,0.0
1886,6,-1,0.2,0.0
1887,6,-1,0.2,0.0
1888,6,-1,0.2,0.0
1889,6,-1,0.2,0.0
1890,6,-1,0.2,0.0
1891,6,-1,0.2,0.0
1892,6,-1,0.2,0.0
1893,6,-1,0.2,0.0
1894,6,-1,0.2,0.0
1895,6,-1,0.2,0.0
1896,6,-1,0.2,0.0
1897,6,-1,0.2,0.0
1898,6,-1,0.2,0.0
1899,6,-1,0.2,0.0
1900,6,-1,0.2,0.0
1901,6,-1,0.2,0.0
1902,6,-1,0.2,0.0
1903,6,-1,0.2,0.0
1904,6,-1,0.2,0.0
1905,6,-1,0.2,0.0
1906,6,-1,0.2,0.0
1907,6,-1,0.2,0.0
1908,6,-1,0.2,0.0
1909,6,-1,0.2,0.0
1910,6,-1,0.2,0.0
1911,6,-1,0.2,0.0
1912,6,-1,0.2,0.0
1913,6,-1,0.2,0.0
1914,6,-1,0.2,0.0
1915,6,-1,0.2,0.0
1916,6,-1,0.2,0.0
1917,6,-1,0.2,0.0
1918,6,-1,0.2,0.0
1919,6,-1,0.2,0.0
1920,6,-1,0.2,0.0
1921,6,-1,0.2,0.0
1922,6,-1,0.2,0.0
1923,6,-1,0.2,0.0
1924,6,-1,0.2,0.0
1925,6,-1,0.2,0.0
1926,6,-1,0.2,0.0
1927,6,-1,0.2,0.0
1928,6,-1,0.2,0.0
1929,6,-1,0.2,0.0
1930,6,-1,0.2,0.0
1931,6,-1,0.2,0.0
1932,6,-1,0.2,0.0
1933,6,-1,0.2,0.0
1934,6,-1,0.2,0.0
1935,6,-1,0.2,0.0
1936,6,-1,0.2,0.0
1937,6,-1,0.2,0.0
1938,6,-1,0.2,0.0
1939,6,-1,0.2,0.0
1940,6,-1,0.2,0.0
1941,6,-1,0.2,0.0
1942,6,-1,0.2,0.0
1943,6,-1,0.2,0.0
1944,6,-1,0.2,0.0
1945,6,-1,0.2,0.0
1946,6,-1,0.2,0.0
1947,6,-1,0.2,0.0
1948,6,-1,0.2,0.0
1949,6,-1,0.2,0.0
1950,7,-1,0.2,0.0
1951,7,-1,0.2,0.0
1952,7,-1,0.2,0.0
1953,7,-1,0.2,0.0
1954,7,-1,0.2,0.0
1955,7,-1,0.2,0.0
1956,7,-1,0.2,0.0
1957,7,-1,0.2,0.0
1958,7,-1,0.2,0.0
1959,7,-1,0.2,0.0
1960,7,-1,0.2,0.0
1961,7,-1,0.2,0.0
1962,7,-1,0.2,0.0
1963,7,-1,0.2,0.0
1964,7,-1,0.2,0.0
1965,7,-1,0.2,0.0
1966,7,-1,0.2,0.0
1967,7,-1,0.2,0.0
1968,7,-1,0.2,0.0
1969,7,-1,0.2,0.0
1970,7,-1,0.2,0.0
1971,7,-1,0.2,0.0
1972,7,-1,0.2,0.0
1973,7,-1,0.2,0.0
1974,7,-1,0.2,0.0
1975,7,-1,0.2,0.0
1976,7,-1,0.2,0.0
1977,7,-1,0.2,0.0
1978,7,-1,0.2,0.0
1979,7,-1,0.2,0.0
1980,7,-1,0.2,0.0
1981,7,-1,0.2,0.0
1982,7,-1,0.2,0.0
1983,7,-1,0.2,0.0
1984,7,-1,0.2,0.0
1985,7,-1,0.2,0.0
1986,7,-1,0.2,0.0
1987,7,-1,0.2,0.0
1988,7,-1,0.2,0.0
1989,7,-1,0.2,0.0
1990,7,-1,0.2,0.0
1991,7,-1,0.2,0.0
1992,7,-1,0.2,0.0
1993,7,-1,0.2,0.0
1994,7,-1,0.2,0.0
1995,7,-1,0.2,0.0
1996,7,-1,0.2,0.0
1997,7,-1,0.2,0.0
1998,7,-1,0.2,0.0
1999,7,-1,0.2,0.0
2000,7,-1,0.2,0.0
2001,7,-1,0.2,0.0
2002,7,-1,0.2,0.0
2003,7,-1,0.2,0.0
2004,7,-1,0.2,0.0
2005,7,-1,0.2,0.0
2006,7,-1,0.2,0.0
2007,7,-1,0.2,0.0
2008,7,-1,0.2,0.0
2009,7,-1,0.2,0.0
2010,7,-1,0.2,0.0
2011,7,-1,0.2,0.0
2012,7,-1,0.2,0.0
2013,7,-1,0.2,0.0
2014,7,-1,0.2,0.0
2015,7,-1,0.2,0.0
2016,7,-1,0.2,0.0
2017,7,-1,0.2,0.0
2018,7,-1,0.2,0.0
2019,7,-1,0.2,0.0
2020,7,-1,0.2,0.0
2021,7,-1,0.2,0.0
2022,7,-1,0.2,0.0
2023,7,-1,0.2,0.0
2024,7,-1,0.2,0.0
2025,7,-1,0.2,0.0
2026,7,-1,0.2,0.0
2027,7,-1,0.2,0.0
2028,7,-1,0.2,0.0
2029,7,-1,0.2,0.0
2030,7,-1,0.2,0.0
2031,7,-1,0.2,0.0
2032,7,-1,0.2,0.0
2033,7,-1,0.2,0.0
2034,7,-1,0.2,0.0
2035,7,-1,0.2,0.0
2036,7,-1,0.2,0.0
2037,7,-1,0.2,0.0
2038,7,-1,0.2,0.0
2039,7,-1,0.2,0.0
2040,7,-1,0.2,0.0
2041,7,-1,0.2,0.0
2042,7,-1,0.2,0.0
2043,7,-1,0.2,0.0
2044,7,-1,0.2,0.0
2045,7,-1,0.2,0.0
2046,7,-1,0.2,0.0
2047,7,-1,0.2,0.0
2048,7,-1,0.2,0.0
2049,7,-1,0.2,0.0
2050,7,-1,0.2,0.0
2051,7,-1,0.2,0.0
2052,7,-1,0.2,0.0
2053,7,-1,0.2,0.0
2054,7,-1,0.2,0.0
2055,7,-1,0.2,0.0
2056,7,-1,0.2,0.0
2057,7,-1,0.2,0.0
2058,7,-1,0.2,0.0
2059,7,-1,0.2,0.0
2060,7,-1,0.2,0.0
2061,7,-1,0.2,0.0
2062,7,-1,0.2,0.0
2063,7,-1,0.2,0.0
2064,7,-1,0.2,0.0
2065,7,-1,0.2,0.0
2066,7,-1,0.2,0.0
2067,7,-1,0.2,0.0
2068,7,-1,0.2,0.0
2069,7,-1,0.2,0.0
2070,7,-1,0.2,0.0
2071,7,-1,0.2,0.0
2072,7,-1,0.2,0.0
2073,7,-1,0.2,0.0
2074,7,-1,0.2,0.0
2075,7,-1,0.2,0.0
2076,7,-1,0.2,0.0
2077,7,-1,0.2,0.0
2078,7,-1,0.2,0.0
2079,7,-1,0.2,0.0
2080,7,-1,0.2,0.0
2081,7,-1,0.2,0.0
2082,7,-1,0.2,0.0
2083,7,-1,0.2,0.0
2084,7,-1,0.2,0.0
2085,7,-1,0.2,0.0
2086,7,-1,0.2,0.0
2087,7,-1,0.2,0.0
2088,7,-1,0.2,0.0
2089,7,-1,0.2,0.0
2090,7,-1,0.2,0.0
2091,7,-1,0.2,0.0
2092,7,-1,0.2,0.0
2093,7,-1,0.2,0.0
2094,7,-1,0.2,0.0
2095,7,-1,0.2,0.0
2096,7,-1,0.2,0.0
2097,7,-1,0.2,0.0
2098,7,-1,0.2,0.0
2099,7,-1,0.2,0.0
2100,8,-1,0.2,0.0
2101,8,-1,0.2,0.0
2102,8,-1,0.2,0.0
2103,8,-1,0.2,0.0
2104,8,-1,0.2,0.0
2105,8,-1,0.2,0.0
2106,8,-1,0.2,0.0
2107,8,-1,0.2,0.0
2108,8,-1,0.2,0.0
2109,8,-1,0.2,0.0
2110,8,-1,0.2,0.0
2111,8,-1,0.2,0.0
2112,8,-1,0.2,0.0
2113,8,-1,0.2,0.0
2114,8,-1,0.2,0.0
2115,8,-1,0.2,0.0
2116,8,-1,0.2,0.0
2117,8,-1,0.2,0.0
2118,8,-1,0.2,0.0
2119,8,-1,0.2,0.0
2120,8,-1,0.2,0.0
2121,8,-1,0.2,0.0
2122,8,-1,0.2,0.0
2123,8,-1,0.2,0.0
2124,8,-1,0.2,0.0
2125,8,-1,0.2,0.0
2126,8,-1,0.2,0.0
2127,8,-1,0.2,0.0
2128,8,-1,0.2,0.0
2129,8,-1,0.2,0.0
2130,8,-1,0.2,0.0
2131,8,-1,0.2,0.0
2132,8,-1,0.2,0.0
2133,8,-1,0.2,0.0
2134,8,-1,0.2,0.0
2135,8,-1,0.2,0.0
2136,8,-1,0.2,0.0
2137,8,-1,0.2,0.0
2138,8,-1,0.2,0.0
2139,8,-1,0.2,0.0
2140,8,-1,0.2,0.0
2141,8,-1,0.2,0.0
2142,8,-1,0.2,0.0
2143,8,-1,0.2,0.0
2144,8,-1,0.2,0.0
2145,8,-1,0.2,0.0
2146,8,-1,0.2,0.0
2147,8,-1,0.2,0.0
2148,8,-1,0.2,0.0
2149,8,-1,0.2,0.0
2150,8,-1,0.2,0.0
2151,8,-1,0.2,0.0
2152,8,-1,0.2,0.0
2153,8,-1,0.2,0.0
2154,8,-1,0.2,0.0
2155,8,-1,0.2,0.0
2156,8,-1,0.2,0.0
2157,8,-1,0.2,0.0
2158,8,-1,0.2,0.0
2159,8,-1,0.2,0.0
2160,8,-1,0.2,0.0
2161,8,-1,0.2,0.0
2162,8,-1,0.2,0.0
2163,8,-1,0.2,0.0
2164,8,-1,0.2,0.0
2165,8,-1,0.2,0.0
2166,8,-1,0.2,0.0
2167,8,-1,0.2,0.0
2168,8,-1,0.2,0.0
2169,8,-1,0.2,0.0
2170,8,-1,0.2,0.0
2171,8,-1,0.2,0.0
2172,8,-1,0.2,0.0
2173,8,-1,0.2,0.0
2174,8,-1,0.2,0.0
2175,8,-1,0.2,0.0
2176,8,-1,0.2,0.0
2177,8,-1,0.2,0.0
2178,8,-1,0.2,0.0
2179,8,-1,0.2,0.0
2180,8,-1,0.2,0.0
2181,8,-1,0.2,0.0
2182,8,-1,0.2,0.0
2183,8,-1,0.2,0.0
2184,8,-1,0.2,0.0
2185,8,-1,0.2,0.0
2186,8,-1,0.2,0.0
2187,8,-1,0.2,0.0
2188,8,-1,0.2,0.0
2189,8,-1,0.2,0.0
2190,8,-1,0.2,0.0
2191,8,-1,0.2,0.0
2192,8,-1,0.2,0.0
2193,8,-1,0.2,0.0
2194,8,-1,0.2,0.0
2195,8,-1,0.2,0.0
2196,8,-1,0.2,0.0
2197,8,-1,0.2,0.0
2198,8,-1,0.2,0.0
2199,8,-1,0.2,0.0
2200,8,-1,0.2,0.0
2201,8,-1,0.2,0.0
2202,8,-1,0.2,0.0
2203,8,-1,0.2,0.0
2204,8,-1,0.2,0.0
2205,8,-1,0.2,0.0
2206,8,-1,0.2,0.0
2207,8,-1,0.2,0.0
2208,8,-1,0.2,0.0
2209,8,-1,0.2,0.0
2210,8,-1,0.2,0.0
2211,8,-1,0.2,0.0
2212,8,-1,0.2,0.0
2213,8,-1,0.2,0.0
2214,8,-1,0.2,0.0
2215,8,-1,0.2,0.0
2216,8,-1,0.2,0.0
2217,8,-1,0.2,0.0
2218,8,-1,0.2,0.0
2219,8,-1,0.2,0.0
2220,8,-1,0.2,0.0
2221,8,-1,0.2,0.0
2222,8,-1,0.2,0.0
2223,8,-1,0.2,0.0
2224,8,-1,0.2,0.0
2225,8,-1,0.2,0.0
2226,8,-1,0.2,0.0
2227,8,-1,0.2,0.0
2228,8,-1,0.2,0.0
2229,8,-1,0.2,0.0
2230,8,-1,0.2,0.0
2231,8,-1,0.2,0.0
2232,8,-1,0.2,0.0
2233,8,-1,0.2,0.0
2234,8,-1,0.2,0.0
2235,8,-1,0.2,0.0
2236,8,-1,0.2,0.0
2237,8,-1,0.2,0.0
2238,8,-1,0.2,0.0
2239,8,-1,0.2,0.0
2240,8,-1,0.2,0.0
2241,8,-1,0.2,0.0
2242,8,-1,0.2,0.0
2243,8,-1,0.2,0.0
2244,8,-1,0.2,0.0
2245,8,-1,0.2,0.0
2246,8,-1,0.2,0.0
2247,8,-1,0.2,0.0
2248,8,-1,0.2,0.0
2249,8,-1,0.2,0.0
2250,9,-1,0.2,0.0
2251,9,-1,0.2,0.0
2252,9,-1,0.2,0.0
2253,9,-1,0.2,0.0
2254,9,-1,0.2,0.0
2255,9,-1,0.2,0.0
2256,9,-1,0.2,0.0
2257,9,-1,0.2,0.0
2258,9,-1,0.2,0.0
2259,9,-1,0.2,0.0
2260,9,-1,0.2,0.0
2261,9,-1,0.2,0.0
2262,9,-1,0.2,0.0
2263,9,-1,0.2,0.0
2264,9,-1,0.2,0.0
2265,9,-1,0.2,0.0
2266,9,-1,0.2,0.0
2267,9,-1,0.2,0.0
2268,9,-1,0.2,0.0
2269,9,-1,0.2,0.0
2270,9,-1,0.2,0.0
2271,9,-1,0.2,0.0
2272,9,-1,0.2,0.0
2273,9,-1,0.2,0.0
2274,9,-1,0.2,0.0
2275,9,-1,0.2,0.0
2276,9,-1,0.2,0.0
2277,9,-1,0.2,0.0
2278,9,-1,0.2,0.0
2279,9,-1,0.2,0.0
2280,9,-1,0.2,0.0
2281,9,-1,0.2,0.0
2282,9,-1,0.2,0.0
2283,9,-1,0.2,0.0
2284,9,-1,0.2,0.0
2285,9,-1,0.2,0.0
2286,9,-1,0.2,0.0
2287,9,-1,0.2,0.0
2288,9,-1,0.2,0.0
2289,9,-1,0.2,0.0
2290,9,-1,0.2,0.0
2291,9,-1,0.2,0.0
2292,9,-1,0.2,0.0
2293,9,-1,0.2,0.0
2294,9,-1,0.2,0.0
2295,9,-1,0.2,0.0
2296,9,-1,0.2,0.0
2297,9,-1,0.2,0.0
2298,9,-1,0.2,0.0
2299,9,-1,0.2,0.0
2300,9,-1,0.2,0.0
2301,9,-1,0.2,0.0
2302,9,-1,0.2,0.0
2303,9,-1,0.2,0.0
2304,9,-1,0.2,0.0
2305,9,-1,0.2,0.0
2306,9,-1,0.2,0.0
2307,9,-1,0.2,0.0
2308,9,-1,0.2,0.0
2309,9,-1,0.2,0.0
2310,9,-1,0.2,0.0
2311,9,-1,0.2,0.0
2312,9,-1,0.2,0.0
2313,9,-1,0.2,0.0
2314,9,-1,0.2,0.0
2315,9,-1,0.2,0.0
2316,9,-1,0.2,0.0
2317,9,-1,0.2,0.0
2318,9,-1,0.2,0.0
2319,9,-1,0.2,0.0
2320,9,-1,0.2,0.0
2321,9,-1,0.2,0.0
2322,9,-1,0.2,0.0
2323,9,-1,0.2,0.0
2324,9,-1,0.2,0.0
2325,9,-1,0.2,0.0
2326,9,-1,0.2,0.0
2327,9,-1,0.2,0.0
2328,9,-1,0.2,0.0
2329,9,-1,0.2,0.0
2330,9,-1,0.2,0.0
2331,9,-1,0.2,0.0
2332,9,-1,0.2,0.0
2333,9,-1,0.2,0.0
2334,9,-1,0.2,0.0
2335,9,-1,0.2,0.0
2336,9,-1,0.2,0.0
2337,9,-1,0.2,0.0
2338,9,-1,0.2,0.0
2339,9,-1,0.2,0.0
2340,9,-1,0.2,0.0
2341,9,-1,0.2,0.0
2342,9,-1,0.2,0.0
2343,9,-1,0.2,0.0
2344,9,-1,0.2,0.0
2345,9,-1,0.2,0.0
2346,9,-1,0.2,0.0
2347,9,-1,0.2,0.0
2348,9,-1,0.2,0.0
2349,9,-1,0.2,0.0
2350,9,-1,0.2,0.0
2351,9,-1,0.2,0.0
2352,9,-1,0.2,0.0
2353,9,-1,0.2,0.0
2354,9,-1,0.2,0.0
2355,9,-1,0.2,0.0
2356,9,-1,0.2,0.0
2357,9,-1,0.2,0.0
2358,9,-1,0.2,0.0
2359,9,-1,0.2,0.0
2360,9,-1,0.2,0.0
2361,9,-1,0.2,0.0
2362,9,-1,0.2,0.0
2363,9,-1,0.2,0.0
2364,9,-1,0.2,0.0
2365,9,-1,0.2,0.0
2366,9,-1,0.2,0.0
2367,9,-1,0.2,0.0
2368,9,-1,0.2,0.0
2369,9,-1,0.2,0.0
2370,9,-1,0.2,0.0
2371,9,-1,0.2,0.0
2372,9,-1,0.2,0.0
2373,9,-1,0.2,0.0
2374,9,-1,0.2,0.0
2375,9,-1,0.2,0.0
2376,9,-1,0.2,0.0
2377,9,-1,0.2,0.0
2378,9,-1,0.2,0.0
2379,9,-1,0.2,0.0
2380,9,-1,0.2,0.0
2381,9,-1,0.2,0.0
2382,9,-1,0.2,0.0
2383,9,-1,0.2,0.0
2384,9,-1,0.2,0.0
2385,9,-1,0.2,0.0
2386,9,-1,0.2,0.0
2387,9,-1,0.2,0.0
2388,9,-1,0.2,0.0
2389,9,-1,0.2,0.0
2390,9,-1,0.2,0.0
2391,9,-1,0.2,0.0
2392,9,-1,0.2,0.0
2393,9,-1,0.2,0.0
2394,9,-1,0.2,0.0
2395,9,-1,0.2,0.0
2396,9,-1,0.2,0.0
2397,9,-1,0.2,0.0
2398,9,-1,0.2,0.0
2399,9,-1,0.2,0.0
2400,2,-1,0.3,0.0
2401,2,-1,0.3,0.0
2402,2,-1,0.3,0.0
2403,2,-1,0.3,0.0
2404,2,-1,0.3,0.0
2405,2,-1,0.3,0.0
2406,2,-1,0.3,0.0
2407,2,-1,0.3,0.0
2408,2,-1,0.3,0.0
2409,2,-1,0.3,0.0
2410,2,-1,0.3,0.0
2411,2,-1,0.3,0.0
2412,2,-1,0.3,0.0
2413,2,-1,0.3,0.0
2414,2,-1,0.3,0.0
2415,2,-1,0.3,0.0
2416,2,-1,0.3,0.0
2417,2,-1,0.3,0.0
2418,2,-1,0.3,0.0
2419,2,-1,0.3,0.0
2420,2,-1,0.3,0.0
2421,2,-1,0.3,0.0
2422,2,-1,0.3,0.0
2423,2,-1,0.3,0.0
2424,2,-1,0.3,0.0
2425,2,-1,0.3,0.0
2426,2,-1,0.3,0.0
2427,2,-1,0.3,0.0
2428,2,-1,0.3,0.0
2429,2,-1,0.3,0.0
2430,2,-1,0.3,0.0
2431,2,-1,0.3,0.0
2432,2,-1,0.3,0.0
2433,2,-1,0.3,0.0
2434,2,-1,0.3,0.0
2435,2,-1,0.3,0.0
2436,2,-1,0.3,0.0
2437,2,-1,0.3,0.0
2438,2,-1,0.3,0.0
2439,2,-1,0.3,0.0
2440,2,-1,0.3,0.0
2441,2,-1,0.3,0.0
2442,2,-1,0.3,0.0
2443,2,-1,0.3,0.0
2444,2,-1,0.3,0.0
2445,2,-1,0.3,0.0
2446,2,-1,0.3,0.0
2447,2,-1,0.3,0.0
2448,2,-1,0.3,0.0
2449,2,-1,0.3,0.0
2450,2,-1,0.3,0.0
2451,2,-1,0.3,0.0
2452,2,-1,0.3,0.0
2453,2,-1,0.3,0.0
2454,2,-1,0.3,0.0
2455,2,-1,0.3,0.0
2456,2,-1,0.3,0.0
2457,2,-1,0.3,0.0
2458,2,-1,0.3,0.0
2459,2,-1,0.3,0.0
2460,2,-1,0.3,0.0
2461,2,-1,0.3,0.0
2462,2,-1,0.3,0.0
2463,2,-1,0.3,0.0
2464,2,-1,0.3,0.0
2465,2,-1,0.3,0.0
2466,2,-1,0.3,0.0
2467,2,-1,0.3,0.0
2468,2,-1,0.3,0.0
2469,2,-1,0.3,0.0
2470,2,-1,0.3,0.0
2471,2,-1,0.3,0.0
2472,2,-1,0.3,0.0
2473,2,-1,0.3,0.0
2474,2,-1,0.3,0.0
2475,2,-1,0.3,0.0
2476,2,-1,0.3,0.0
2477,2,-1,0.3,0.0
2478,2,-1,0.3,0.0
2479,2,-1,0.3,0.0
2480,2,-1,0.3,0.0
2481,2,-1,0.3,0.0
2482,2,-1,0.3,0.0
2483,2,-1,0.3,0.0
2484,2,-1,0.3,0.0
2485,2,-1,0.3,0.0
2486,2,-1,0.3,0.0
2487,2,-1,0.3,0.0
2488,2,-1,0.3,0.0
2489,2,-1,0.3,0.0
2490,2,-1,0.3,0.0
2491,2,-1,0.3,0.0
2492,2,-1,0.3,0.0
2493,2,-1,0.3,0.0
2494,2,-1,0.3,0.0
2495,2,-1,0.3,0.0
2496,2,-1,0.3,0.0
2497,2,-1,0.3,0.0
2498,2,-1,0.3,0.0
2499,2,-1,0.3,0.0
2500,2,-1,0.3,0.0
2501,2,-1,0.3,0.0
2502,2,-1,0.3,0.0
2503,2,-1,0.3,0.0
2504,2,-1,0.3,0.0
2505,2,-1,0.3,0.0
2506,2,-1,0.3,0.0
2507,2,-1,0.3,0.0
2508,2,-1,0.3,0.0
2509,2,-1,0.3,0.0
2510,2,-1,0.3,0.0
2511,2,-1,0.3,0.0
2512,2,-1,0.3,0.0
2513,2,-1,0.3,0.0
2514,2,-1,0.3,0.0
2515,2,-1,0.3,0.0
2516,2,-1,0.3,0.0
2517,2,-1,0.3,0.0
2518,2,-1,0.3,0.0
2519,2,-1,0.3,0.0
2520,2,-1,0.3,0.0
2521,2,-1,0.3,0.0
2522,2,-1,0.3,0.0
2523,2,-1,0.3,0.0
2524,2,-1,0.3,0.0
2525,2,-1,0.3,0.0
2526,2,-1,0.3,0.0
2527,2,-1,0.3,0.0
2528,2,-1,0.3,0.0
2529,2,-1,0.3,0.0
2530,2,-1,0.3,0.0
2531,2,-1,0.3,0.0
2532,2,-1,0.3,0.0
2533,2,-1,0.3,0.0
2534,2,-1,0.3,0.0
2535,2,-1,0.3,0.0
2536,2,-1,0.3,0.0
2537,2,-1,0.3,0.0
2538,2,-1,0.3,0.0
2539,2,-1,0.3,0.0
2540,2,-1,0.3,0.0
2541,2,-1,0.3,0.0
2542,2,-1,0.3,0.0
2543,2,-1,0.3,0.0
2544,2,-1,0.3,0.0
2545,2,-1,0.3,0.0
2546,2,-1,0.3,0.0
2547,2,-1,0.3,0.0
2548,2,-1,0.3,0.0
2549,2,-1,0.3,0.0
2550,3,-1,0.3,0.0
2551,3,-1,0.3,0.0
2552,3,-1,0.3,0.0
2553,3,-1,0.3,0.0
2554,3,-1,0.3,0.0
2555,3,-1,0.3,0.0
2556,3,-1,0.3,0.0
2557,3,-1,0.3,0.0
2558,3,-1,0.3,0.0
2559,3,-1,0.3,0.0
2560,3,-1,0.3,0.0
2561,3,-1,0.3,0.0
2562,3,-1,0.3,0.0
2563,3,-1,0.3,0.0
2564,3,-1,0.3,0.0
2565,3,-1,0.3,0.0
2566,3,-1,0.3,0.0
2567,3,-1,0.3,0.0
2568,3,-1,0.3,0.0
2569,3,-1,0.3,0.0
2570,3,-1,0.3,0.0
2571,3,-1,0.3,0.0
2572,3,-1,0.3,0.0
2573,3,-1,0.3,0.0
2574,3,-1,0.3,0.0
2575,3,-1,0.3,0.0
2576,3,-1,0.3,0.0
2577,3,-1,0.3,0.0
2578,3,-1,0.3,0.0
2579,3,-1,0.3,0.0
2580,3,-1,0.3,0.0
2581,3,-1,0.3,0.0
2582,3,-1,0.3,0.0
2583,3,-1,0.3,0.0
2584,3,-1,0.3,0.0
2585,3,-1,0.3,0.0
2586,3,-1,0.3,0.0
2587,3,-1,0.3,0.0
2588,3,-1,0.3,0.0
2589,3,-1,0.3,0.0
2590,3,-1,0.3,0.0
2591,3,-1,0.3,0.0
2592,3,-1,0.3,0.0
2593,3,-1,0.3,0.0
2594,3,-1,0.3,0.0
2595,3,-1,0.3,0.0
2596,3,-1,0.3,0.0
2597,3,-1,0.3,0.0
2598,3,-1,0.3,0.0
2599,3,-1,0.3,0.0
2600,3,-1,0.3,0.0
2601,3,-1,0.3,0.0
2602,3,-1,0.3,0.0
2603,3,-1,0.3,0.0
2604,3,-1,0.3,0.0
2605,3,-1,0.3,0.0
2606,3,-1,0.3,0.0
2607,3,-1,0.3,0.0
2608,3,-1,0.3,0.0
2609,3,-1,0.3,0.0
2610,3,-1,0.3,0.0
2611,3,-1,0.3,0.0
2612,3,-1,0.3,0.0
2613,3,-1,0.3,0.0
2614,3,-1,0.3,0.0
2615,3,-1,0.3,0.0
2616,3,-1,0.3,0.0
2617,3,-1,0.3,0.0
2618,3,-1,0.3,0.0
2619,3,-1,0.3,0.0
2620,3,-1,0.3,0.0
2621,3,-1,0.3,0.0
2622,3,-1,0.3,0.0
2623,3,-1,0.3,0.0
2624,3,-1,0.3,0.0
2625,3,-1,0.3,0.0
2626,3,-1,0.3,0.0
2627,3,-1,0.3,0.0
2628,3,-1,0.3,0.0
2629,3,-1,0.3,0.0
2630,3,-1,0.3,0.0
2631,3,-1,0.3,0.0
2632,3,-1,0.3,0.0
2633,3,-1,0.3,0.0
2634,3,-1,0.3,0.0
2635,3,-1,0.3,0.0
2636,3,-1,0.3,0.0
2637,3,-1,0.3,0.0
2638,3,-1,0.3,0.0
2639,3,-1,0.3,0.0
2640,3,-1,0.3,0.0
2641,3,-1,0.3,0.0
2642,3,-1,0.3,0.0
2643,3,-1,0.3,0.0
2644,3,-1,0.3,0.0
2645,3,-1,0.3,0.0
2646,3,-1,0.3,0.0
2647,3,-1,0.3,0.0
2648,3,-1,0.3,0.0
2649,3,-1,0.3,0.0
2650,3,-1,0.3,0.0
2651,3,-1,0.3,0.0
2652,3,-1,0.3,0.0
2653,3,-1,0.3,0.0
2654,3,-1,0.3,0.0
2655,3,-1,0.3,0.0
2656,3,-1,0.3,0.0
2657,3,-1,0.3,0.0
2658,3,-1,0.3,0.0
2659,3,-1,0.3,0.0
2660,3,-1,0.3,0.0
2661,3,-1,0.3,0.0
2662,3,-1,0.3,0.0
2663,3,-1,0.3,0.0
2664,3,-1,0.3,0.0
2665,3,-1,0.3,0.0
2666,3,-1,0.3,0.0
2667,3,-1,0.3,0.0
2668,3,-1,0.3,0.0
2669,3,-1,0.3,0.0
2670,3,-1,0.3,0.0
2671,3,-1,0.3,0.0
2672,3,-1,0.3,0.0
2673,3,-1,0.3,0.0
2674,3,-1,0.3,0.0
2675,3,-1,0.3,0.0
2676,3,-1,0.3,0.0
2677,3,-1,0.3,0.0
2678,3,-1,0.3,0.0
2679,3,-1,0.3,0.0
2680,3,-1,0.3,0.0
2681,3,-1,0.3,0.0
2682,3,-1,0.3,0.0
2683,3,-1,0.3,0.0
2684,3,-1,0.3,0.0
2685,3,-1,0.3,0.0
2686,3,-1,0.3,0.0
2687,3,-1,0.3,0.0
2688,3,-1,0.3,0.0
2689,3,-1,0.3,0.0
2690,3,-1,0.3,0.0
2691,3,-1,0.3,0.0
2692,3,-1,0.3,0.0
2693,3,-1,0.3,0.0
2694,3,-1,0.3,0.0
2695,3,-1,0.3,0.0
2696,3,-1,0.3,0.0
2697,3,-1,0.3,0.0
2698,3,-1,0.3,0.0
2699,3,-1,0.3,0.0
2700,4,-1,0.3,0.0
2701,4,-1,0.3,0.0
2702,4,-1,0.3,0.0
2703,4,-1,0.3,0.0
2704,4,-1,0.3,0.0
2705,4,-1,0.3,0.0
2706,4,-1,0.3,0.0
2707,4,-1,0.3,0.0
2708,4,-1,0.3,0.0
2709,4,-1,0.3,0.0
2710,4,-1,0.3,0.0
2711,4,-1,0.3,0.0
2712,4,-1,0.3,0.0
2713,4,-1,0.3,0.0
2714,4,-1,0.3,0.0
2715,4,-1,0.3,0.0
2716,4,-1,0.3,0.0
2717,4,-1,0.3,0.0
2718,4,-1,0.3,0.0
2719,4,-1,0.3,0.0
2720,4,-1,0.3,0.0
2721,4,-1,0.3,0.0
2722,4,-1,0.3,0.0
2723,4,-1,0.3,0.0
2724,4,-1,0.3,0.0
2725,4,-1,0.3,0.0
2726,4,-1,0.3,0.0
2727,4,-1,0.3,0.0
2728,4,-1,0.3,0.0
2729,4,-1,0.3,0.0
2730,4,-1,0.3,0.0
2731,4,-1,0.3,0.0
2732,4,-1,0.3,0.0
2733,4,-1,0.3,0.0
2734,4,-1,0.3,0.0
2735,4,-1,0.3,0.0
2736,4,-1,0.3,0.0
2737,4,-1,0.3,0.0
2738,4,-1,0.3,0.0
2739,4,-1,0.3,0.0
2740,4,-1,0.3,0.0
2741,4,-1,0.3,0.0
2742,4,-1,0.3,0.0
2743,4,-1,0.3,0.0
2744,4,-1,0.3,0.0
2745,4,-1,0.3,0.0
2746,4,-1,0.3,0.0
2747,4,-1,0.3,0.0
2748,4,-1,0.3,0.0
2749,4,-1,0.3,0.0
2750,4,-1,0.3,0.0
2751,4,-1,0.3,0.0
2752,4,-1,0.3,0.0
2753,4,-1,0.3,0.0
2754,4,-1,0.3,0.0
2755,4,-1,0.3,0.0
2756,4,-1,0.3,0.0
2757,4,-1,0.3,0.0
2758,4,-1,0.3,0.0
2759,4,-1,0.3,0.0
2760,4,-1,0.3,0.0
2761,4,-1,0.3,0.0
2762,4,-1,0.3,0.0
2763,4,-1,0.3,0.0
2764,4,-1,0.3,0.0
2765,4,-1,0.3,0.0
2766,4,-1,0.3,0.0
2767,4,-1,0.3,0.0
2768,4,-1,0.3,0.0
2769,4,-1,0.3,0.0
2770,4,-1,0.3,0.0
2771,4,-1,0.3,0.0
2772,4,-1,0.3,0.0
2773,4,-1,0.3,0.0
2774,4,-1,0.3,0.0
2775,4,-1,0.3,0.0
2776,4,-1,0.3,0.0
2777,4,-1,0.3,0.0
2778,4,-1,0.3,0.0
2779,4,-1,0.3,0.0
2780,4,-1,0.3,0.0
2781,4,-1,0.3,0.0
2782,4,-1,0.3,0.0
2783,4,-1,0.3,0.0
2784,4,-1,0.3,0.0
2785,4,-1,0.3,0.0
2786,4,-1,0.3,0.0
2787,4,-1,0.3,0.0
2788,4,-1,0.3,0.0
2789,4,-1,0.3,0.0
2790,4,-1,0.3,0.0
2791,4,-1,0.3,0.0
2792,4,-1,0.3,0.0
2793,4,-1,0.3,0.0
2794,4,-1,0.3,0.0
2795,4,-1,0.3,0.0
2796,4,-1,0.3,0.0
2797,4,-1,0.3,0.0
2798,4,-1,0.3,0.0
2799,4,-1,0.3,0.0
2800,4,-1,0.3,0.0
2801,4,-1,0.3,0.0
2802,4,-1,0.3,0.0
2803,4,-1,0.3,0.0
2804,4,-1,0.3,0.0
2805,4,-1,0.3,0.0
2806,4,-1,0.3,0.0
2807,4,-1,0.3,0.0
2808,4,-1,0.3,0.0
2809,4,-1,0.3,0.0
2810,4,-1,0.3,0.0
2811,4,-1,0.3,0.0
2812,4,-1,0.3,0.0
2813,4,-1,0.3,0.0
2814,4,-1,0.3,0.0
2815,4,-1,0.3,0.0
2816,4,-1,0.3,0.0
2817,4,-1,0.3,0.0
2818,4,-1,0.3,0.0
2819,4,-1,0.3,0.0
2820,4,-1,0.3,0.0
2821,4,-1,0.3,0.0
2822,4,-1,0.3,0.0
2823,4,-1,0.3,0.0
2824,4,-1,0.3,0.0
2825,4,-1,0.3,0.0
2826,4,-1,0.3,0.0
2827,4,-1,0.3,0.0
2828,4,-1,0.3,0.0
2829,4,-1,0.3,0.0
2830,4,-1,0.3,0.0
2831,4,-1,0.3,0.0
2832,4,-1,0.3,0.0
2833,4,-1,0.3,0.0
2834,4,-1,0.3,0.0
2835,4,-1,0.3,0.0
2836,4,-1,0.3,0.0
2837,4,-1,0.3,0.0
2838,4,-1,0.3,0.0
2839,4,-1,0.3,0.0
2840,4,-1,0.3,0.0
2841,4,-1,0.3,0.0
2842,4,-1,0.3,0.0
2843,4,-1,0.3,0.0
2844,4,-1,0.3,0.0
2845,4,-1,0.3,0.0
2846,4,-1,0.3,0.0
2847,4,-1,0.3,0.0
2848,4,-1,0.3,0.0
2849,4,-1,0.3,0.0
2850,5,-1,0.3,0.0
2851,5,-1,0.3,0.0
2852,5,-1,0.3,0.0
2853,5,-1,0.3,0.0
2854,5,-1,0.3,0.0
2855,5,-1,0.3,0.0
2856,5,-1,0.3,0.0
2857,5,-1,0.3,0.0
2858,5,-1,0.3,0.0
2859,5,-1,0.3,0.0
2860,5,-1,0.3,0.0
2861,5,-1,0.3,0.0
2862,5,-1,0.3,0.0
2863,5,-1,0.3,0.0
2864,5,-1,0.3,0.0
2865,5,-1,0.3,0.0
2866,5,-1,0.3,0.0
2867,5,-1,0.3,0.0
2868,5,-1,0.3,0.0
2869,5,-1,0.3,0.0
2870,5,-1,0.3,0.0
2871,5,-1,0.3,0.0
2872,5,-1,0.3,0.0
2873,5,-1,0.3,0.0
2874,5,-1,0.3,0.0
2875,5,-1,0.3,0.0
2876,5,-1,0.3,0.0
2877,5,-1,0.3,0.0
2878,5,-1,0.3,0.0
2879,5,-1,0.3,0.0
2880,5,-1,0.3,0.0
2881,5,-1,0.3,0.0
2882,5,-1,0.3,0.0
2883,5,-1,0.3,0.0
2884,5,-1,0.3,0.0
2885,5,-1,0.3,0.0
2886,5,-1,0.3,0.0
2887,5,-1,0.3,0.0
2888,5,-1,0.3,0.0
2889,5,-1,0.3,0.0
2890,5,-1,0.3,0.0
2891,5,-1,0.3,0.0
2892,5,-1,0.3,0.0
2893,5,-1,0.3,0.0
2894,5,-1,0.3,0.0
2895,5,-1,0.3,0.0
2896,5,-1,0.3,0.0
2897,5,-1,0.3,0.0
2898,5,-1,0.3,0.0
2899,5,-1,0.3,0.0
2900,5,-1,0.3,0.0
2901,5,-1,0.3,0.0
2902,5,-1,0.3,0.0
2903,5,-1,0.3,0.0
2904,5,-1,0.3,0.0
2905,5,-1,0.3,0.0
2906,5,-1,0.3,0.0
2907,5,-1,0.3,0.0
2908,5,-1,0.3,0.0
2909,5,-1,0.3,0.0
2910,5,-1,0.3,0.0
2911,5,-1,0.3,0.0
2912,5,-1,0.3,0.0
2913,5,-1,0.3,0.0
2914,5,-1,0.3,0.0
2915,5,-1,0.3,0.0
2916,5,-1,0.3,0.0
2917,5,-1,0.3,0.0
2918,5,-1,0.3,0.0
2919,5,-1,0.3,0.0
2920,5,-1,0.3,0.0
2921,5,-1,0.3,0.0
2922,5,-1,0.3,0.0
2923,5,-1,0.3,0.0
2924,5,-1,0.3,0.0
2925,5,-1,0.3,0.0
2926,5,-1,0.3,0.0
2927,5,-1,0.3,0.0
2928,5,-1,0.3,0.0
2929,5,-1,0.3,0.0
2930,5,-1,0.3,0.0
2931,5,-1,0.3,0.0
2932,5,-1,0.3,0.0
2933,5,-1,0.3,0.0
2934,5,-1,0.3,0.0
2935,5,-1,0.3,0.0
2936,5,-1,0.3,0.0
2937,5,-1,0.3,0.0
2938,5,-1,0.3,0.0
2939,5,-1,0.3,0.0
2940,5,-1,0.3,0.0
2941,5,-1,0.3,0.0
2942,5,-1,0.3,0.0
2943,5,-1,0.3,0.0
2944,5,-1,0.3,0.0
2945,5,-1,0.3,0.0
2946,5,-1,0.3,0.0
2947,5,-1,0.3,0.0
2948,5,-1,0.3,0.0
2949,5,-1,0.3,0.0
2950,5,-1,0.3,0.0
2951,5,-1,0.3,0.0
2952,5,-1,0.3,0.0
2953,5,-1,0.3,0.0
2954,5,-1,0.3,0.0
2955,5,-1,0.3,0.0
2956,5,-1,0.3,0.0
2957,5,-1,0.3,0.0
2958,5,-1,0.3,0.0
2959,5,-1,0.3,0.0
2960,5,-1,0.3,0.0
2961,5,-1,0.3,0.0
2962,5,-1,0.3,0.0
2963,5,-1,0.3,0.0
2964,5,-1,0.3,0.0
2965,5,-1,0.3,0.0
2966,5,-1,0.3,0.0
2967,5,-1,0.3,0.0
2968,5,-1,0.3,0.0
2969,5,-1,0.3,0.0
2970,5,-1,0.3,0.0
2971,5,-1,0.3,0.0
2972,5,-1,0.3,0.0
2973,5,-1,0.3,0.0
2974,5,-1,0.3,0.0
2975,5,-1,0.3,0.0
2976,5,-1,0.3,0.0
2977,5,-1,0.3,0.0
2978,5,-1,0.3,0.0
2979,5,-1,0.3,0.0
2980,5,-1,0.3,0.0
2981,5,-1,0.3,0.0
2982,5,-1,0.3,0.0
2983,5,-1,0.3,0.0
2984,5,-1,0.3,0.0
2985,5,-1,0.3,0.0
2986,5,-1,0.3,0.0
2987,5,-1,0.3,0.0
2988,5,-1,0.3,0.0
2989,5,-1,0.3,0.0
2990,5,-1,0.3,0.0
2991,5,-1,0.3,0.0
2992,5,-1,0.3,0.0
2993,5,-1,0.3,0.0
2994,5,-1,0.3,0.0
2995,5,-1,0.3,0.0
2996,5,-1,0.3,0.0
2997,5,-1,0.3,0.0
2998,5,-1,0.3,0.0
2999,5,-1,0.3,0.0
3000,6,-1,0.3,0.0
3001,6,-1,0.3,0.0
3002,6,-1,0.3,0.0
3003,6,-1,0.3,0.0
3004,6,-1,0.3,0.0
3005,6,-1,0.3,0.0
3006,6,-1,0.3,0.0
3007,6,-1,0.3,0.0
3008,6,-1,0.3,0.0
3009,6,-1,0.3,0.0
3010,6,-1,0.3,0.0
3011,6,-1,0.3,0.0
3012,6,-1,0.3,0.0
3013,6,-1,0.3,0.0
3014,6,-1,0.3,0.0
3015,6,-1,0.3,0.0
3016,6,-1,0.3,0.0
3017,6,-1,0.3,0.0
3018,6,-1,0.3,0.0
3019,6,-1,0.3,0.0
3020,6,-1,0.3,0.0
3021,6,-1,0.3,0.0
3022,6,-1,0.3,0.0
3023,6,-1,0.3,0.0
3024,6,-1,0.3,0.0
3025,6,-1,0.3,0.0
3026,6,-1,0.3,0.0
3027,6,-1,0.3,0.0
3028,6,-1,0.3,0.0
3029,6,-1,0.3,0.0
3030,6,-1,0.3,0.0
3031,6,-1,0.3,0.0
3032,6,-1,0.3,0.0
3033,6,-1,0.3,0.0
3034,6,-1,0.3,0.0
3035,6,-1,0.3,0.0
3036,6,-1,0.3,0.0
3037,6,-1,0.3,0.0
3038,6,-1,0.3,0.0
3039,6,-1,0.3,0.0
3040,6,-1,0.3,0.0
3041,6,-1,0.3,0.0
3042,6,-1,0.3,0.0
3043,6,-1,0.3,0.0
3044,6,-1,0.3,0.0
3045,6,-1,0.3,0.0
3046,6,-1,0.3,0.0
3047,6,-1,0.3,0.0
3048,6,-1,0.3,0.0
3049,6,-1,0.3,0.0
3050,6,-1,0.3,0.0
3051,6,-1,0.3,0.0
3052,6,-1,0.3,0.0
3053,6,-1,0.3,0.0
3054,6,-1,0.3,0.0
3055,6,-1,0.3,0.0
3056,6,-1,0.3,0.0
3057,6,-1,0.3,0.0
3058,6,-1,0.3,0.0
3059,6,-1,0.3,0.0
3060,6,-1,0.3,0.0
3061,6,-1,0.3,0.0
3062,6,-1,0.3,0.0
3063,6,-1,0.3,0.0
3064,6,-1,0.3,0.0
3065,6,-1,0.3,0.0
3066,6,-1,0.3,0.0
3067,6,-1,0.3,0.0
3068,6,-1,0.3,0.0
3069,6,-1,0.3,0.0
3070,6,-1,0.3,0.0
3071,6,-1,0.3,0.0
3072,6,-1,0.3,0.0
3073,6,-1,0.3,0.0
3074,6,-1,0.3,0.0
3075,6,-1,0.3,0.0
3076,6,-1,0.3,0.0
3077,6,-1,0.3,0.0
3078,6,-1,0.3,0.0
3079,6,-1,0.3,0.0
3080,6,-1,0.3,0.0
3081,6,-1,0.3,0.0
3082,6,-1,0.3,0.0
3083,6,-1,0.3,0.0
3084,6,-1,0.3,0.0
3085,6,-1,0.3,0.0
3086,6,-1,0.3,0.0
3087,6,-1,0.3,0.0
3088,6,-1,0.3,0.0
3089,6,-1,0.3,0.0
3090,6,-1,0.3,0.0
3091,6,-1,0.3,0.0
3092,6,-1,0.3,0.0
3093,6,-1,0.3,0.0
3094,6,-1,0.3,0.0
3095,6,-1,0.3,0.0
3096,6,-1,0.3,0.0
3097,6,-1,0.3,0.0
3098,6,-1,0.3,0.0
3099,6,-1,0.3,0.0
3100,6,-1,0.3,0.0
3101,6,-1,0.3,0.0
3102,6,-1,0.3,0.0
3103,6,-1,0.3,0.0
3104,6,-1,0.3,0.0
3105,6,-1,0.3,0.0
3106,6,-1,0.3,0.0
3107,6,-1,0.3,0.0
3108,6,-1,0.3,0.0
3109,6,-1,0.3,0.0
3110,6,-1,0.3,0.0
3111,6,-1,0.3,0.0
3112,6,-1,0.3,0.0
3113,6,-1,0.3,0.0
3114,6,-1,0.3,0.0
3115,6,-1,0.3,0.0
3116,6,-1,0.3,0.0
3117,6,-1,0.3,0.0
3118,6,-1,0.3,0.0
3119,6,-1,0.3,0.0
3120,6,-1,0.3,0.0
3121,6,-1,0.3,0.0
3122,6,-1,0.3,0.0
3123,6,-1,0.3,0.0
3124,6,-1,0.3,0.0
3125,6,-1,0.3,0.0
3126,6,-1,0.3,0.0
3127,6,-1,0.3,0.0
3128,6,-1,0.3,0.0
3129,6,-1,0.3,0.0
3130,6,-1,0.3,0.0
3131,6,-1,0.3,0.0
3132,6,-1,0.3,0.0
3133,6,-1,0.3,0.0
3134,6,-1,0.3,0.0
3135,6,-1,0.3,0.0
3136,6,-1,0.3,0.0
3137,6,-1,0.3,0.0
3138,6,-1,0.3,0.0
3139,6,-1,0.3,0.0
3140,6,-1,0.3,0.0
3141,6,-1,0.3,0.0
3142,6,-1,0.3,0.0
3143,6,-1,0.3,0.0
3144,6,-1,0.3,0.0
3145,6,-1,0.3,0.0
3146,6,-1,0.3,0.0
3147,6,-1,0.3,0.0
3148,6,-1,0.3,0.0
3149,6,-1,0.3,0.0
3150,7,-1,0.3,0.0
3151,7,-1,0.3,0.0
3152,7,-1,0.3,0.0
3153,7,-1,0.3,0.0
3154,7,-1,0.3,0.0
3155,7,-1,0.3,0.0
3156,7,-1,0.3,0.0
3157,7,-1,0.3,0.0
3158,7,-1,0.3,0.0
3159,7,-1,0.3,0.0
3160,7,-1,0.3,0.0
3161,7,-1,0.3,0.0
3162,7,-1,0.3,0.0
3163,7,-1,0.3,0.0
3164,7,-1,0.3,0.0
3165,7,-1,0.3,0.0
3166,7,-1,0.3,0.0
3167,7,-1,0.3,0.0
3168,7,-1,0.3,0.0
3169,7,-1,0.3,0.0
3170,7,-1,0.3,0.0
3171,7,-1,0.3,0.0
3172,7,-1,0.3,0.0
3173,7,-1,0.3,0.0
3174,7,-1,0.3,0.0
3175,7,-1,0.3,0.0
3176,7,-1,0.3,0.0
3177,7,-1,0.3,0.0
3178,7,-1,0.3,0.0
3179,7,-1,0.3,0.0
3180,7,-1,0.3,0.0
3181,7,-1,0.3,0.0
3182,7,-1,0.3,0.0
3183,7,-1,0.3,0.0
3184,7,-1,0.3,0.0
3185,7,-1,0.3,0.0
3186,7,-1,0.3,0.0
3187,7,-1,0.3,0.0
3188,7,-1,0.3,0.0
3189,7,-1,0.3,0.0
3190,7,-1,0.3,0.0
3191,7,-1,0.3,0.0
3192,7,-1,0.3,0.0
3193,7,-1,0.3,0.0
3194,7,-1,0.3,0.0
3195,7,-1,0.3,0.0
3196,7,-1,0.3,0.0
3197,7,-1,0.3,0.0
3198,7,-1,0.3,0.0
3199,7,-1,0.3,0.0
3200,7,-1,0.3,0.0
3201,7,-1,0.3,0.0
3202,7,-1,0.3,0.0
3203,7,-1,0.3,0.0
3204,7,-1,0.3,0.0
3205,7,-1,0.3,0.0
3206,7,-1,0.3,0.0
3207,7,-1,0.3,0.0
3208,7,-1,0.3,0.0
3209,7,-1,0.3,0.0
3210,7,-1,0.3,0.0
3211,7,-1,0.3,0.0
3212,7,-1,0.3,0.0
3213,7,-1,0.3,0.0
3214,7,-1,0.3,0.0
3215,7,-1,0.3,0.0
3216,7,-1,0.3,0.0
3217,7,-1,0.3,0.0
3218,7,-1,0.3,0.0
3219,7,-1,0.3,0.0
3220,7,-1,0.3,0.0
3221,7,-1,0.3,0.0
3222,7,-1,0.3,0.0
3223,7,-1,0.3,0.0
3224,7,-1,0.3,0.0
3225,7,-1,0.3,0.0
3226,7,-1,0.3,0.0
3227,7,-1,0.3,0.0
3228,7,-1,0.3,0.0
3229,7,-1,0.3,0.0
3230,7,-1,0.3,0.0
3231,7,-1,0.3,0.0
3232,7,-1,0.3,0.0
3233,7,-1,0.3,0.0
3234,7,-1,0.3,0.0
3235,7,-1,0.3,0.0
3236,7,-1,0.3,0.0
3237,7,-1,0.3,0.0
3238,7,-1,0.3,0.0
3239,7,-1,0.3,0.0
3240,7,-1,0.3,0.0
3241,7,-1,0.3,0.0
3242,7,-1,0.3,0.0
3243,7,-1,0.3,0.0
3244,7,-1,0.3,0.0
3245,7,-1,0.3,0.0
3246,7,-1,0.3,0.0
3247,7,-1,0.3,0.0
3248,7,-1,0.3,0.0
3249,7,-1,0.3,0.0
3250,7,-1,0.3,0.0
3251,7,-1,0.3,0.0
3252,7,-1,0.3,0.0
3253,7,-1,0.3,0.0
3254,7,-1,0.3,0.0
3255,7,-1,0.3,0.0
3256,7,-1,0.3,0.0
3257,7,-1,0.3,0.0
3258,7,-1,0.3,0.0
3259,7,-1,0.3,0.0
3260,7,-1,0.3,0.0
3261,7,-1,0.3,0.0
3262,7,-1,0.3,0.0
3263,7,-1,0.3,0.0
3264,7,-1,0.3,0.0
3265,7,-1,0.3,0.0
3266,7,-1,0.3,0.0
3267,7,-1,0.3,0.0
3268,7,-1,0.3,0.0
3269,7,-1,0.3,0.0
3270,7,-1,0.3,0.0
3271,7,-1,0.3,0.0
3272,7,-1,0.3,0.0
3273,7,-1,0.3,0.0
3274,7,-1,0.3,0.0
3275,7,-1,0.3,0.0
3276,7,-1,0.3,0.0
3277,7,-1,0.3,0.0
3278,7,-1,0.3,0.0
3279,7,-1,0.3,0.0
3280,7,-1,0.3,0.0
3281,7,-1,0.3,0.0
3282,7,-1,0.3,0.0
3283,7,-1,0.3,0.0
3284,7,-1,0.3,0.0
3285,7,-1,0.3,0.0
3286,7,-1,0.3,0.0
3287,7,-1,0.3,0.0
3288,7,-1,0.3,0.0
3289,7,-1,0.3,0.0
3290,7,-1,0.3,0.0
3291,7,-1,0.3,0.0
3292,7,-1,0.3,0.0
3293,7,-1,0.3,0.0
3294,7,-1,0.3,0.0
3295,7,-1,0.3,0.0
3296,7,-1,0.3,0.0
3297,7,-1,0.3,0.0
3298,7,-1,0.3,0.0
3299,7,-1,0.3,0.0
3300,8,-1,0.3,0.0
3301,8,-1,0.3,0.0
3302,8,-1,0.3,0.0
3303,8,-1,0.3,0.0
3304,8,-1,0.3,0.0
3305,8,-1,0.3,0.0
3306,8,-1,0.3,0.0
3307,8,-1,0.3,0.0
3308,8,-1,0.3,0.0
3309,8,-1,0.3,0.0
3310,8,-1,0.3,0.0
3311,8,-1,0.3,0.0
3312,8,-1,0.3,0.0
3313,8,-1,0.3,0.0
3314,8,-1,0.3,0.0
3315,8,-1,0.3,0.0
3316,8,-1,0.3,0.0
3317,8,-1,0.3,0.0
3318,8,-1,0.3,0.0
3319,8,-1,0.3,0.0
3320,8,-1,0.3,0.0
3321,8,-1,0.3,0.0
3322,8,-1,0.3,0.0
3323,8,-1,0.3,0.0
3324,8,-1,0.3,0.0
3325,8,-1,0.3,0.0
3326,8,-1,0.3,0.0
3327,8,-1,0.3,0.0
3328,8,-1,0.3,0.0
3329,8,-1,0.3,0.0
3330,8,-1,0.3,0.0
3331,8,-1,0.3,0.0
3332,8,-1,0.3,0.0
3333,8,-1,0.3,0.0
3334,8,-1,0.3,0.0
3335,8,-1,0.3,0.0
3336,8,-1,0.3,0.0
3337,8,-1,0.3,0.0
3338,8,-1,0.3,0.0
3339,8,-1,0.3,0.0
3340,8,-1,0.3,0.0
3341,8,-1,0.3,0.0
3342,8,-1,0.3,0.0
3343,8,-1,0.3,0.0
3344,8,-1,0.3,0.0
3345,8,-1,0.3,0.0
3346,8,-1,0.3,0.0
3347,8,-1,0.3,0.0
3348,8,-1,0.3,0.0
3349,8,-1,0.3,0.0
3350,8,-1,0.3,0.0
3351,8,-1,0.3,0.0
3352,8,-1,0.3,0.0
3353,8,-1,0.3,0.0
3354,8,-1,0.3,0.0
3355,8,-1,0.3,0.0
3356,8,-1,0.3,0.0
3357,8,-1,0.3,0.0
3358,8,-1,0.3,0.0
3359,8,-1,0.3,0.0
3360,8,-1,0.3,0.0
3361,8,-1,0.3,0.0
3362,8,-1,0.3,0.0
3363,8,-1,0.3,0.0
3364,8,-1,0.3,0.0
3365,8,-1,0.3,0.0
3366,8,-1,0.3,0.0
3367,8,-1,0.3,0.0
3368,8,-1,0.3,0.0
3369,8,-1,0.3,0.0
3370,8,-1,0.3,0.0
3371,8,-1,0.3,0.0
3372,8,-1,0.3,0.0
3373,8,-1,0.3,0.0
3374,8,-1,0.3,0.0
3375,8,-1,0.3,0.0
3376,8,-1,0.3,0.0
3377,8,-1,0.3,0.0
3378,8,-1,0.3,0.0
3379,8,-1,0.3,0.0
3380,8,-1,0.3,0.0
3381,8,-1,0.3,0.0
3382,8,-1,0.3,0.0
3383,8,-1,0.3,0.0
3384,8,-1,0.3,0.0
3385,8,-1,0.3,0.0
3386,8,-1,0.3,0.0
3387,8,-1,0.3,0.0
3388,8,-1,0.3,0.0
3389,8,-1,0.3,0.0
3390,8,-1,0.3,0.0
3391,8,-1,0.3,0.0
3392,8,-1,0.3,0.0
3393,8,-1,0.3,0.0
3394,8,-1,0.3,0.0
3395,8,-1,0.3,0.0
3396,8,-1,0.3,0.0
3397,8,-1,0.3,0.0
3398,8,-1,0.3,0.0
3399,8,-1,0.3,0.0
3400,8,-1,0.3,0.0
3401,8,-1,0.3,0.0
3402,8,-1,0.3,0.0
3403,8,-1,0.3,0.0
3404,8,-1,0.3,0.0
3405,8,-1,0.3,0.0
3406,8,-1,0.3,0.0
3407,8,-1,0.3,0.0
3408,8,-1,0.3,0.0
3409,8,-1,0.3,0.0
3410,8,-1,0.3,0.0
3411,8,-1,0.3,0.0
3412,8,-1,0.3,0.0
3413,8,-1,0.3,0.0
3414,8,-1,0.3,0.0
3415,8,-1,0.3,0.0
3416,8,-1,0.3,0.0
3417,8,-1,0.3,0.0
3418,8,-1,0.3,0.0
3419,8,-1,0.3,0.0
3420,8,-1,0.3,0.0
3421,8,-1,0.3,0.0
3422,8,-1,0.3,0.0
3423,8,-1,0.3,0.0
3424,8,-1,0.3,0.0
3425,8,-1,0.3,0.0
3426,8,-1,0.3,0.0
3427,8,-1,0.3,0.0
3428,8,-1,0.3,0.0
3429,8,-1,0.3,0.0
3430,8,-1,0.3,0.0
3431,8,-1,0.3,0.0
3432,8,-1,0.3,0.0
3433,8,-1,0.3,0.0
3434,8,-1,0.3,0.0
3435,8,-1,0.3,0.0
3436,8,-1,0.3,0.0
3437,8,-1,0.3,0.0
3438,8,-1,0.3,0.0
3439,8,-1,0.3,0.0
3440,8,-1,0.3,0.0
3441,8,-1,0.3,0.0
3442,8,-1,0.3,0.0
3443,8,-1,0.3,0.0
3444,8,-1,0.3,0.0
3445,8,-1,0.3,0.0
3446,8,-1,0.3,0.0
3447,8,-1,0.3,0.0
3448,8,-1,0.3,0.0
3449,8,-1,0.3,0.0
3450,9,-1,0.3,0.0
3451,9,-1,0.3,0.0
3452,9,-1,0.3,0.0
3453,9,-1,0.3,0.0
3454,9,-1,0.3,0.0
3455,9,-1,0.3,0.0
3456,9,-1,0.3,0.0
3457,9,-1,0.3,0.0
3458,9,-1,0.3,0.0
3459,9,-1,0.3,0.0
3460,9,-1,0.3,0.0
3461,9,-1,0.3,0.0
3462,9,-1,0.3,0.0
3463,9,-1,0.3,0.0
3464,9,-1,0.3,0.0
3465,9,-1,0.3,0.0
3466,9,-1,0.3,0.0
3467,9,-1,0.3,0.0
3468,9,-1,0.3,0.0
3469,9,-1,0.3,0.0
3470,9,-1,0.3,0.0
3471,9,-1,0.3,0.0
3472,9,-1,0.3,0.0
3473,9,-1,0.3,0.0
3474,9,-1,0.3,0.0
3475,9,-1,0.3,0.0
3476,9,-1,0.3,0.0
3477,9,-1,0.3,0.0
3478,9,-1,0.3,0.0
3479,9,-1,0.3,0.0
3480,9,-1,0.3,0.0
3481,9,-1,0.3,0.0
3482,9,-1,0.3,0.0
3483,9,-1,0.3,0.0
3484,9,-1,0.3,0.0
3485,9,-1,0.3,0.0
3486,9,-1,0.3,0.0
3487,9,-1,0.3,0.0
3488,9,-1,0.3,0.0
3489,9,-1,0.3,0.0
3490,9,-1,0.3,0.0
3491,9,-1,0.3,0.0
3492,9,-1,0.3,0.0
3493,9,-1,0.3,0.0
3494,9,-1,0.3,0.0
3495,9,-1,0.3,0.0
3496,9,-1,0.3,0.0
3497,9,-1,0.3,0.0
3498,9,-1,0.3,0.0
3499,9,-1,0.3,0.0
3500,9,-1,0.3,0.0
3501,9,-1,0.3,0.0
3502,9,-1,0.3,0.0
3503,9,-1,0.3,0.0
3504,9,-1,0.3,0.0
3505,9,-1,0.3,0.0
3506,9,-1,0.3,0.0
3507,9,-1,0.3,0.0
3508,9,-1,0.3,0.0
3509,9,-1,0.3,0.0
3510,9,-1,0.3,0.0
3511,9,-1,0.3,0.0
3512,9,-1,0.3,0.0
3513,9,-1,0.3,0.0
3514,9,-1,0.3,0.0
3515,9,-1,0.3,0.0
3516,9,-1,0.3,0.0
3517,9,-1,0.3,0.0
3518,9,-1,0.3,0.0
3519,9,-1,0.3,0.0
3520,9,-1,0.3,0.0
3521,9,-1,0.3,0.0
3522,9,-1,0.3,0.0
3523,9,-1,0.3,0.0
3524,9,-1,0.3,0.0
3525,9,-1,0.3,0.0
3526,9,-1,0.3,0.0
3527,9,-1,0.3,0.0
3528,9,-1,0.3,0.0
3529,9,-1,0.3,0.0
3530,9,-1,0.3,0.0
3531,9,-1,0.3,0.0
3532,9,-1,0.3,0.0
3533,9,-1,0.3,0.0
3534,9,-1,0.3,0.0
3535,9,-1,0.3,0.0
3536,9,-1,0.3,0.0
3537,9,-1,0.3,0.0
3538,9,-1,0.3,0.0
3539,9,-1,0.3,0.0
3540,9,-1,0.3,0.0
3541,9,-1,0.3,0.0
3542,9,-1,0.3,0.0
3543,9,-1,0.3,0.0
3544,9,-1,0.3,0.0
3545,9,-1,0.3,0.0
3546,9,-1,0.3,0.0
3547,9,-1,0.3,0.0
3548,9,-1,0.3,0.0
3549,9,-1,0.3,0.0
3550,9,-1,0.3,0.0
3551,9,-1,0.3,0.0
3552,9,-1,0.3,0.0
3553,9,-1,0.3,0.0
3554,9,-1,0.3,0.0
3555,9,-1,0.3,0.0
3556,9,-1,0.3,0.0
3557,9,-1,0.3,0.0
3558,9,-1,0.3,0.0
3559,9,-1,0.3,0.0
3560,9,-1,0.3,0.0
3561,9,-1,0.3,0.0
3562,9,-1,0.3,0.0
3563,9,-1,0.3,0.0
3564,9,-1,0.3,0.0
3565,9,-1,0.3,0.0
3566,9,-1,0.3,0.0
3567,9,-1,0.3,0.0
3568,9,-1,0.3,0.0
3569,9,-1,0.3,0.0
3570,9,-1,0.3,0.0
3571,9,-1,0.3,0.0
3572,9,-1,0.3,0.0
3573,9,-1,0.3,0.0
3574,9,-1,0.3,0.0
3575,9,-1,0.3,0.0
3576,9,-1,0.3,0.0
3577,9,-1,0.3,0.0
3578,9,-1,0.3,0.0
3579,9,-1,0.3,0.0
3580,9,-1,0.3,0.0
3581,9,-1,0.3,0.0
3582,9,-1,0.3,0.0
3583,9,-1,0.3,0.0
3584,9,-1,0.3,0.0
3585,9,-1,0.3,0.0
3586,9,-1,0.3,0.0
3587,9,-1,0.3,0.0
3588,9,-1,0.3,0.0
3589,9,-1,0.3,0.0
3590,9,-1,0.3,0.0
3591,9,-1,0.3,0.0
3592,9,-1,0.3,0.0
3593,9,-1,0.3,0.0
3594,9,-1,0.3,0.0
3595,9,-1,0.3,0.0
3596,9,-1,0.3,0.0
3597,9,-1,0.3,0.0
3598,9,-1,0.3,0.0
3599,9,-1,0.3,0.0
3600,2,-1,0.4,0.0
3601,2,-1,0.4,0.0
3602,2,-1,0.4,0.0
3603,2,-1,0.4,0.0
3604,2,-1,0.4,0.0
3605,2,-1,0.4,0.0
3606,2,-1,0.4,0.0
3607,2,-1,0.4,0.0
3608,2,-1,0.4,0.0
3609,2,-1,0.4,0.0
3610,2,-1,0.4,0.0
3611,2,-1,0.4,0.0
3612,2,-1,0.4,0.0
3613,2,-1,0.4,0.0
3614,2,-1,0.4,0.0
3615,2,-1,0.4,0.0
3616,2,-1,0.4,0.0
3617,2,-1,0.4,0.0
3618,2,-1,0.4,0.0
3619,2,-1,0.4,0.0
3620,2,-1,0.4,0.0
3621,2,-1,0.4,0.0
3622,2,-1,0.4,0.0
3623,2,-1,0.4,0.0
3624,2,-1,0.4,0.0
3625,2,-1,0.4,0.0
3626,2,-1,0.4,0.0
3627,2,-1,0.4,0.0
3628,2,-1,0.4,0.0
3629,2,-1,0.4,0.0
3630,2,-1,0.4,0.0
3631,2,-1,0.4,0.0
3632,2,-1,0.4,0.0
3633,2,-1,0.4,0.0
3634,2,-1,0.4,0.0
3635,2,-1,0.4,0.0
3636,2,-1,0.4,0.0
3637,2,-1,0.4,0.0
3638,2,-1,0.4,0.0
3639,2,-1,0.4,0.0
3640,2,-1,0.4,0.0
3641,2,-1,0.4,0.0
3642,2,-1,0.4,0.0
3643,2,-1,0.4,0.0
3644,2,-1,0.4,0.0
3645,2,-1,0.4,0.0
3646,2,-1,0.4,0.0
3647,2,-1,0.4,0.0
3648,2,-1,0.4,0.0
3649,2,-1,0.4,0.0
3650,2,-1,0.4,0.0
3651,2,-1,0.4,0.0
3652,2,-1,0.4,0.0
3653,2,-1,0.4,0.0
3654,2,-1,0.4,0.0
3655,2,-1,0.4,0.0
3656,2,-1,0.4,0.0
3657,2,-1,0.4,0.0
3658,2,-1,0.4,0.0
3659,2,-1,0.4,0.0
3660,2,-1,0.4,0.0
3661,2,-1,0.4,0.0
3662,2,-1,0.4,0.0
3663,2,-1,0.4,0.0
3664,2,-1,0.4,0.0
3665,2,-1,0.4,0.0
3666,2,-1,0.4,0.0
3667,2,-1,0.4,0.0
3668,2,-1,0.4,0.0
3669,2,-1,0.4,0.0
3670,2,-1,0.4,0.0
3671,2,-1,0.4,0.0
3672,2,-1,0.4,0.0
3673,2,-1,0.4,0.0
3674,2,-1,0.4,0.0
3675,2,-1,0.4,0.0
3676,2,-1,0.4,0.0
3677,2,-1,0.4,0.0
3678,2,-1,0.4,0.0
3679,2,-1,0.4,0.0
3680,2,-1,0.4,0.0
3681,2,-1,0.4,0.0
3682,2,-1,0.4,0.0
3683,2,-1,0.4,0.0
3684,2,-1,0.4,0.0
3685,2,-1,0.4,0.0
3686,2,-1,0.4,0.0
3687,2,-1,0.4,0.0
3688,2,-1,0.4,0.0
3689,2,-1,0.4,0.0
3690,2,-1,0.4,0.0
3691,2,-1,0.4,0.0
3692,2,-1,0.4,0.0
3693,2,-1,0.4,0.0
3694,2,-1,0.4,0.0
3695,2,-1,0.4,0.0
3696,2,-1,0.4,0.0
3697,2,-1,0.4,0.0
3698,2,-1,0.4,0.0
3699,2,-1,0.4,0.0
3700,2,-1,0.4,0.0
3701,2,-1,0.4,0.0
3702,2,-1,0.4,0.0
3703,2,-1,0.4,0.0
3704,2,-1,0.4,0.0
3705,2,-1,0.4,0.0
3706,2,-1,0.4,0.0
3707,2,-1,0.4,0.0
3708,2,-1,0.4,0.0
3709,2,-1,0.4,0.0
3710,2,-1,0.4,0.0
3711,2,-1,0.4,0.0
3712,2,-1,0.4,0.0
3713,2,-1,0.4,0.0
3714,2,-1,0.4,0.0
3715,2,-1,0.4,0.0
3716,2,-1,0.4,0.0
3717,2,-1,0.4,0.0
3718,2,-1,0.4,0.0
3719,2,-1,0.4,0.0
3720,2,-1,0.4,0.0
3721,2,-1,0.4,0.0
3722,2,-1,0.4,0.0
3723,2,-1,0.4,0.0
3724,2,-1,0.4,0.0
3725,2,-1,0.4,0.0
3726,2,-1,0.4,0.0
3727,2,-1,0.4,0.0
3728,2,-1,0.4,0.0
3729,2,-1,0.4,0.0
3730,2,-1,0.4,0.0
3731,2,-1,0.4,0.0
3732,2,-1,0.4,0.0
3733,2,-1,0.4,0.0
3734,2,-1,0.4,0.0
3735,2,-1,0.4,0.0
3736,2,-1,0.4,0.0
3737,2,-1,0.4,0.0
3738,2,-1,0.4,0.0
3739,2,-1,0.4,0.0
3740,2,-1,0.4,0.0
3741,2,-1,0.4,0.0
3742,2,-1,0.4,0.0
3743,2,-1,0.4,0.0
3744,2,-1,0.4,0.0
3745,2,-1,0.4,0.0
3746,2,-1,0.4,0.0
3747,2,-1,0.4,0.0
3748,2,-1,0.4,0.0
3749,2,-1,0.4,0.0
3750,3,-1,0.4,0.0
3751,3,-1,0.4,0.0
3752,3,-1,0.4,0.0
3753,3,-1,0.4,0.0
3754,3,-1,0.4,0.0
3755,3,-1,0.4,0.0
3756,3,-1,0.4,0.0
3757,3,-1,0.4,0.0
3758,3,-1,0.4,0.0
3759,3,-1,0.4,0.0
3760,3,-1,0.4,0.0
3761,3,-1,0.4,0.0
3762,3,-1,0.4,0.0
3763,3,-1,0.4,0.0
3764,3,-1,0.4,0.0
3765,3,-1,0.4,0.0
3766,3,-1,0.4,0.0
3767,3,-1,0.4,0.0
3768,3,-1,0.4,0.0
3769,3,-1,0.4,0.0
3770,3,-1,0.4,0.0
3771,3,-1,0.4,0.0
3772,3,-1,0.4,0.0
3773,3,-1,0.4,0.0
3774,3,-1,0.4,0.0
3775,3,-1,0.4,0.0
3776,3,-1,0.4,0.0
3777,3,-1,0.4,0.0
3778,3,-1,0.4,0.0
3779,3,-1,0.4,0.0
3780,3,-1,0.4,0.0
3781,3,-1,0.4,0.0
3782,3,-1,0.4,0.0
3783,3,-1,0.4,0.0
3784,3,-1,0.4,0.0
3785,3,-1,0.4,0.0
3786,3,-1,0.4,0.0
3787,3,-1,0.4,0.0
3788,3,-1,0.4,0.0
3789,3,-1,0.4,0.0
3790,3,-1,0.4,0.0
3791,3,-1,0.4,0.0
3792,3,-1,0.4,0.0
3793,3,-1,0.4,0.0
3794,3,-1,0.4,0.0
3795,3,-1,0.4,0.0
3796,3,-1,0.4,0.0
3797,3,-1,0.4,0.0
3798,3,-1,0.4,0.0
3799,3,-1,0.4,0.0
3800,3,-1,0.4,0.0
3801,3,-1,0.4,0.0
3802,3,-1,0.4,0.0
3803,3,-1,0.4,0.0
3804,3,-1,0.4,0.0
3805,3,-1,0.4,0.0
3806,3,-1,0.4,0.0
3807,3,-1,0.4,0.0
3808,3,-1,0.4,0.0
3809,3,-1,0.4,0.0
3810,3,-1,0.4,0.0
3811,3,-1,0.4,0.0
3812,3,-1,0.4,0.0
3813,3,-1,0.4,0.0
3814,3,-1,0.4,0.0
3815,3,-1,0.4,0.0
3816,3,-1,0.4,0.0
3817,3,-1,0.4,0.0
3818,3,-1,0.4,0.0
3819,3,-1,0.4,0.0
3820,3,-1,0.4,0.0
3821,3,-1,0.4,0.0
3822,3,-1,0.4,0.0
3823,3,-1,0.4,0.0
3824,3,-1,0.4,0.0
3825,3,-1,0.4,0.0
3826,3,-1,0.4,0.0
3827,3,-1,0.4,0.0
3828,3,-1,0.4,0.0
3829,3,-1,0.4,0.0
3830,3,-1,0.4,0.0
3831,3,-1,0.4,0.0
3832,3,-1,0.4,0.0
3833,3,-1,0.4,0.0
3834,3,-1,0.4,0.0
3835,3,-1,0.4,0.0
3836,3,-1,0.4,0.0
3837,3,-1,0.4,0.0
3838,3,-1,0.4,0.0
3839,3,-1,0.4,0.0
3840,3,-1,0.4,0.0
3841,3,-1,0.4,0.0
3842,3,-1,0.4,0.0
3843,3,-1,0.4,0.0
3844,3,-1,0.4,0.0
3845,3,-1,0.4,0.0
3846,3,-1,0.4,0.0
3847,3,-1,0.4,0.0
3848,3,-1,0.4,0.0
3849,3,-1,0.4,0.0
3850,3,-1,0.4,0.0
3851,3,-1,0.4,0.0
3852,3,-1,0.4,0.0
3853,3,-1,0.4,0.0
3854,3,-1,0.4,0.0
3855,3,-1,0.4,0.0
3856,3,-1,0.4,0.0
3857,3,-1,0.4,0.0
3858,3,-1,0.4,0.0
3859,3,-1,0.4,0.0
3860,3,-1,0.4,0.0
3861,3,-1,0.4,0.0
3862,3,-1,0.4,0.0
3863,3,-1,0.4,0.0
3864,3,-1,0.4,0.0
3865,3,-1,0.4,0.0
3866,3,-1,0.4,0.0
3867,3,-1,0.4,0.0
3868,3,-1,0.4,0.0
3869,3,-1,0.4,0.0
3870,3,-1,0.4,0.0
3871,3,-1,0.4,0.0
3872,3,-1,0.4,0.0
3873,3,-1,0.4,0.0
3874,3,-1,0.4,0.0
3875,3,-1,0.4,0.0
3876,3,-1,0.4,0.0
3877,3,-1,0.4,0.0
3878,3,-1,0.4,0.0
3879,3,-1,0.4,0.0
3880,3,-1,0.4,0.0
3881,3,-1,0.4,0.0
3882,3,-1,0.4,0.0
3883,3,-1,0.4,0.0
3884,3,-1,0.4,0.0
3885,3,-1,0.4,0.0
3886,3,-1,0.4,0.0
3887,3,-1,0.4,0.0
3888,3,-1,0.4,0.0
3889,3,-1,0.4,0.0
3890,3,-1,0.4,0.0
3891,3,-1,0.4,0.0
3892,3,-1,0.4,0.0
3893,3,-1,0.4,0.0
3894,3,-1,0.4,0.0
3895,3,-1,0.4,0.0
3896,3,-1,0.4,0.0
3897,3,-1,0.4,0.0
3898,3,-1,0.4,0.0
3899,3,-1,0.4,0.0
3900,4,-1,0.4,0.0
3901,4,-1,0.4,0.0
3902,4,-1,0.4,0.0
3903,4,-1,0.4,0.0
3904,4,-1,0.4,0.0
3905,4,-1,0.4,0.0
3906,4,-1,0.4,0.0
3907,4,-1,0.4,0.0
3908,4,-1,0.4,0.0
3909,4,-1,0.4,0.0
3910,4,-1,0.4,0.0
3911,4,-1,0.4,0.0
3912,4,-1,0.4,0.0
3913,4,-1,0.4,0.0
3914,4,-1,0.4,0.0
3915,4,-1,0.4,0.0
3916,4,-1,0.4,0.0
3917,4,-1,0.4,0.0
3918,4,-1,0.4,0.0
3919,4,-1,0.4,0.0
3920,4,-1,0.4,0.0
3921,4,-1,0.4,0.0
3922,4,-1,0.4,0.0
3923,4,-1,0.4,0.0
3924,4,-1,0.4,0.0
3925,4,-1,0.4,0.0
3926,4,-1,0.4,0.0
3927,4,-1,0.4,0.0
3928,4,-1,0.4,0.0
3929,4,-1,0.4,0.0
3930,4,-1,0.4,0.0
3931,4,-1,0.4,0.0
3932,4,-1,0.4,0.0
3933,4,-1,0.4,0.0
3934,4,-1,0.4,0.0
3935,4,-1,0.4,0.0
3936,4,-1,0.4,0.0
3937,4,-1,0.4,0.0
3938,4,-1,0.4,0.0
3939,4,-1,0.4,0.0
3940,4,-1,0.4,0.0
3941,4,-1,0.4,0.0
3942,4,-1,0.4,0.0
3943,4,-1,0.4,0.0
3944,4,-1,0.4,0.0
3945,4,-1,0.4,0.0
3946,4,-1,0.4,0.0
3947,4,-1,0.4,0.0
3948,4,-1,0.4,0.0
3949,4,-1,0.4,0.0
3950,4,-1,0.4,0.0
3951,4,-1,0.4,0.0
3952,4,-1,0.4,0.0
3953,4,-1,0.4,0.0
3954,4,-1,0.4,0.0
3955,4,-1,0.4,0.0
3956,4,-1,0.4,0.0
3957,4,-1,0.4,0.0
3958,4,-1,0.4,0.0
3959,4,-1,0.4,0.0
3960,4,-1,0.4,0.0
3961,4,-1,0.4,0.0
3962,4,-1,0.4,0.0
3963,4,-1,0.4,0.0
3964,4,-1,0.4,0.0
3965,4,-1,0.4,0.0
3966,4,-1,0.4,0.0
3967,4,-1,0.4,0.0
3968,4,-1,0.4,0.0
3969,4,-1,0.4,0.0
3970,4,-1,0.4,0.0
3971,4,-1,0.4,0.0
3972,4,-1,0.4,0.0
3973,4,-1,0.4,0.0
3974,4,-1,0.4,0.0
3975,4,-1,0.4,0.0
3976,4,-1,0.4,0.0
3977,4,-1,0.4,0.0
3978,4,-1,0.4,0.0
3979,4,-1,0.4,0.0
3980,4,-1,0.4,0.0
3981,4,-1,0.4,0.0
3982,4,-1,0.4,0.0
3983,4,-1,0.4,0.0
3984,4,-1,0.4,0.0
3985,4,-1,0.4,0.0
3986,4,-1,0.4,0.0
3987,4,-1,0.4,0.0
3988,4,-1,0.4,0.0
3989,4,-1,0.4,0.0
3990,4,-1,0.4,0.0
3991,4,-1,0.4,0.0
3992,4,-1,0.4,0.0
3993,4,-1,0.4,0.0
3994,4,-1,0.4,0.0
3995,4,-1,0.4,0.0
3996,4,-1,0.4,0.0
3997,4,-1,0.4,0.0
3998,4,-1,0.4,0.0
3999,4,-1,0.4,0.0
4000,4,-1,0.4,0.0
4001,4,-1,0.4,0.0
4002,4,-1,0.4,0.0
4003,4,-1,0.4,0.0
4004,4,-1,0.4,0.0
4005,4,-1,0.4,0.0
4006,4,-1,0.4,0.0
4007,4,-1,0.4,0.0
4008,4,-1,0.4,0.0
4009,4,-1,0.4,0.0
4010,4,-1,0.4,0.0
4011,4,-1,0.4,0.0
4012,4,-1,0.4,0.0
4013,4,-1,0.4,0.0
4014,4,-1,0.4,0.0
4015,4,-1,0.4,0.0
4016,4,-1,0.4,0.0
4017,4,-1,0.4,0.0
4018,4,-1,0.4,0.0
4019,4,-1,0.4,0.0
4020,4,-1,0.4,0.0
4021,4,-1,0.4,0.0
4022,4,-1,0.4,0.0
4023,4,-1,0.4,0.0
4024,4,-1,0.4,0.0
4025,4,-1,0.4,0.0
4026,4,-1,0.4,0.0
4027,4,-1,0.4,0.0
4028,4,-1,0.4,0.0
4029,4,-1,0.4,0.0
4030,4,-1,0.4,0.0
4031,4,-1,0.4,0.0
4032,4,-1,0.4,0.0
4033,4,-1,0.4,0.0
4034,4,-1,0.4,0.0
4035,4,-1,0.4,0.0
4036,4,-1,0.4,0.0
4037,4,-1,0.4,0.0
4038,4,-1,0.4,0.0
4039,4,-1,0.4,0.0
4040,4,-1,0.4,0.0
4041,4,-1,0.4,0.0
4042,4,-1,0.4,0.0
4043,4,-1,0.4,0.0
4044,4,-1,0.4,0.0
4045,4,-1,0.4,0.0
4046,4,-1,0.4,0.0
4047,4,-1,0.4,0.0
4048,4,-1,0.4,0.0
4049,4,-1,0.4,0.0
4050,5,-1,0.4,0.0
4051,5,-1,0.4,0.0
4052,5,-1,0.4,0.0
4053,5,-1,0.4,0.0
4054,5,-1,0.4,0.0
4055,5,-1,0.4,0.0
4056,5,-1,0.4,0.0
4057,5,-1,0.4,0.0
4058,5,-1,0.4,0.0
4059,5,-1,0.4,0.0
4060,5,-1,0.4,0.0
4061,5,-1,0.4,0.0
4062,5,-1,0.4,0.0
4063,5,-1,0.4,0.0
4064,5,-1,0.4,0.0
4065,5,-1,0.4,0.0
4066,5,-1,0.4,0.0
4067,5,-1,0.4,0.0
4068,5,-1,0.4,0.0
4069,5,-1,0.4,0.0
4070,5,-1,0.4,0.0
4071,5,-1,0.4,0.0
4072,5,-1,0.4,0.0
4073,5,-1,0.4,0.0
4074,5,-1,0.4,0.0
4075,5,-1,0.4,0.0
4076,5,-1,0.4,0.0
4077,5,-1,0.4,0.0
4078,5,-1,0.4,0.0
4079,5,-1,0.4,0.0
4080,5,-1,0.4,0.0
4081,5,-1,0.4,0.0
4082,5,-1,0.4,0.0
4083,5,-1,0.4,0.0
4084,5,-1,0.4,0.0
4085,5,-1,0.4,0.0
4086,5,-1,0.4,0.0
4087,5,-1,0.4,0.0
4088,5,-1,0.4,0.0
4089,5,-1,0.4,0.0
4090,5,-1,0.4,0.0
4091,5,-1,0.4,0.0
4092,5,-1,0.4,0.0
4093,5,-1,0.4,0.0
4094,5,-1,0.4,0.0
4095,5,-1,0.4,0.0
4096,5,-1,0.4,0.0
4097,5,-1,0.4,0.0
4098,5,-1,0.4,0.0
4099,5,-1,0.4,0.0
4100,5,-1,0.4,0.0
4101,5,-1,0.4,0.0
4102,5,-1,0.4,0.0
4103,5,-1,0.4,0.0
4104,5,-1,0.4,0.0
4105,5,-1,0.4,0.0
4106,5,-1,0.4,0.0
4107,5,-1,0.4,0.0
4108,5,-1,0.4,0.0
4109,5,-1,0.4,0.0
4110,5,-1,0.4,0.0
4111,5,-1,0.4,0.0
4112,5,-1,0.4,0.0
4113,5,-1,0.4,0.0
4114,5,-1,0.4,0.0
4115,5,-1,0.4,0.0
4116,5,-1,0.4,0.0
4117,5,-1,0.4,0.0
4118,5,-1,0.4,0.0
4119,5,-1,0.4,0.0
4120,5,-1,0.4,0.0
4121,5,-1,0.4,0.0
4122,5,-1,0.4,0.0
4123,5,-1,0.4,0.0
4124,5,-1,0.4,0.0
4125,5,-1,0.4,0.0
4126,5,-1,0.4,0.0
4127,5,-1,0.4,0.0
4128,5,-1,0.4,0.0
4129,5,-1,0.4,0.0
4130,5,-1,0.4,0.0
4131,5,-1,0.4,0.0
4132,5,-1,0.4,0.0
4133,5,-1,0.4,0.0
4134,5,-1,0.4,0.0
4135,5,-1,0.4,0.0
4136,5,-1,0.4,0.0
4137,5,-1,0.4,0.0
4138,5,-1,0.4,0.0
4139,5,-1,0.4,0.0
4140,5,-1,0.4,0.0
4141,5,-1,0.4,0.0
4142,5,-1,0.4,0.0
4143,5,-1,0.4,0.0
4144,5,-1,0.4,0.0
4145,5,-1,0.4,0.0
4146,5,-1,0.4,0.0
4147,5,-1,0.4,0.0
4148,5,-1,0.4,0.0
4149,5,-1,0.4,0.0
4150,5,-1,0.4,0.0
4151,5,-1,0.4,0.0
4152,5,-1,0.4,0.0
4153,5,-1,0.4,0.0
4154,5,-1,0.4,0.0
4155,5,-1,0.4,0.0
4156,5,-1,0.4,0.0
4157,5,-1,0.4,0.0
4158,5,-1,0.4,0.0
4159,5,-1,0.4,0.0
4160,5,-1,0.4,0.0
4161,5,-1,0.4,0.0
4162,5,-1,0.4,0.0
4163,5,-1,0.4,0.0
4164,5,-1,0.4,0.0
4165,5,-1,0.4,0.0
4166,5,-1,0.4,0.0
4167,5,-1,0.4,0.0
4168,5,-1,0.4,0.0
4169,5,-1,0.4,0.0
4170,5,-1,0.4,0.0
4171,5,-1,0.4,0.0
4172,5,-1,0.4,0.0
4173,5,-1,0.4,0.0
4174,5,-1,0.4,0.0
4175,5,-1,0.4,0.0
4176,5,-1,0.4,0.0
4177,5,-1,0.4,0.0
4178,5,-1,0.4,0.0
4179,5,-1,0.4,0.0
4180,5,-1,0.4,0.0
4181,5,-1,0.4,0.0
4182,5,-1,0.4,0.0
4183,5,-1,0.4,0.0
4184,5,-1,0.4,0.0
4185,5,-1,0.4,0.0
4186,5,-1,0.4,0.0
4187,5,-1,0.4,0.0
4188,5,-1,0.4,0.0
4189,5,-1,0.4,0.0
4190,5,-1,0.4,0.0
4191,5,-1,0.4,0.0
4192,5,-1,0.4,0.0
4193,5,-1,0.4,0.0
4194,5,-1,0.4,0.0
4195,5,-1,0.4,0.0
4196,5,-1,0.4,0.0
4197,5,-1,0.4,0.0
4198,5,-1,0.4,0.0
4199,5,-1,0.4,0.0
4200,6,-1,0.4,0.0
4201,6,-1,0.4,0.0
4202,6,-1,0.4,0.0
4203,6,-1,0.4,0.0
4204,6,-1,0.4,0.0
4205,6,-1,0.4,0.0
4206,6,-1,0.4,0.0
4207,6,-1,0.4,0.0
4208,6,-1,0.4,0.0
4209,6,-1,0.4,0.0
4210,6,-1,0.4,0.0
4211,6,-1,0.4,0.0
4212,6,-1,0.4,0.0
4213,6,-1,0.4,0.0
4214,6,-1,0.4,0.0
4215,6,-1,0.4,0.0
4216,6,-1,0.4,0.0
4217,6,-1,0.4,0.0
4218,6,-1,0.4,0.0
4219,6,-1,0.4,0.0
4220,6,-1,0.4,0.0
4221,6,-1,0.4,0.0
4222,6,-1,0.4,0.0
4223,6,-1,0.4,0.0
4224,6,-1,0.4,0.0
4225,6,-1,0.4,0.0
4226,6,-1,0.4,0.0
4227,6,-1,0.4,0.0
4228,6,-1,0.4,0.0
4229,6,-1,0.4,0.0
4230,6,-1,0.4,0.0
4231,6,-1,0.4,0.0
4232,6,-1,0.4,0.0
4233,6,-1,0.4,0.0
4234,6,-1,0.4,0.0
4235,6,-1,0.4,0.0
4236,6,-1,0.4,0.0
4237,6,-1,0.4,0.0
4238,6,-1,0.4,0.0
4239,6,-1,0.4,0.0
4240,6,-1,0.4,0.0
4241,6,-1,0.4,0.0
4242,6,-1,0.4,0.0
4243,6,-1,0.4,0.0
4244,6,-1,0.4,0.0
4245,6,-1,0.4,0.0
4246,6,-1,0.4,0.0
4247,6,-1,0.4,0.0
4248,6,-1,0.4,0.0
4249,6,-1,0.4,0.0
4250,6,-1,0.4,0.0
4251,6,-1,0.4,0.0
4252,6,-1,0.4,0.0
4253,6,-1,0.4,0.0
4254,6,-1,0.4,0.0
4255,6,-1,0.4,0.0
4256,6,-1,0.4,0.0
4257,6,-1,0.4,0.0
4258,6,-1,0.4,0.0
4259,6,-1,0.4,0.0
4260,6,-1,0.4,0.0
4261,6,-1,0.4,0.0
4262,6,-1,0.4,0.0
4263,6,-1,0.4,0.0
4264,6,-1,0.4,0.0
4265,6,-1,0.4,0.0
4266,6,-1,0.4,0.0
4267,6,-1,0.4,0.0
4268,6,-1,0.4,0.0
4269,6,-1,0.4,0.0
4270,6,-1,0.4,0.0
4271,6,-1,0.4,0.0
4272,6,-1,0.4,0.0
4273,6,-1,0.4,0.0
4274,6,-1,0.4,0.0
4275,6,-1,0.4,0.0
4276,6,-1,0.4,0.0
4277,6,-1,0.4,0.0
4278,6,-1,0.4,0.0
4279,6,-1,0.4,0.0
4280,6,-1,0.4,0.0
4281,6,-1,0.4,0.0
4282,6,-1,0.4,0.0
4283,6,-1,0.4,0.0
4284,6,-1,0.4,0.0
4285,6,-1,0.4,0.0
4286,6,-1,0.4,0.0
4287,6,-1,0.4,0.0
4288,6,-1,0.4,0.0
4289,6,-1,0.4,0.0
4290,6,-1,0.4,0.0
4291,6,-1,0.4,0.0
4292,6,-1,0.4,0.0
4293,6,-1,0.4,0.0
4294,6,-1,0.4,0.0
4295,6,-1,0.4,0.0
4296,6,-1,0.4,0.0
4297,6,-1,0.4,0.0
4298,6,-1,0.4,0.0
4299,6,-1,0.4,0.0
4300,6,-1,0.4,0.0
4301,6,-1,0.4,0.0
4302,6,-1,0.4,0.0
4303,6,-1,0.4,0.0
4304,6,-1,0.4,0.0
4305,6,-1,0.4,0.0
4306,6,-1,0.4,0.0
4307,6,-1,0.4,0.0
4308,6,-1,0.4,0.0
4309,6,-1,0.4,0.0
4310,6,-1,0.4,0.0
4311,6,-1,0.4,0.0
4312,6,-1,0.4,0.0
4313,6,-1,0.4,0.0
4314,6,-1,0.4,0.0
4315,6,-1,0.4,0.0
4316,6,-1,0.4,0.0
4317,6,-1,0.4,0.0
4318,6,-1,0.4,0.0
4319,6,-1,0.4,0.0
4320,6,-1,0.4,0.0
4321,6,-1,0.4,0.0
4322,6,-1,0.4,0.0
4323,6,-1,0.4,0.0
4324,6,-1,0.4,0.0
4325,6,-1,0.4,0.0
4326,6,-1,0.4,0.0
4327,6,-1,0.4,0.0
4328,6,-1,0.4,0.0
4329,6,-1,0.4,0.0
4330,6,-1,0.4,0.0
4331,6,-1,0.4,0.0
4332,6,-1,0.4,0.0
4333,6,-1,0.4,0.0
4334,6,-1,0.4,0.0
4335,6,-1,0.4,0.0
4336,6,-1,0.4,0.0
4337,6,-1,0.4,0.0
4338,6,-1,0.4,0.0
4339,6,-1,0.4,0.0
4340,6,-1,0.4,0.0
4341,6,-1,0.4,0.0
4342,6,-1,0.4,0.0
4343,6,-1,0.4,0.0
4344,6,-1,0.4,0.0
4345,6,-1,0.4,0.0
4346,6,-1,0.4,0.0
4347,6,-1,0.4,0.0
4348,6,-1,0.4,0.0
4349,6,-1,0.4,0.0
4350,7,-1,0.4,0.0
4351,7,-1,0.4,0.0
4352,7,-1,0.4,0.0
4353,7,-1,0.4,0.0
4354,7,-1,0.4,0.0
4355,7,-1,0.4,0.0
4356,7,-1,0.4,0.0
4357,7,-1,0.4,0.0
4358,7,-1,0.4,0.0
4359,7,-1,0.4,0.0
4360,7,-1,0.4,0.0
4361,7,-1,0.4,0.0
4362,7,-1,0.4,0.0
4363,7,-1,0.4,0.0
4364,7,-1,0.4,0.0
4365,7,-1,0.4,0.0
4366,7,-1,0.4,0.0
4367,7,-1,0.4,0.0
4368,7,-1,0.4,0.0
4369,7,-1,0.4,0.0
4370,7,-1,0.4,0.0
4371,7,-1,0.4,0.0
4372,7,-1,0.4,0.0
4373,7,-1,0.4,0.0
4374,7,-1,0.4,0.0
4375,7,-1,0.4,0.0
4376,7,-1,0.4,0.0
4377,7,-1,0.4,0.0
4378,7,-1,0.4,0.0
4379,7,-1,0.4,0.0
4380,7,-1,0.4,0.0
4381,7,-1,0.4,0.0
4382,7,-1,0.4,0.0
4383,7,-1,0.4,0.0
4384,7,-1,0.4,0.0
4385,7,-1,0.4,0.0
4386,7,-1,0.4,0.0
4387,7,-1,0.4,0.0
4388,7,-1,0.4,0.0
4389,7,-1,0.4,0.0
4390,7,-1,0.4,0.0
4391,7,-1,0.4,0.0
4392,7,-1,0.4,0.0
4393,7,-1,0.4,0.0
4394,7,-1,0.4,0.0
4395,7,-1,0.4,0.0
4396,7,-1,0.4,0.0
4397,7,-1,0.4,0.0
4398,7,-1,0.4,0.0
4399,7,-1,0.4,0.0
4400,7,-1,0.4,0.0
4401,7,-1,0.4,0.0
4402,7,-1,0.4,0.0
4403,7,-1,0.4,0.0
4404,7,-1,0.4,0.0
4405,7,-1,0.4,0.0
4406,7,-1,0.4,0.0
4407,7,-1,0.4,0.0
4408,7,-1,0.4,0.0
4409,7,-1,0.4,0.0
4410,7,-1,0.4,0.0
4411,7,-1,0.4,0.0
4412,7,-1,0.4,0.0
4413,7,-1,0.4,0.0
4414,7,-1,0.4,0.0
4415,7,-1,0.4,0.0
4416,7,-1,0.4,0.0
4417,7,-1,0.4,0.0
4418,7,-1,0.4,0.0
4419,7,-1,0.4,0.0
4420,7,-1,0.4,0.0
4421,7,-1,0.4,0.0
4422,7,-1,0.4,0.0
4423,7,-1,0.4,0.0
4424,7,-1,0.4,0.0
4425,7,-1,0.4,0.0
4426,7,-1,0.4,0.0
4427,7,-1,0.4,0.0
4428,7,-1,0.4,0.0
4429,7,-1,0.4,0.0
4430,7,-1,0.4,0.0
4431,7,-1,0.4,0.0
4432,7,-1,0.4,0.0
4433,7,-1,0.4,0.0
4434,7,-1,0.4,0.0
4435,7,-1,0.4,0.0
4436,7,-1,0.4,0.0
4437,7,-1,0.4,0.0
4438,7,-1,0.4,0.0
4439,7,-1,0.4,0.0
4440,7,-1,0.4,0.0
4441,7,-1,0.4,0.0
4442,7,-1,0.4,0.0
4443,7,-1,0.4,0.0
4444,7,-1,0.4,0.0
4445,7,-1,0.4,0.0
4446,7,-1,0.4,0.0
4447,7,-1,0.4,0.0
4448,7,-1,0.4,0.0
4449,7,-1,0.4,0.0
4450,7,-1,0.4,0.0
4451,7,-1,0.4,0.0
4452,7,-1,0.4,0.0
4453,7,-1,0.4,0.0
4454,7,-1,0.4,0.0
4455,7,-1,0.4,0.0
4456,7,-1,0.4,0.0
4457,7,-1,0.4,0.0
4458,7,-1,0.4,0.0
4459,7,-1,0.4,0.0
4460,7,-1,0.4,0.0
4461,7,-1,0.4,0.0
4462,7,-1,0.4,0.0
4463,7,-1,0.4,0.0
4464,7,-1,0.4,0.0
4465,7,-1,0.4,0.0
4466,7,-1,0.4,0.0
4467,7,-1,0.4,0.0
4468,7,-1,0.4,0.0
4469,7,-1,0.4,0.0
4470,7,-1,0.4,0.0
4471,7,-1,0.4,0.0
4472,7,-1,0.4,0.0
4473,7,-1,0.4,0.0
4474,7,-1,0.4,0.0
4475,7,-1,0.4,0.0
4476,7,-1,0.4,0.0
4477,7,-1,0.4,0.0
4478,7,-1,0.4,0.0
4479,7,-1,0.4,0.0
4480,7,-1,0.4,0.0
4481,7,-1,0.4,0.0
4482,7,-1,0.4,0.0
4483,7,-1,0.4,0.0
4484,7,-1,0.4,0.0
4485,7,-1,0.4,0.0
4486,7,-1,0.4,0.0
4487,7,-1,0.4,0.0
4488,7,-1,0.4,0.0
4489,7,-1,0.4,0.0
4490,7,-1,0.4,0.0
4491,7,-1,0.4,0.0
4492,7,-1,0.4,0.0
4493,7,-1,0.4,0.0
4494,7,-1,0.4,0.0
4495,7,-1,0.4,0.0
4496,7,-1,0.4,0.0
4497,7,-1,0.4,0.0
4498,7,-1,0.4,0.0
4499,7,-1,0.4,0.0
4500,8,-1,0.4,0.0
4501,8,-1,0.4,0.0
4502,8,-1,0.4,0.0
4503,8,-1,0.4,0.0
4504,8,-1,0.4,0.0
4505,8,-1,0.4,0.0
4506,8,-1,0.4,0.0
4507,8,-1,0.4,0.0
4508,8,-1,0.4,0.0
4509,8,-1,0.4,0.0
4510,8,-1,0.4,0.0
4511,8,-1,0.4,0.0
4512,8,-1,0.4,0.0
4513,8,-1,0.4,0.0
4514,8,-1,0.4,0.0
4515,8,-1,0.4,0.0
4516,8,-1,0.4,0.0
4517,8,-1,0.4,0.0
4518,8,-1,0.4,0.0
4519,8,-1,0.4,0.0
4520,8,-1,0.4,0.0
4521,8,-1,0.4,0.0
4522,8,-1,0.4,0.0
4523,8,-1,0.4,0.0
4524,8,-1,0.4,0.0
4525,8,-1,0.4,0.0
4526,8,-1,0.4,0.0
4527,8,-1,0.4,0.0
4528,8,-1,0.4,0.0
4529,8,-1,0.4,0.0
4530,8,-1,0.4,0.0
4531,8,-1,0.4,0.0
4532,8,-1,0.4,0.0
4533,8,-1,0.4,0.0
4534,8,-1,0.4,0.0
4535,8,-1,0.4,0.0
4536,8,-1,0.4,0.0
4537,8,-1,0.4,0.0
4538,8,-1,0.4,0.0
4539,8,-1,0.4,0.0
4540,8,-1,0.4,0.0
4541,8,-1,0.4,0.0
4542,8,-1,0.4,0.0
4543,8,-1,0.4,0.0
4544,8,-1,0.4,0.0
4545,8,-1,0.4,0.0
4546,8,-1,0.4,0.0
4547,8,-1,0.4,0.0
4548,8,-1,0.4,0.0
4549,8,-1,0.4,0.0
4550,8,-1,0.4,0.0
4551,8,-1,0.4,0.0
4552,8,-1,0.4,0.0
4553,8,-1,0.4,0.0
4554,8,-1,0.4,0.0
4555,8,-1,0.4,0.0
4556,8,-1,0.4,0.0
4557,8,-1,0.4,0.0
4558,8,-1,0.4,0.0
4559,8,-1,0.4,0.0
4560,8,-1,0.4,0.0
4561,8,-1,0.4,0.0
4562,8,-1,0.4,0.0
4563,8,-1,0.4,0.0
4564,8,-1,0.4,0.0
4565,8,-1,0.4,0.0
4566,8,-1,0.4,0.0
4567,8,-1,0.4,0.0
4568,8,-1,0.4,0.0
4569,8,-1,0.4,0.0
4570,8,-1,0.4,0.0
4571,8,-1,0.4,0.0
4572,8,-1,0.4,0.0
4573,8,-1,0.4,0.0
4574,8,-1,0.4,0.0
4575,8,-1,0.4,0.0
4576,8,-1,0.4,0.0
4577,8,-1,0.4,0.0
4578,8,-1,0.4,0.0
4579,8,-1,0.4,0.0
4580,8,-1,0.4,0.0
4581,8,-1,0.4,0.0
4582,8,-1,0.4,0.0
4583,8,-1,0.4,0.0
4584,8,-1,0.4,0.0
4585,8,-1,0.4,0.0
4586,8,-1,0.4,0.0
4587,8,-1,0.4,0.0
4588,8,-1,0.4,0.0
4589,8,-1,0.4,0.0
4590,8,-1,0.4,0.0
4591,8,-1,0.4,0.0
4592,8,-1,0.4,0.0
4593,8,-1,0.4,0.0
4594,8,-1,0.4,0.0
4595,8,-1,0.4,0.0
4596,8,-1,0.4,0.0
4597,8,-1,0.4,0.0
4598,8,-1,0.4,0.0
4599,8,-1,0.4,0.0
4600,8,-1,0.4,0.0
4601,8,-1,0.4,0.0
4602,8,-1,0.4,0.0
4603,8,-1,0.4,0.0
4604,8,-1,0.4,0.0
4605,8,-1,0.4,0.0
4606,8,-1,0.4,0.0
4607,8,-1,0.4,0.0
4608,8,-1,0.4,0.0
4609,8,-1,0.4,0.0
4610,8,-1,0.4,0.0
4611,8,-1,0.4,0.0
4612,8,-1,0.4,0.0
4613,8,-1,0.4,0.0
4614,8,-1,0.4,0.0
4615,8,-1,0.4,0.0
4616,8,-1,0.4,0.0
4617,8,-1,0.4,0.0
4618,8,-1,0.4,0.0
4619,8,-1,0.4,0.0
4620,8,-1,0.4,0.0
4621,8,-1,0.4,0.0
4622,8,-1,0.4,0.0
4623,8,-1,0.4,0.0
4624,8,-1,0.4,0.0
4625,8,-1,0.4,0.0
4626,8,-1,0.4,0.0
4627,8,-1,0.4,0.0
4628,8,-1,0.4,0.0
4629,8,-1,0.4,0.0
4630,8,-1,0.4,0.0
4631,8,-1,0.4,0.0
4632,8,-1,0.4,0.0
4633,8,-1,0.4,0.0
4634,8,-1,0.4,0.0
4635,8,-1,0.4,0.0
4636,8,-1,0.4,0.0
4637,8,-1,0.4,0.0
4638,8,-1,0.4,0.0
4639,8,-1,0.4,0.0
4640,8,-1,0.4,0.0
4641,8,-1,0.4,0.0
4642,8,-1,0.4,0.0
4643,8,-1,0.4,0.0
4644,8,-1,0.4,0.0
4645,8,-1,0.4,0.0
4646,8,-1,0.4,0.0
4647,8,-1,0.4,0.0
4648,8,-1,0.4,0.0
4649,8,-1,0.4,0.0
4650,9,-1,0.4,0.0
4651,9,-1,0.4,0.0
4652,9,-1,0.4,0.0
4653,9,-1,0.4,0.0
4654,9,-1,0.4,0.0
4655,9,-1,0.4,0.0
4656,9,-1,0.4,0.0
4657,9,-1,0.4,0.0
4658,9,-1,0.4,0.0
4659,9,-1,0.4,0.0
4660,9,-1,0.4,0.0
4661,9,-1,0.4,0.0
4662,9,-1,0.4,0.0
4663,9,-1,0.4,0.0
4664,9,-1,0.4,0.0
4665,9,-1,0.4,0.0
4666,9,-1,0.4,0.0
4667,9,-1,0.4,0.0
4668,9,-1,0.4,0.0
4669,9,-1,0.4,0.0
4670,9,-1,0.4,0.0
4671,9,-1,0.4,0.0
4672,9,-1,0.4,0.0
4673,9,-1,0.4,0.0
4674,9,-1,0.4,0.0
4675,9,-1,0.4,0.0
4676,9,-1,0.4,0.0
4677,9,-1,0.4,0.0
4678,9,-1,0.4,0.0
4679,9,-1,0.4,0.0
4680,9,-1,0.4,0.0
4681,9,-1,0.4,0.0
4682,9,-1,0.4,0.0
4683,9,-1,0.4,0.0
4684,9,-1,0.4,0.0
4685,9,-1,0.4,0.0
4686,9,-1,0.4,0.0
4687,9,-1,0.4,0.0
4688,9,-1,0.4,0.0
4689,9,-1,0.4,0.0
4690,9,-1,0.4,0.0
4691,9,-1,0.4,0.0
4692,9,-1,0.4,0.0
4693,9,-1,0.4,0.0
4694,9,-1,0.4,0.0
4695,9,-1,0.4,0.0
4696,9,-1,0.4,0.0
4697,9,-1,0.4,0.0
4698,9,-1,0.4,0.0
4699,9,-1,0.4,0.0
4700,9,-1,0.4,0.0
4701,9,-1,0.4,0.0
4702,9,-1,0.4,0.0
4703,9,-1,0.4,0.0
4704,9,-1,0.4,0.0
4705,9,-1,0.4,0.0
4706,9,-1,0.4,0.0
4707,9,-1,0.4,0.0
4708,9,-1,0.4,0.0
4709,9,-1,0.4,0.0
4710,9,-1,0.4,0.0
4711,9,-1,0.4,0.0
4712,9,-1,0.4,0.0
4713,9,-1,0.4,0.0
4714,9,-1,0.4,0.0
4715,9,-1,0.4,0.0
4716,9,-1,0.4,0.0
4717,9,-1,0.4,0.0
4718,9,-1,0.4,0.0
4719,9,-1,0.4,0.0
4720,9,-1,0.4,0.0
4721,9,-1,0.4,0.0
4722,9,-1,0.4,0.0
4723,9,-1,0.4,0.0
4724,9,-1,0.4,0.0
4725,9,-1,0.4,0.0
4726,9,-1,0.4,0.0
4727,9,-1,0.4,0.0
4728,9,-1,0.4,0.0
4729,9,-1,0.4,0.0
4730,9,-1,0.4,0.0
4731,9,-1,0.4,0.0
4732,9,-1,0.4,0.0
4733,9,-1,0.4,0.0
4734,9,-1,0.4,0.0
4735,9,-1,0.4,0.0
4736,9,-1,0.4,0.0
4737,9,-1,0.4,0.0
4738,9,-1,0.4,0.0
4739,9,-1,0.4,0.0
4740,9,-1,0.4,0.0
4741,9,-1,0.4,0.0
4742,9,-1,0.4,0.0
4743,9,-1,0.4,0.0
4744,9,-1,0.4,0.0
4745,9,-1,0.4,0.0
4746,9,-1,0.4,0.0
4747,9,-1,0.4,0.0
4748,9,-1,0.4,0.0
4749,9,-1,0.4,0.0
4750,9,-1,0.4,0.0
4751,9,-1,0.4,0.0
4752,9,-1,0.4,0.0
4753,9,-1,0.4,0.0
4754,9,-1,0.4,0.0
4755,9,-1,0.4,0.0
4756,9,-1,0.4,0.0
4757,9,-1,0.4,0.0
4758,9,-1,0.4,0.0
4759,9,-1,0.4,0.0
4760,9,-1,0.4,0.0
4761,9,-1,0.4,0.0
4762,9,-1,0.4,0.0
4763,9,-1,0.4,0.0
4764,9,-1,0.4,0.0
4765,9,-1,0.4,0.0
4766,9,-1,0.4,0.0
4767,9,-1,0.4,0.0
4768,9,-1,0.4,0.0
4769,9,-1,0.4,0.0
4770,9,-1,0.4,0.0
4771,9,-1,0.4,0.0
4772,9,-1,0.4,0.0
4773,9,-1,0.4,0.0
4774,9,-1,0.4,0.0
4775,9,-1,0.4,0.0
4776,9,-1,0.4,0.0
4777,9,-1,0.4,0.0
4778,9,-1,0.4,0.0
4779,9,-1,0.4,0.0
4780,9,-1,0.4,0.0
4781,9,-1,0.4,0.0
4782,9,-1,0.4,0.0
4783,9,-1,0.4,0.0
4784,9,-1,0.4,0.0
4785,9,-1,0.4,0.0
4786,9,-1,0.4,0.0
4787,9,-1,0.4,0.0
4788,9,-1,0.4,0.0
4789,9,-1,0.4,0.0
4790,9,-1,0.4,0.0
4791,9,-1,0.4,0.0
4792,9,-1,0.4,0.0
4793,9,-1,0.4,0.0
4794,9,-1,0.4,0.0
4795,9,-1,0.4,0.0
4796,9,-1,0.4,0.0
4797,9,-1,0.4,0.0
4798,9,-1,0.4,0.0
4799,9,-1,0.4,0.0
4800,2,-1,0.5,0.0
4801,2,-1,0.5,0.0
4802,2,-1,0.5,0.0
4803,2,-1,0.5,0.0
4804,2,-1,0.5,0.0
4805,2,-1,0.5,0.0
4806,2,-1,0.5,0.0
4807,2,-1,0.5,0.0
4808,2,-1,0.5,0.0
4809,2,-1,0.5,0.0
4810,2,-1,0.5,0.0
4811,2,-1,0.5,0.0
4812,2,-1,0.5,0.0
4813,2,-1,0.5,0.0
4814,2,-1,0.5,0.0
4815,2,-1,0.5,0.0
4816,2,-1,0.5,0.0
4817,2,-1,0.5,0.0
4818,2,-1,0.5,0.0
4819,2,-1,0.5,0.0
4820,2,-1,0.5,0.0
4821,2,-1,0.5,0.0
4822,2,-1,0.5,0.0
4823,2,-1,0.5,0.0
4824,2,-1,0.5,0.0
4825,2,-1,0.5,0.0
4826,2,-1,0.5,0.0
4827,2,-1,0.5,0.0
4828,2,-1,0.5,0.0
4829,2,-1,0.5,0.0
4830,2,-1,0.5,0.0
4831,2,-1,0.5,0.0
4832,2,-1,0.5,0.0
4833,2,-1,0.5,0.0
4834,2,-1,0.5,0.0
4835,2,-1,0.5,0.0
4836,2,-1,0.5,0.0
4837,2,-1,0.5,0.0
4838,2,-1,0.5,0.0
4839,2,-1,0.5,0.0
4840,2,-1,0.5,0.0
4841,2,-1,0.5,0.0
4842,2,-1,0.5,0.0
4843,2,-1,0.5,0.0
4844,2,-1,0.5,0.0
4845,2,-1,0.5,0.0
4846,2,-1,0.5,0.0
4847,2,-1,0.5,0.0
4848,2,-1,0.5,0.0
4849,2,-1,0.5,0.0
4850,2,-1,0.5,0.0
4851,2,-1,0.5,0.0
4852,2,-1,0.5,0.0
4853,2,-1,0.5,0.0
4854,2,-1,0.5,0.0
4855,2,-1,0.5,0.0
4856,2,-1,0.5,0.0
4857,2,-1,0.5,0.0
4858,2,-1,0.5,0.0
4859,2,-1,0.5,0.0
4860,2,-1,0.5,0.0
4861,2,-1,0.5,0.0
4862,2,-1,0.5,0.0
4863,2,-1,0.5,0.0
4864,2,-1,0.5,0.0
4865,2,-1,0.5,0.0
4866,2,-1,0.5,0.0
4867,2,-1,0.5,0.0
4868,2,-1,0.5,0.0
4869,2,-1,0.5,0.0
4870,2,-1,0.5,0.0
4871,2,-1,0.5,0.0
4872,2,-1,0.5,0.0
4873,2,-1,0.5,0.0
4874,2,-1,0.5,0.0
4875,2,-1,0.5,0.0
4876,2,-1,0.5,0.0
4877,2,-1,0.5,0.0
4878,2,-1,0.5,0.0
4879,2,-1,0.5,0.0
4880,2,-1,0.5,0.0
4881,2,-1,0.5,0.0
4882,2,-1,0.5,0.0
4883,2,-1,0.5,0.0
4884,2,-1,0.5,0.0
4885,2,-1,0.5,0.0
4886,2,-1,0.5,0.0
4887,2,-1,0.5,0.0
4888,2,-1,0.5,0.0
4889,2,-1,0.5,0.0
4890,2,-1,0.5,0.0
4891,2,-1,0.5,0.0
4892,2,-1,0.5,0.0
4893,2,-1,0.5,0.0
4894,2,-1,0.5,0.0
4895,2,-1,0.5,0.0
4896,2,-1,0.5,0.0
4897,2,-1,0.5,0.0
4898,2,-1,0.5,0.0
4899,2,-1,0.5,0.0
4900,2,-1,0.5,0.0
4901,2,-1,0.5,0.0
4902,2,-1,0.5,0.0
4903,2,-1,0.5,0.0
4904,2,-1,0.5,0.0
4905,2,-1,0.5,0.0
4906,2,-1,0.5,0.0
4907,2,-1,0.5,0.0
4908,2,-1,0.5,0.0
4909,2,-1,0.5,0.0
4910,2,-1,0.5,0.0
4911,2,-1,0.5,0.0
4912,2,-1,0.5,0.0
4913,2,-1,0.5,0.0
4914,2,-1,0.5,0.0
4915,2,-1,0.5,0.0
4916,2,-1,0.5,0.0
4917,2,-1,0.5,0.0
4918,2,-1,0.5,0.0
4919,2,-1,0.5,0.0
4920,2,-1,0.5,0.0
4921,2,-1,0.5,0.0
4922,2,-1,0.5,0.0
4923,2,-1,0.5,0.0
4924,2,-1,0.5,0.0
4925,2,-1,0.5,0.0
4926,2,-1,0.5,0.0
4927,2,-1,0.5,0.0
4928,2,-1,0.5,0.0
4929,2,-1,0.5,0.0
4930,2,-1,0.5,0.0
4931,2,-1,0.5,0.0
4932,2,-1,0.5,0.0
4933,2,-1,0.5,0.0
4934,2,-1,0.5,0.0
4935,2,-1,0.5,0.0
4936,2,-1,0.5,0.0
4937,2,-1,0.5,0.0
4938,2,-1,0.5,0.0
4939,2,-1,0.5,0.0
4940,2,-1,0.5,0.0
4941,2,-1,0.5,0.0
4942,2,-1,0.5,0.0
4943,2,-1,0.5,0.0
4944,2,-1,0.5,0.0
4945,2,-1,0.5,0.0
4946,2,-1,0.5,0.0
4947,2,-1,0.5,0.0
4948,2,-1,0.5,0.0
4949,2,-1,0.5,0.0
4950,3,-1,0.5,0.0
4951,3,-1,0.5,0.0
4952,3,-1,0.5,0.0
4953,3,-1,0.5,0.0
4954,3,-1,0.5,0.0
4955,3,-1,0.5,0.0
4956,3,-1,0.5,0.0
4957,3,-1,0.5,0.0
4958,3,-1,0.5,0.0
4959,3,-1,0.5,0.0
4960,3,-1,0.5,0.0
4961,3,-1,0.5,0.0
4962,3,-1,0.5,0.0
4963,3,-1,0.5,0.0
4964,3,-1,0.5,0.0
4965,3,-1,0.5,0.0
4966,3,-1,0.5,0.0
4967,3,-1,0.5,0.0
4968,3,-1,0.5,0.0
4969,3,-1,0.5,0.0
4970,3,-1,0.5,0.0
4971,3,-1,0.5,0.0
4972,3,-1,0.5,0.0
4973,3,-1,0.5,0.0
4974,3,-1,0.5,0.0
4975,3,-1,0.5,0.0
4976,3,-1,0.5,0.0
4977,3,-1,0.5,0.0
4978,3,-1,0.5,0.0
4979,3,-1,0.5,0.0
4980,3,-1,0.5,0.0
4981,3,-1,0.5,0.0
4982,3,-1,0.5,0.0
4983,3,-1,0.5,0.0
4984,3,-1,0.5,0.0
4985,3,-1,0.5,0.0
4986,3,-1,0.5,0.0
4987,3,-1,0.5,0.0
4988,3,-1,0.5,0.0
4989,3,-1,0.5,0.0
4990,3,-1,0.5,0.0
4991,3,-1,0.5,0.0
4992,3,-1,0.5,0.0
4993,3,-1,0.5,0.0
4994,3,-1,0.5,0.0
4995,3,-1,0.5,0.0
4996,3,-1,0.5,0.0
4997,3,-1,0.5,0.0
4998,3,-1,0.5,0.0
4999,3,-1,0.5,0.0
5000,3,-1,0.5,0.0
5001,3,-1,0.5,0.0
5002,3,-1,0.5,0.0
5003,3,-1,0.5,0.0
5004,3,-1,0.5,0.0
5005,3,-1,0.5,0.0
5006,3,-1,0.5,0.0
5007,3,-1,0.5,0.0
5008,3,-1,0.5,0.0
5009,3,-1,0.5,0.0
5010,3,-1,0.5,0.0
5011,3,-1,0.5,0.0
5012,3,-1,0.5,0.0
5013,3,-1,0.5,0.0
5014,3,-1,0.5,0.0
5015,3,-1,0.5,0.0
5016,3,-1,0.5,0.0
5017,3,-1,0.5,0.0
5018,3,-1,0.5,0.0
5019,3,-1,0.5,0.0
5020,3,-1,0.5,0.0
5021,3,-1,0.5,0.0
5022,3,-1,0.5,0.0
5023,3,-1,0.5,0.0
5024,3,-1,0.5,0.0
5025,3,-1,0.5,0.0
5026,3,-1,0.5,0.0
5027,3,-1,0.5,0.0
5028,3,-1,0.5,0.0
5029,3,-1,0.5,0.0
5030,3,-1,0.5,0.0
5031,3,-1,0.5,0.0
5032,3,-1,0.5,0.0
5033,3,-1,0.5,0.0
5034,3,-1,0.5,0.0
5035,3,-1,0.5,0.0
5036,3,-1,0.5,0.0
5037,3,-1,0.5,0.0
5038,3,-1,0.5,0.0
5039,3,-1,0.5,0.0
5040,3,-1,0.5,0.0
5041,3,-1,0.5,0.0
5042,3,-1,0.5,0.0
5043,3,-1,0.5,0.0
5044,3,-1,0.5,0.0
5045,3,-1,0.5,0.0
5046,3,-1,0.5,0.0
5047,3,-1,0.5,0.0
5048,3,-1,0.5,0.0
5049,3,-1,0.5,0.0
5050,3,-1,0.5,0.0
5051,3,-1,0.5,0.0
5052,3,-1,0.5,0.0
5053,3,-1,0.5,0.0
5054,3,-1,0.5,0.0
5055,3,-1,0.5,0.0
5056,3,-1,0.5,0.0
5057,3,-1,0.5,0.0
5058,3,-1,0.5,0.0
5059,3,-1,0.5,0.0
5060,3,-1,0.5,0.0
5061,3,-1,0.5,0.0
5062,3,-1,0.5,0.0
5063,3,-1,0.5,0.0
5064,3,-1,0.5,0.0
5065,3,-1,0.5,0.0
5066,3,-1,0.5,0.0
5067,3,-1,0.5,0.0
5068,3,-1,0.5,0.0
5069,3,-1,0.5,0.0
5070,3,-1,0.5,0.0
5071,3,-1,0.5,0.0
5072,3,-1,0.5,0.0
5073,3,-1,0.5,0.0
5074,3,-1,0.5,0.0
5075,3,-1,0.5,0.0
5076,3,-1,0.5,0.0
5077,3,-1,0.5,0.0
5078,3,-1,0.5,0.0
5079,3,-1,0.5,0.0
5080,3,-1,0.5,0.0
5081,3,-1,0.5,0.0
5082,3,-1,0.5,0.0
5083,3,-1,0.5,0.0
5084,3,-1,0.5,0.0
5085,3,-1,0.5,0.0
5086,3,-1,0.5,0.0
5087,3,-1,0.5,0.0
5088,3,-1,0.5,0.0
5089,3,-1,0.5,0.0
5090,3,-1,0.5,0.0
5091,3,-1,0.5,0.0
5092,3,-1,0.5,0.0
5093,3,-1,0.5,0.0
5094,3,-1,0.5,0.0
5095,3,-1,0.5,0.0
5096,3,-1,0.5,0.0
5097,3,-1,0.5,0.0
5098,3,-1,0.5,0.0
5099,3,-1,0.5,0.0
5100,4,-1,0.5,0.0
5101,4,-1,0.5,0.0
5102,4,-1,0.5,0.0
5103,4,-1,0.5,0.0
5104,4,-1,0.5,0.0
5105,4,-1,0.5,0.0
5106,4,-1,0.5,0.0
5107,4,-1,0.5,0.0
5108,4,-1,0.5,0.0
5109,4,-1,0.5,0.0
5110,4,-1,0.5,0.0
5111,4,-1,0.5,0.0
5112,4,-1,0.5,0.0
5113,4,-1,0.5,0.0
5114,4,-1,0.5,0.0
5115,4,-1,0.5,0.0
5116,4,-1,0.5,0.0
5117,4,-1,0.5,0.0
5118,4,-1,0.5,0.0
5119,4,-1,0.5,0.0
5120,4,-1,0.5,0.0
5121,4,-1,0.5,0.0
5122,4,-1,0.5,0.0
5123,4,-1,0.5,0.0
5124,4,-1,0.5,0.0
5125,4,-1,0.5,0.0
5126,4,-1,0.5,0.0
5127,4,-1,0.5,0.0
5128,4,-1,0.5,0.0
5129,4,-1,0.5,0.0
5130,4,-1,0.5,0.0
5131,4,-1,0.5,0.0
5132,4,-1,0.5,0.0
5133,4,-1,0.5,0.0
5134,4,-1,0.5,0.0
5135,4,-1,0.5,0.0
5136,4,-1,0.5,0.0
5137,4,-1,0.5,0.0
5138,4,-1,0.5,0.0
5139,4,-1,0.5,0.0
5140,4,-1,0.5,0.0
5141,4,-1,0.5,0.0
5142,4,-1,0.5,0.0
5143,4,-1,0.5,0.0
5144,4,-1,0.5,0.0
5145,4,-1,0.5,0.0
5146,4,-1,0.5,0.0
5147,4,-1,0.5,0.0
5148,4,-1,0.5,0.0
5149,4,-1,0.5,0.0
5150,4,-1,0.5,0.0
5151,4,-1,0.5,0.0
5152,4,-1,0.5,0.0
5153,4,-1,0.5,0.0
5154,4,-1,0.5,0.0
5155,4,-1,0.5,0.0
5156,4,-1,0.5,0.0
5157,4,-1,0.5,0.0
5158,4,-1,0.5,0.0
5159,4,-1,0.5,0.0
5160,4,-1,0.5,0.0
5161,4,-1,0.5,0.0
5162,4,-1,0.5,0.0
5163,4,-1,0.5,0.0
5164,4,-1,0.5,0.0
5165,4,-1,0.5,0.0
5166,4,-1,0.5,0.0
5167,4,-1,0.5,0.0
5168,4,-1,0.5,0.0
5169,4,-1,0.5,0.0
5170,4,-1,0.5,0.0
5171,4,-1,0.5,0.0
5172,4,-1,0.5,0.0
5173,4,-1,0.5,0.0
5174,4,-1,0.5,0.0
5175,4,-1,0.5,0.0
5176,4,-1,0.5,0.0
5177,4,-1,0.5,0.0
5178,4,-1,0.5,0.0
5179,4,-1,0.5,0.0
5180,4,-1,0.5,0.0
5181,4,-1,0.5,0.0
5182,4,-1,0.5,0.0
5183,4,-1,0.5,0.0
5184,4,-1,0.5,0.0
5185,4,-1,0.5,0.0
5186,4,-1,0.5,0.0
5187,4,-1,0.5,0.0
5188,4,-1,0.5,0.0
5189,4,-1,0.5,0.0
5190,4,-1,0.5,0.0
5191,4,-1,0.5,0.0
5192,4,-1,0.5,0.0
5193,4,-1,0.5,0.0
5194,4,-1,0.5,0.0
5195,4,-1,0.5,0.0
5196,4,-1,0.5,0.0
5197,4,-1,0.5,0.0
5198,4,-1,0.5,0.0
5199,4,-1,0.5,0.0
5200,4,-1,0.5,0.0
5201,4,-1,0.5,0.0
5202,4,-1,0.5,0.0
5203,4,-1,0.5,0.0
5204,4,-1,0.5,0.0
5205,4,-1,0.5,0.0
5206,4,-1,0.5,0.0
5207,4,-1,0.5,0.0
5208,4,-1,0.5,0.0
5209,4,-1,0.5,0.0
5210,4,-1,0.5,0.0
5211,4,-1,0.5,0.0
5212,4,-1,0.5,0.0
5213,4,-1,0.5,0.0
5214,4,-1,0.5,0.0
5215,4,-1,0.5,0.0
5216,4,-1,0.5,0.0
5217,4,-1,0.5,0.0
5218,4,-1,0.5,0.0
5219,4,-1,0.5,0.0
5220,4,-1,0.5,0.0
5221,4,-1,0.5,0.0
5222,4,-1,0.5,0.0
5223,4,-1,0.5,0.0
5224,4,-1,0.5,0.0
5225,4,-1,0.5,0.0
5226,4,-1,0.5,0.0
5227,4,-1,0.5,0.0
5228,4,-1,0.5,0.0
5229,4,-1,0.5,0.0
5230,4,-1,0.5,0.0
5231,4,-1,0.5,0.0
5232,4,-1,0.5,0.0
5233,4,-1,0.5,0.0
5234,4,-1,0.5,0.0
5235,4,-1,0.5,0.0
5236,4,-1,0.5,0.0
5237,4,-1,0.5,0.0
5238,4,-1,0.5,0.0
5239,4,-1,0.5,0.0
5240,4,-1,0.5,0.0
5241,4,-1,0.5,0.0
5242,4,-1,0.5,0.0
5243,4,-1,0.5,0.0
5244,4,-1,0.5,0.0
5245,4,-1,0.5,0.0
5246,4,-1,0.5,0.0
5247,4,-1,0.5,0.0
5248,4,-1,0.5,0.0
5249,4,-1,0.5,0.0
5250,5,-1,0.5,0.0
5251,5,-1,0.5,0.0
5252,5,-1,0.5,0.0
5253,5,-1,0.5,0.0
5254,5,-1,0.5,0.0
5255,5,-1,0.5,0.0
5256,5,-1,0.5,0.0
5257,5,-1,0.5,0.0
5258,5,-1,0.5,0.0
5259,5,-1,0.5,0.0
5260,5,-1,0.5,0.0
5261,5,-1,0.5,0.0
5262,5,-1,0.5,0.0
5263,5,-1,0.5,0.0
5264,5,-1,0.5,0.0
5265,5,-1,0.5,0.0
5266,5,-1,0.5,0.0
5267,5,-1,0.5,0.0
5268,5,-1,0.5,0.0
5269,5,-1,0.5,0.0
5270,5,-1,0.5,0.0
5271,5,-1,0.5,0.0
5272,5,-1,0.5,0.0
5273,5,-1,0.5,0.0
5274,5,-1,0.5,0.0
5275,5,-1,0.5,0.0
5276,5,-1,0.5,0.0
5277,5,-1,0.5,0.0
5278,5,-1,0.5,0.0
5279,5,-1,0.5,0.0
5280,5,-1,0.5,0.0
5281,5,-1,0.5,0.0
5282,5,-1,0.5,0.0
5283,5,-1,0.5,0.0
5284,5,-1,0.5,0.0
5285,5,-1,0.5,0.0
5286,5,-1,0.5,0.0
5287,5,-1,0.5,0.0
5288,5,-1,0.5,0.0
5289,5,-1,0.5,0.0
5290,5,-1,0.5,0.0
5291,5,-1,0.5,0.0
5292,5,-1,0.5,0.0
5293,5,-1,0.5,0.0
5294,5,-1,0.5,0.0
5295,5,-1,0.5,0.0
5296,5,-1,0.5,0.0
5297,5,-1,0.5,0.0
5298,5,-1,0.5,0.0
5299,5,-1,0.5,0.0
5300,5,-1,0.5,0.0
5301,5,-1,0.5,0.0
5302,5,-1,0.5,0.0
5303,5,-1,0.5,0.0
5304,5,-1,0.5,0.0
5305,5,-1,0.5,0.0
5306,5,-1,0.5,0.0
5307,5,-1,0.5,0.0
5308,5,-1,0.5,0.0
5309,5,-1,0.5,0.0
5310,5,-1,0.5,0.0
5311,5,-1,0.5,0.0
5312,5,-1,0.5,0.0
5313,5,-1,0.5,0.0
5314,5,-1,0.5,0.0
5315,5,-1,0.5,0.0
5316,5,-1,0.5,0.0
5317,5,-1,0.5,0.0
5318,5,-1,0.5,0.0
5319,5,-1,0.5,0.0
5320,5,-1,0.5,0.0
5321,5,-1,0.5,0.0
5322,5,-1,0.5,0.0
5323,5,-1,0.5,0.0
5324,5,-1,0.5,0.0
5325,5,-1,0.5,0.0
5326,5,-1,0.5,0.0
5327,5,-1,0.5,0.0
5328,5,-1,0.5,0.0
5329,5,-1,0.5,0.0
5330,5,-1,0.5,0.0
5331,5,-1,0.5,0.0
5332,5,-1,0.5,0.0
5333,5,-1,0.5,0.0
5334,5,-1,0.5,0.0
5335,5,-1,0.5,0.0
5336,5,-1,0.5,0.0
5337,5,-1,0.5,0.0
5338,5,-1,0.5,0.0
5339,5,-1,0.5,0.0
5340,5,-1,0.5,0.0
5341,5,-1,0.5,0.0
5342,5,-1,0.5,0.0
5343,5,-1,0.5,0.0
5344,5,-1,0.5,0.0
5345,5,-1,0.5,0.0
5346,5,-1,0.5,0.0
5347,5,-1,0.5,0.0
5348,5,-1,0.5,0.0
5349,5,-1,0.5,0.0
5350,5,-1,0.5,0.0
5351,5,-1,0.5,0.0
5352,5,-1,0.5,0.0
5353,5,-1,0.5,0.0
5354,5,-1,0.5,0.0
5355,5,-1,0.5,0.0
5356,5,-1,0.5,0.0
5357,5,-1,0.5,0.0
5358,5,-1,0.5,0.0
5359,5,-1,0.5,0.0
5360,5,-1,0.5,0.0
5361,5,-1,0.5,0.0
5362,5,-1,0.5,0.0
5363,5,-1,0.5,0.0
5364,5,-1,0.5,0.0
5365,5,-1,0.5,0.0
5366,5,-1,0.5,0.0
5367,5,-1,0.5,0.0
5368,5,-1,0.5,0.0
5369,5,-1,0.5,0.0
5370,5,-1,0.5,0.0
5371,5,-1,0.5,0.0
5372,5,-1,0.5,0.0
5373,5,-1,0.5,0.0
5374,5,-1,0.5,0.0
5375,5,-1,0.5,0.0
5376,5,-1,0.5,0.0
5377,5,-1,0.5,0.0
5378,5,-1,0.5,0.0
5379,5,-1,0.5,0.0
5380,5,-1,0.5,0.0
5381,5,-1,0.5,0.0
5382,5,-1,0.5,0.0
5383,5,-1,0.5,0.0
5384,5,-1,0.5,0.0
5385,5,-1,0.5,0.0
5386,5,-1,0.5,0.0
5387,5,-1,0.5,0.0
5388,5,-1,0.5,0.0
5389,5,-1,0.5,0.0
5390,5,-1,0.5,0.0
5391,5,-1,0.5,0.0
5392,5,-1,0.5,0.0
5393,5,-1,0.5,0.0
5394,5,-1,0.5,0.0
5395,5,-1,0.5,0.0
5396,5,-1,0.5,0.0
5397,5,-1,0.5,0.0
5398,5,-1,0.5,0.0
5399,5,-1,0.5,0.0
5400,6,-1,0.5,0.0
5401,6,-1,0.5,0.0
5402,6,-1,0.5,0.0
5403,6,-1,0.5,0.0
5404,6,-1,0.5,0.0
5405,6,-1,0.5,0.0
5406,6,-1,0.5,0.0
5407,6,-1,0.5,0.0
5408,6,-1,0.5,0.0
5409,6,-1,0.5,0.0
5410,6,-1,0.5,0.0
5411,6,-1,0.5,0.0
5412,6,-1,0.5,0.0
5413,6,-1,0.5,0.0
5414,6,-1,0.5,0.0
5415,6,-1,0.5,0.0
5416,6,-1,0.5,0.0
5417,6,-1,0.5,0.0
5418,6,-1,0.5,0.0
5419,6,-1,0.5,0.0
5420,6,-1,0.5,0.0
5421,6,-1,0.5,0.0
5422,6,-1,0.5,0.0
5423,6,-1,0.5,0.0
5424,6,-1,0.5,0.0
5425,6,-1,0.5,0.0
5426,6,-1,0.5,0.0
5427,6,-1,0.5,0.0
5428,6,-1,0.5,0.0
5429,6,-1,0.5,0.0
5430,6,-1,0.5,0.0
5431,6,-1,0.5,0.0
5432,6,-1,0.5,0.0
5433,6,-1,0.5,0.0
5434,6,-1,0.5,0.0
5435,6,-1,0.5,0.0
5436,6,-1,0.5,0.0
5437,6,-1,0.5,0.0
5438,6,-1,0.5,0.0
5439,6,-1,0.5,0.0
5440,6,-1,0.5,0.0
5441,6,-1,0.5,0.0
5442,6,-1,0.5,0.0
5443,6,-1,0.5,0.0
5444,6,-1,0.5,0.0
5445,6,-1,0.5,0.0
5446,6,-1,0.5,0.0
5447,6,-1,0.5,0.0
5448,6,-1,0.5,0.0
5449,6,-1,0.5,0.0
5450,6,-1,0.5,0.0
5451,6,-1,0.5,0.0
5452,6,-1,0.5,0.0
5453,6,-1,0.5,0.0
5454,6,-1,0.5,0.0
5455,6,-1,0.5,0.0
5456,6,-1,0.5,0.0
5457,6,-1,0.5,0.0
5458,6,-1,0.5,0.0
5459,6,-1,0.5,0.0
5460,6,-1,0.5,0.0
5461,6,-1,0.5,0.0
5462,6,-1,0.5,0.0
5463,6,-1,0.5,0.0
5464,6,-1,0.5,0.0
5465,6,-1,0.5,0.0
5466,6,-1,0.5,0.0
5467,6,-1,0.5,0.0
5468,6,-1,0.5,0.0
5469,6,-1,0.5,0.0
5470,6,-1,0.5,0.0
5471,6,-1,0.5,0.0
5472,6,-1,0.5,0.0
5473,6,-1,0.5,0.0
5474,6,-1,0.5,0.0
5475,6,-1,0.5,0.0
5476,6,-1,0.5,0.0
5477,6,-1,0.5,0.0
5478,6,-1,0.5,0.0
5479,6,-1,0.5,0.0
5480,6,-1,0.5,0.0
5481,6,-1,0.5,0.0
5482,6,-1,0.5,0.0
5483,6,-1,0.5,0.0
5484,6,-1,0.5,0.0
5485,6,-1,0.5,0.0
5486,6,-1,0.5,0.0
5487,6,-1,0.5,0.0
5488,6,-1,0.5,0.0
5489,6,-1,0.5,0.0
5490,6,-1,0.5,0.0
5491,6,-1,0.5,0.0
5492,6,-1,0.5,0.0
5493,6,-1,0.5,0.0
5494,6,-1,0.5,0.0
5495,6,-1,0.5,0.0
5496,6,-1,0.5,0.0
5497,6,-1,0.5,0.0
5498,6,-1,0.5,0.0
5499,6,-1,0.5,0.0
5500,6,-1,0.5,0.0
5501,6,-1,0.5,0.0
5502,6,-1,0.5,0.0
5503,6,-1,0.5,0.0
5504,6,-1,0.5,0.0
5505,6,-1,0.5,0.0
5506,6,-1,0.5,0.0
5507,6,-1,0.5,0.0
5508,6,-1,0.5,0.0
5509,6,-1,0.5,0.0
5510,6,-1,0.5,0.0
5511,6,-1,0.5,0.0
5512,6,-1,0.5,0.0
5513,6,-1,0.5,0.0
5514,6,-1,0.5,0.0
5515,6,-1,0.5,0.0
5516,6,-1,0.5,0.0
5517,6,-1,0.5,0.0
5518,6,-1,0.5,0.0
5519,6,-1,0.5,0.0
5520,6,-1,0.5,0.0
5521,6,-1,0.5,0.0
5522,6,-1,0.5,0.0
5523,6,-1,0.5,0.0
5524,6,-1,0.5,0.0
5525,6,-1,0.5,0.0
5526,6,-1,0.5,0.0
5527,6,-1,0.5,0.0
5528,6,-1,0.5,0.0
5529,6,-1,0.5,0.0
5530,6,-1,0.5,0.0
5531,6,-1,0.5,0.0
5532,6,-1,0.5,0.0
5533,6,-1,0.5,0.0
5534,6,-1,0.5,0.0
5535,6,-1,0.5,0.0
5536,6,-1,0.5,0.0
5537,6,-1,0.5,0.0
5538,6,-1,0.5,0.0
5539,6,-1,0.5,0.0
5540,6,-1,0.5,0.0
5541,6,-1,0.5,0.0
5542,6,-1,0.5,0.0
5543,6,-1,0.5,0.0
5544,6,-1,0.5,0.0
5545,6,-1,0.5,0.0
5546,6,-1,0.5,0.0
5547,6,-1,0.5,0.0
5548,6,-1,0.5,0.0
5549,6,-1,0.5,0.0
5550,7,-1,0.5,0.0
5551,7,-1,0.5,0.0
5552,7,-1,0.5,0.0
5553,7,-1,0.5,0.0
5554,7,-1,0.5,0.0
5555,7,-1,0.5,0.0
5556,7,-1,0.5,0.0
5557,7,-1,0.5,0.0
5558,7,-1,0.5,0.0
5559,7,-1,0.5,0.0
5560,7,-1,0.5,0.0
5561,7,-1,0.5,0.0
5562,7,-1,0.5,0.0
5563,7,-1,0.5,0.0
5564,7,-1,0.5,0.0
5565,7,-1,0.5,0.0
5566,7,-1,0.5,0.0
5567,7,-1,0.5,0.0
5568,7,-1,0.5,0.0
5569,7,-1,0.5,0.0
5570,7,-1,0.5,0.0
5571,7,-1,0.5,0.0
5572,7,-1,0.5,0.0
5573,7,-1,0.5,0.0
5574,7,-1,0.5,0.0
5575,7,-1,0.5,0.0
5576,7,-1,0.5,0.0
5577,7,-1,0.5,0.0
5578,7,-1,0.5,0.0
5579,7,-1,0.5,0.0
5580,7,-1,0.5,0.0
5581,7,-1,0.5,0.0
5582,7,-1,0.5,0.0
5583,7,-1,0.5,0.0
5584,7,-1,0.5,0.0
5585,7,-1,0.5,0.0
5586,7,-1,0.5,0.0
5587,7,-1,0.5,0.0
5588,7,-1,0.5,0.0
5589,7,-1,0.5,0.0
5590,7,-1,0.5,0.0
5591,7,-1,0.5,0.0
5592,7,-1,0.5,0.0
5593,7,-1,0.5,0.0
5594,7,-1,0.5,0.0
5595,7,-1,0.5,0.0
5596,7,-1,0.5,0.0
5597,7,-1,0.5,0.0
5598,7,-1,0.5,0.0
5599,7,-1,0.5,0.0
5600,7,-1,0.5,0.0
5601,7,-1,0.5,0.0
5602,7,-1,0.5,0.0
5603,7,-1,0.5,0.0
5604,7,-1,0.5,0.0
5605,7,-1,0.5,0.0
5606,7,-1,0.5,0.0
5607,7,-1,0.5,0.0
5608,7,-1,0.5,0.0
5609,7,-1,0.5,0.0
5610,7,-1,0.5,0.0
5611,7,-1,0.5,0.0
5612,7,-1,0.5,0.0
5613,7,-1,0.5,0.0
5614,7,-1,0.5,0.0
5615,7,-1,0.5,0.0
5616,7,-1,0.5,0.0
5617,7,-1,0.5,0.0
5618,7,-1,0.5,0.0
5619,7,-1,0.5,0.0
5620,7,-1,0.5,0.0
5621,7,-1,0.5,0.0
5622,7,-1,0.5,0.0
5623,7,-1,0.5,0.0
5624,7,-1,0.5,0.0
5625,7,-1,0.5,0.0
5626,7,-1,0.5,0.0
5627,7,-1,0.5,0.0
5628,7,-1,0.5,0.0
5629,7,-1,0.5,0.0
5630,7,-1,0.5,0.0
5631,7,-1,0.5,0.0
5632,7,-1,0.5,0.0
5633,7,-1,0.5,0.0
5634,7,-1,0.5,0.0
5635,7,-1,0.5,0.0
5636,7,-1,0.5,0.0
5637,7,-1,0.5,0.0
5638,7,-1,0.5,0.0
5639,7,-1,0.5,0.0
5640,7,-1,0.5,0.0
5641,7,-1,0.5,0.0
5642,7,-1,0.5,0.0
5643,7,-1,0.5,0.0
5644,7,-1,0.5,0.0
5645,7,-1,0.5,0.0
5646,7,-1,0.5,0.0
5647,7,-1,0.5,0.0
5648,7,-1,0.5,0.0
5649,7,-1,0.5,0.0
5650,7,-1,0.5,0.0
5651,7,-1,0.5,0.0
5652,7,-1,0.5,0.0
5653,7,-1,0.5,0.0
5654,7,-1,0.5,0.0
5655,7,-1,0.5,0.0
5656,7,-1,0.5,0.0
5657,7,-1,0.5,0.0
5658,7,-1,0.5,0.0
5659,7,-1,0.5,0.0
5660,7,-1,0.5,0.0
5661,7,-1,0.5,0.0
5662,7,-1,0.5,0.0
5663,7,-1,0.5,0.0
5664,7,-1,0.5,0.0
5665,7,-1,0.5,0.0
5666,7,-1,0.5,0.0
5667,7,-1,0.5,0.0
5668,7,-1,0.5,0.0
5669,7,-1,0.5,0.0
5670,7,-1,0.5,0.0
5671,7,-1,0.5,0.0
5672,7,-1,0.5,0.0
5673,7,-1,0.5,0.0
5674,7,-1,0.5,0.0
5675,7,-1,0.5,0.0
5676,7,-1,0.5,0.0
5677,7,-1,0.5,0.0
5678,7,-1,0.5,0.0
5679,7,-1,0.5,0.0
5680,7,-1,0.5,0.0
5681,7,-1,0.5,0.0
5682,7,-1,0.5,0.0
5683,7,-1,0.5,0.0
5684,7,-1,0.5,0.0
5685,7,-1,0.5,0.0
5686,7,-1,0.5,0.0
5687,7,-1,0.5,0.0
5688,7,-1,0.5,0.0
5689,7,-1,0.5,0.0
5690,7,-1,0.5,0.0
5691,7,-1,0.5,0.0
5692,7,-1,0.5,0.0
5693,7,-1,0.5,0.0
5694,7,-1,0.5,0.0
5695,7,-1,0.5,0.0
5696,7,-1,0.5,0.0
5697,7,-1,0.5,0.0
5698,7,-1,0.5,0.0
5699,7,-1,0.5,0.0
5700,8,-1,0.5,0.0
5701,8,-1,0.5,0.0
5702,8,-1,0.5,0.0
5703,8,-1,0.5,0.0
5704,8,-1,0.5,0.0
5705,8,-1,0.5,0.0
5706,8,-1,0.5,0.0
5707,8,-1,0.5,0.0
5708,8,-1,0.5,0.0
5709,8,-1,0.5,0.0
5710,8,-1,0.5,0.0
5711,8,-1,0.5,0.0
5712,8,-1,0.5,0.0
5713,8,-1,0.5,0.0
5714,8,-1,0.5,0.0
5715,8,-1,0.5,0.0
5716,8,-1,0.5,0.0
5717,8,-1,0.5,0.0
5718,8,-1,0.5,0.0
5719,8,-1,0.5,0.0
5720,8,-1,0.5,0.0
5721,8,-1,0.5,0.0
5722,8,-1,0.5,0.0
5723,8,-1,0.5,0.0
5724,8,-1,0.5,0.0
5725,8,-1,0.5,0.0
5726,8,-1,0.5,0.0
5727,8,-1,0.5,0.0
5728,8,-1,0.5,0.0
5729,8,-1,0.5,0.0
5730,8,-1,0.5,0.0
5731,8,-1,0.5,0.0
5732,8,-1,0.5,0.0
5733,8,-1,0.5,0.0
5734,8,-1,0.5,0.0
5735,8,-1,0.5,0.0
5736,8,-1,0.5,0.0
5737,8,-1,0.5,0.0
5738,8,-1,0.5,0.0
5739,8,-1,0.5,0.0
5740,8,-1,0.5,0.0
5741,8,-1,0.5,0.0
5742,8,-1,0.5,0.0
5743,8,-1,0.5,0.0
5744,8,-1,0.5,0.0
5745,8,-1,0.5,0.0
5746,8,-1,0.5,0.0
5747,8,-1,0.5,0.0
5748,8,-1,0.5,0.0
5749,8,-1,0.5,0.0
5750,8,-1,0.5,0.0
5751,8,-1,0.5,0.0
5752,8,-1,0.5,0.0
5753,8,-1,0.5,0.0
5754,8,-1,0.5,0.0
5755,8,-1,0.5,0.0
5756,8,-1,0.5,0.0
5757,8,-1,0.5,0.0
5758,8,-1,0.5,0.0
5759,8,-1,0.5,0.0
5760,8,-1,0.5,0.0
5761,8,-1,0.5,0.0
5762,8,-1,0.5,0.0
5763,8,-1,0.5,0.0
5764,8,-1,0.5,0.0
5765,8,-1,0.5,0.0
5766,8,-1,0.5,0.0
5767,8,-1,0.5,0.0
5768,8,-1,0.5,0.0
5769,8,-1,0.5,0.0
5770,8,-1,0.5,0.0
5771,8,-1,0.5,0.0
5772,8,-1,0.5,0.0
5773,8,-1,0.5,0.0
5774,8,-1,0.5,0.0
5775,8,-1,0.5,0.0
5776,8,-1,0.5,0.0
5777,8,-1,0.5,0.0
5778,8,-1,0.5,0.0
5779,8,-1,0.5,0.0
5780,8,-1,0.5,0.0
5781,8,-1,0.5,0.0
5782,8,-1,0.5,0.0
5783,8,-1,0.5,0.0
5784,8,-1,0.5,0.0
5785,8,-1,0.5,0.0
5786,8,-1,0.5,0.0
5787,8,-1,0.5,0.0
5788,8,-1,0.5,0.0
5789,8,-1,0.5,0.0
5790,8,-1,0.5,0.0
5791,8,-1,0.5,0.0
5792,8,-1,0.5,0.0
5793,8,-1,0.5,0.0
5794,8,-1,0.5,0.0
5795,8,-1,0.5,0.0
5796,8,-1,0.5,0.0
5797,8,-1,0.5,0.0
5798,8,-1,0.5,0.0
5799,8,-1,0.5,0.0
5800,8,-1,0.5,0.0
5801,8,-1,0.5,0.0
5802,8,-1,0.5,0.0
5803,8,-1,0.5,0.0
5804,8,-1,0.5,0.0
5805,8,-1,0.5,0.0
5806,8,-1,0.5,0.0
5807,8,-1,0.5,0.0
5808,8,-1,0.5,0.0
5809,8,-1,0.5,0.0
5810,8,-1,0.5,0.0
5811,8,-1,0.5,0.0
5812,8,-1,0.5,0.0
5813,8,-1,0.5,0.0
5814,8,-1,0.5,0.0
5815,8,-1,0.5,0.0
5816,8,-1,0.5,0.0
5817,8,-1,0.5,0.0
5818,8,-1,0.5,0.0
5819,8,-1,0.5,0.0
5820,8,-1,0.5,0.0
5821,8,-1,0.5,0.0
5822,8,-1,0.5,0.0
5823,8,-1,0.5,0.0
5824,8,-1,0.5,0.0
5825,8,-1,0.5,0.0
5826,8,-1,0.5,0.0
5827,8,-1,0.5,0.0
5828,8,-1,0.5,0.0
5829,8,-1,0.5,0.0
5830,8,-1,0.5,0.0
5831,8,-1,0.5,0.0
5832,8,-1,0.5,0.0
5833,8,-1,0.5,0.0
5834,8,-1,0.5,0.0
5835,8,-1,0.5,0.0
5836,8,-1,0.5,0.0
5837,8,-1,0.5,0.0
5838,8,-1,0.5,0.0
5839,8,-1,0.5,0.0
5840,8,-1,0.5,0.0
5841,8,-1,0.5,0.0
5842,8,-1,0.5,0.0
5843,8,-1,0.5,0.0
5844,8,-1,0.5,0.0
5845,8,-1,0.5,0.0
5846,8,-1,0.5,0.0
5847,8,-1,0.5,0.0
5848,8,-1,0.5,0.0
5849,8,-1,0.5,0.0
5850,9,-1,0.5,0.0
5851,9,-1,0.5,0.0
5852,9,-1,0.5,0.0
5853,9,-1,0.5,0.0
5854,9,-1,0.5,0.0
5855,9,-1,0.5,0.0
5856,9,-1,0.5,0.0
5857,9,-1,0.5,0.0
5858,9,-1,0.5,0.0
5859,9,-1,0.5,0.0
5860,9,-1,0.5,0.0
5861,9,-1,0.5,0.0
5862,9,-1,0.5,0.0
5863,9,-1,0.5,0.0
5864,9,-1,0.5,0.0
5865,9,-1,0.5,0.0
5866,9,-1,0.5,0.0
5867,9,-1,0.5,0.0
5868,9,-1,0.5,0.0
5869,9,-1,0.5,0.0
5870,9,-1,0.5,0.0
5871,9,-1,0.5,0.0
5872,9,-1,0.5,0.0
5873,9,-1,0.5,0.0
5874,9,-1,0.5,0.0
5875,9,-1,0.5,0.0
5876,9,-1,0.5,0.0
5877,9,-1,0.5,0.0
5878,9,-1,0.5,0.0
5879,9,-1,0.5,0.0
5880,9,-1,0.5,0.0
5881,9,-1,0.5,0.0
5882,9,-1,0.5,0.0
5883,9,-1,0.5,0.0
5884,9,-1,0.5,0.0
5885,9,-1,0.5,0.0
5886,9,-1,0.5,0.0
5887,9,-1,0.5,0.0
5888,9,-1,0.5,0.0
5889,9,-1,0.5,0.0
5890,9,-1,0.5,0.0
5891,9,-1,0.5,0.0
5892,9,-1,0.5,0.0
5893,9,-1,0.5,0.0
5894,9,-1,0.5,0.0
5895,9,-1,0.5,0.0
5896,9,-1,0.5,0.0
5897,9,-1,0.5,0.0
5898,9,-1,0.5,0.0
5899,9,-1,0.5,0.0
5900,9,-1,0.5,0.0
5901,9,-1,0.5,0.0
5902,9,-1,0.5,0.0
5903,9,-1,0.5,0.0
5904,9,-1,0.5,0.0
5905,9,-1,0.5,0.0
5906,9,-1,0.5,0.0
5907,9,-1,0.5,0.0
5908,9,-1,0.5,0.0
5909,9,-1,0.5,0.0
5910,9,-1,0.5,0.0
5911,9,-1,0.5,0.0
5912,9,-1,0.5,0.0
5913,9,-1,0.5,0.0
5914,9,-1,0.5,0.0
5915,9,-1,0.5,0.0
5916,9,-1,0.5,0.0
5917,9,-1,0.5,0.0
5918,9,-1,0.5,0.0
5919,9,-1,0.5,0.0
5920,9,-1,0.5,0.0
5921,9,-1,0.5,0.0
5922,9,-1,0.5,0.0
5923,9,-1,0.5,0.0
5924,9,-1,0.5,0.0
5925,9,-1,0.5,0.0
5926,9,-1,0.5,0.0
5927,9,-1,0.5,0.0
5928,9,-1,0.5,0.0
5929,9,-1,0.5,0.0
5930,9,-1,0.5,0.0
5931,9,-1,0.5,0.0
5932,9,-1,0.5,0.0
5933,9,-1,0.5,0.0
5934,9,-1,0.5,0.0
5935,9,-1,0.5,0.0
5936,9,-1,0.5,0.0
5937,9,-1,0.5,0.0
5938,9,-1,0.5,0.0
5939,9,-1,0.5,0.0
5940,9,-1,0.5,0.0
5941,9,-1,0.5,0.0
5942,9,-1,0.5,0.0
5943,9,-1,0.5,0.0
5944,9,-1,0.5,0.0
5945,9,-1,0.5,0.0
5946,9,-1,0.5,0.0
5947,9,-1,0.5,0.0
5948,9,-1,0.5,0.0
5949,9,-1,0.5,0.0
5950,9,-1,0.5,0.0
5951,9,-1,0.5,0.0
5952,9,-1,0.5,0.0
5953,9,-1,0.5,0.0
5954,9,-1,0.5,0.0
5955,9,-1,0.5,0.0
5956,9,-1,0.5,0.0
5957,9,-1,0.5,0.0
5958,9,-1,0.5,0.0
5959,9,-1,0.5,0.0
5960,9,-1,0.5,0.0
5961,9,-1,0.5,0.0
5962,9,-1,0.5,0.0
5963,9,-1,0.5,0.0
5964,9,-1,0.5,0.0
5965,9,-1,0.5,0.0
5966,9,-1,0.5,0.0
5967,9,-1,0.5,0.0
5968,9,-1,0.5,0.0
5969,9,-1,0.5,0.0
5970,9,-1,0.5,0.0
5971,9,-1,0.5,0.0
5972,9,-1,0.5,0.0
5973,9,-1,0.5,0.0
5974,9,-1,0.5,0.0
5975,9,-1,0.5,0.0
5976,9,-1,0.5,0.0
5977,9,-1,0.5,0.0
5978,9,-1,0.5,0.0
5979,9,-1,0.5,0.0
5980,9,-1,0.5,0.0
5981,9,-1,0.5,0.0
5982,9,-1,0.5,0.0
5983,9,-1,0.5,0.0
5984,9,-1,0.5,0.0
5985,9,-1,0.5,0.0
5986,9,-1,0.5,0.0
5987,9,-1,0.5,0.0
5988,9,-1,0.5,0.0
5989,9,-1,0.5,0.0
5990,9,-1,0.5,0.0
5991,9,-1,0.5,0.0
5992,9,-1,0.5,0.0
5993,9,-1,0.5,0.0
5994,9,-1,0.5,0.0
5995,9,-1,0.5,0.0
5996,9,-1,0.5,0.0
5997,9,-1,0.5,0.0
5998,9,-1,0.5,0.0
5999,9,-1,0.5,0.0
6000,2,-1,0.6,0.0
6001,2,-1,0.6,0.0
6002,2,-1,0.6,0.0
6003,2,-1,0.6,0.0
6004,2,-1,0.6,0.0
6005,2,-1,0.6,0.0
6006,2,-1,0.6,0.0
6007,2,-1,0.6,0.0
6008,2,-1,0.6,0.0
6009,2,-1,0.6,0.0
6010,2,-1,0.6,0.0
6011,2,-1,0.6,0.0
6012,2,-1,0.6,0.0
6013,2,-1,0.6,0.0
6014,2,-1,0.6,0.0
6015,2,-1,0.6,0.0
6016,2,-1,0.6,0.0
6017,2,-1,0.6,0.0
6018,2,-1,0.6,0.0
6019,2,-1,0.6,0.0
6020,2,-1,0.6,0.0
6021,2,-1,0.6,0.0
6022,2,-1,0.6,0.0
6023,2,-1,0.6,0.0
6024,2,-1,0.6,0.0
6025,2,-1,0.6,0.0
6026,2,-1,0.6,0.0
6027,2,-1,0.6,0.0
6028,2,-1,0.6,0.0
6029,2,-1,0.6,0.0
6030,2,-1,0.6,0.0
6031,2,-1,0.6,0.0
6032,2,-1,0.6,0.0
6033,2,-1,0.6,0.0
6034,2,-1,0.6,0.0
6035,2,-1,0.6,0.0
6036,2,-1,0.6,0.0
6037,2,-1,0.6,0.0
6038,2,-1,0.6,0.0
6039,2,-1,0.6,0.0
6040,2,-1,0.6,0.0
6041,2,-1,0.6,0.0
6042,2,-1,0.6,0.0
6043,2,-1,0.6,0.0
6044,2,-1,0.6,0.0
6045,2,-1,0.6,0.0
6046,2,-1,0.6,0.0
6047,2,-1,0.6,0.0
6048,2,-1,0.6,0.0
6049,2,-1,0.6,0.0
6050,2,-1,0.6,0.0
6051,2,-1,0.6,0.0
6052,2,-1,0.6,0.0
6053,2,-1,0.6,0.0
6054,2,-1,0.6,0.0
6055,2,-1,0.6,0.0
6056,2,-1,0.6,0.0
6057,2,-1,0.6,0.0
6058,2,-1,0.6,0.0
6059,2,-1,0.6,0.0
6060,2,-1,0.6,0.0
6061,2,-1,0.6,0.0
6062,2,-1,0.6,0.0
6063,2,-1,0.6,0.0
6064,2,-1,0.6,0.0
6065,2,-1,0.6,0.0
6066,2,-1,0.6,0.0
6067,2,-1,0.6,0.0
6068,2,-1,0.6,0.0
6069,2,-1,0.6,0.0
6070,2,-1,0.6,0.0
6071,2,-1,0.6,0.0
6072,2,-1,0.6,0.0
6073,2,-1,0.6,0.0
6074,2,-1,0.6,0.0
6075,2,-1,0.6,0.0
6076,2,-1,0.6,0.0
6077,2,-1,0.6,0.0
6078,2,-1,0.6,0.0
6079,2,-1,0.6,0.0
6080,2,-1,0.6,0.0
6081,2,-1,0.6,0.0
6082,2,-1,0.6,0.0
6083,2,-1,0.6,0.0
6084,2,-1,0.6,0.0
6085,2,-1,0.6,0.0
6086,2,-1,0.6,0.0
6087,2,-1,0.6,0.0
6088,2,-1,0.6,0.0
6089,2,-1,0.6,0.0
6090,2,-1,0.6,0.0
6091,2,-1,0.6,0.0
6092,2,-1,0.6,0.0
6093,2,-1,0.6,0.0
6094,2,-1,0.6,0.0
6095,2,-1,0.6,0.0
6096,2,-1,0.6,0.0
6097,2,-1,0.6,0.0
6098,2,-1,0.6,0.0
6099,2,-1,0.6,0.0
6100,2,-1,0.6,0.0
6101,2,-1,0.6,0.0
6102,2,-1,0.6,0.0
6103,2,-1,0.6,0.0
6104,2,-1,0.6,0.0
6105,2,-1,0.6,0.0
6106,2,-1,0.6,0.0
6107,2,-1,0.6,0.0
6108,2,-1,0.6,0.0
6109,2,-1,0.6,0.0
6110,2,-1,0.6,0.0
6111,2,-1,0.6,0.0
6112,2,-1,0.6,0.0
6113,2,-1,0.6,0.0
6114,2,-1,0.6,0.0
6115,2,-1,0.6,0.0
6116,2,-1,0.6,0.0
6117,2,-1,0.6,0.0
6118,2,-1,0.6,0.0
6119,2,-1,0.6,0.0
6120,2,-1,0.6,0.0
6121,2,-1,0.6,0.0
6122,2,-1,0.6,0.0
6123,2,-1,0.6,0.0
6124,2,-1,0.6,0.0
6125,2,-1,0.6,0.0
6126,2,-1,0.6,0.0
6127,2,-1,0.6,0.0
6128,2,-1,0.6,0.0
6129,2,-1,0.6,0.0
6130,2,-1,0.6,0.0
6131,2,-1,0.6,0.0
6132,2,-1,0.6,0.0
6133,2,-1,0.6,0.0
6134,2,-1,0.6,0.0
6135,2,-1,0.6,0.0
6136,2,-1,0.6,0.0
6137,2,-1,0.6,0.0
6138,2,-1,0.6,0.0
6139,2,-1,0.6,0.0
6140,2,-1,0.6,0.0
6141,2,-1,0.6,0.0
6142,2,-1,0.6,0.0
6143,2,-1,0.6,0.0
6144,2,-1,0.6,0.0
6145,2,-1,0.6,0.0
6146,2,-1,0.6,0.0
6147,2,-1,0.6,0.0
6148,2,-1,0.6,0.0
6149,2,-1,0.6,0.0
6150,3,-1,0.6,0.0
6151,3,-1,0.6,0.0
6152,3,-1,0.6,0.0
6153,3,-1,0.6,0.0
6154,3,-1,0.6,0.0
6155,3,-1,0.6,0.0
6156,3,-1,0.6,0.0
6157,3,-1,0.6,0.0
6158,3,-1,0.6,0.0
6159,3,-1,0.6,0.0
6160,3,-1,0.6,0.0
6161,3,-1,0.6,0.0
6162,3,-1,0.6,0.0
6163,3,-1,0.6,0.0
6164,3,-1,0.6,0.0
6165,3,-1,0.6,0.0
6166,3,-1,0.6,0.0
6167,3,-1,0.6,0.0
6168,3,-1,0.6,0.0
6169,3,-1,0.6,0.0
6170,3,-1,0.6,0.0
6171,3,-1,0.6,0.0
6172,3,-1,0.6,0.0
6173,3,-1,0.6,0.0
6174,3,-1,0.6,0.0
6175,3,-1,0.6,0.0
6176,3,-1,0.6,0.0
6177,3,-1,0.6,0.0
6178,3,-1,0.6,0.0
6179,3,-1,0.6,0.0
6180,3,-1,0.6,0.0
6181,3,-1,0.6,0.0
6182,3,-1,0.6,0.0
6183,3,-1,0.6,0.0
6184,3,-1,0.6,0.0
6185,3,-1,0.6,0.0
6186,3,-1,0.6,0.0
6187,3,-1,0.6,0.0
6188,3,-1,0.6,0.0
6189,3,-1,0.6,0.0
6190,3,-1,0.6,0.0
6191,3,-1,0.6,0.0
6192,3,-1,0.6,0.0
6193,3,-1,0.6,0.0
6194,3,-1,0.6,0.0
6195,3,-1,0.6,0.0
6196,3,-1,0.6,0.0
6197,3,-1,0.6,0.0
6198,3,-1,0.6,0.0
6199,3,-1,0.6,0.0
6200,3,-1,0.6,0.0
6201,3,-1,0.6,0.0
6202,3,-1,0.6,0.0
6203,3,-1,0.6,0.0
6204,3,-1,0.6,0.0
6205,3,-1,0.6,0.0
6206,3,-1,0.6,0.0
6207,3,-1,0.6,0.0
6208,3,-1,0.6,0.0
6209,3,-1,0.6,0.0
6210,3,-1,0.6,0.0
6211,3,-1,0.6,0.0
6212,3,-1,0.6,0.0
6213,3,-1,0.6,0.0
6214,3,-1,0.6,0.0
6215,3,-1,0.6,0.0
6216,3,-1,0.6,0.0
6217,3,-1,0.6,0.0
6218,3,-1,0.6,0.0
6219,3,-1,0.6,0.0
6220,3,-1,0.6,0.0
6221,3,-1,0.6,0.0
6222,3,-1,0.6,0.0
6223,3,-1,0.6,0.0
6224,3,-1,0.6,0.0
6225,3,-1,0.6,0.0
6226,3,-1,0.6,0.0
6227,3,-1,0.6,0.0
6228,3,-1,0.6,0.0
6229,3,-1,0.6,0.0
6230,3,-1,0.6,0.0
6231,3,-1,0.6,0.0
6232,3,-1,0.6,0.0
6233,3,-1,0.6,0.0
6234,3,-1,0.6,0.0
6235,3,-1,0.6,0.0
6236,3,-1,0.6,0.0
6237,3,-1,0.6,0.0
6238,3,-1,0.6,0.0
6239,3,-1,0.6,0.0
6240,3,-1,0.6,0.0
6241,3,-1,0.6,0.0
6242,3,-1,0.6,0.0
6243,3,-1,0.6,0.0
6244,3,-1,0.6,0.0
6245,3,-1,0.6,0.0
6246,3,-1,0.6,0.0
6247,3,-1,0.6,0.0
6248,3,-1,0.6,0.0
6249,3,-1,0.6,0.0
6250,3,-1,0.6,0.0
6251,3,-1,0.6,0.0
6252,3,-1,0.6,0.0
6253,3,-1,0.6,0.0
6254,3,-1,0.6,0.0
6255,3,-1,0.6,0.0
6256,3,-1,0.6,0.0
6257,3,-1,0.6,0.0
6258,3,-1,0.6,0.0
6259,3,-1,0.6,0.0
6260,3,-1,0.6,0.0
6261,3,-1,0.6,0.0
6262,3,-1,0.6,0.0
6263,3,-1,0.6,0.0
6264,3,-1,0.6,0.0
6265,3,-1,0.6,0.0
6266,3,-1,0.6,0.0
6267,3,-1,0.6,0.0
6268,3,-1,0.6,0.0
6269,3,-1,0.6,0.0
6270,3,-1,0.6,0.0
6271,3,-1,0.6,0.0
6272,3,-1,0.6,0.0
6273,3,-1,0.6,0.0
6274,3,-1,0.6,0.0
6275,3,-1,0.6,0.0
6276,3,-1,0.6,0.0
6277,3,-1,0.6,0.0
6278,3,-1,0.6,0.0
6279,3,-1,0.6,0.0
6280,3,-1,0.6,0.0
6281,3,-1,0.6,0.0
6282,3,-1,0.6,0.0
6283,3,-1,0.6,0.0
6284,3,-1,0.6,0.0
6285,3,-1,0.6,0.0
6286,3,-1,0.6,0.0
6287,3,-1,0.6,0.0
6288,3,-1,0.6,0.0
6289,3,-1,0.6,0.0
6290,3,-1,0.6,0.0
6291,3,-1,0.6,0.0
6292,3,-1,0.6,0.0
6293,3,-1,0.6,0.0
6294,3,-1,0.6,0.0
6295,3,-1,0.6,0.0
6296,3,-1,0.6,0.0
6297,3,-1,0.6,0.0
6298,3,-1,0.6,0.0
6299,3,-1,0.6,0.0
6300,4,-1,0.6,0.0
6301,4,-1,0.6,0.0
6302,4,-1,0.6,0.0
6303,4,-1,0.6,0.0
6304,4,-1,0.6,0.0
6305,4,-1,0.6,0.0
6306,4,-1,0.6,0.0
6307,4,-1,0.6,0.0
6308,4,-1,0.6,0.0
6309,4,-1,0.6,0.0
6310,4,-1,0.6,0.0
6311,4,-1,0.6,0.0
6312,4,-1,0.6,0.0
6313,4,-1,0.6,0.0
6314,4,-1,0.6,0.0
6315,4,-1,0.6,0.0
6316,4,-1,0.6,0.0
6317,4,-1,0.6,0.0
6318,4,-1,0.6,0.0
6319,4,-1,0.6,0.0
6320,4,-1,0.6,0.0
6321,4,-1,0.6,0.0
6322,4,-1,0.6,0.0
6323,4,-1,0.6,0.0
6324,4,-1,0.6,0.0
6325,4,-1,0.6,0.0
6326,4,-1,0.6,0.0
6327,4,-1,0.6,0.0
6328,4,-1,0.6,0.0
6329,4,-1,0.6,0.0
6330,4,-1,0.6,0.0
6331,4,-1,0.6,0.0
6332,4,-1,0.6,0.0
6333,4,-1,0.6,0.0
6334,4,-1,0.6,0.0
6335,4,-1,0.6,0.0
6336,4,-1,0.6,0.0
6337,4,-1,0.6,0.0
6338,4,-1,0.6,0.0
6339,4,-1,0.6,0.0
6340,4,-1,0.6,0.0
6341,4,-1,0.6,0.0
6342,4,-1,0.6,0.0
6343,4,-1,0.6,0.0
6344,4,-1,0.6,0.0
6345,4,-1,0.6,0.0
6346,4,-1,0.6,0.0
6347,4,-1,0.6,0.0
6348,4,-1,0.6,0.0
6349,4,-1,0.6,0.0
6350,4,-1,0.6,0.0
6351,4,-1,0.6,0.0
6352,4,-1,0.6,0.0
6353,4,-1,0.6,0.0
6354,4,-1,0.6,0.0
6355,4,-1,0.6,0.0
6356,4,-1,0.6,0.0
6357,4,-1,0.6,0.0
6358,4,-1,0.6,0.0
6359,4,-1,0.6,0.0
6360,4,-1,0.6,0.0
6361,4,-1,0.6,0.0
6362,4,-1,0.6,0.0
6363,4,-1,0.6,0.0
6364,4,-1,0.6,0.0
6365,4,-1,0.6,0.0
6366,4,-1,0.6,0.0
6367,4,-1,0.6,0.0
6368,4,-1,0.6,0.0
6369,4,-1,0.6,0.0
6370,4,-1,0.6,0.0
6371,4,-1,0.6,0.0
6372,4,-1,0.6,0.0
6373,4,-1,0.6,0.0
6374,4,-1,0.6,0.0
6375,4,-1,0.6,0.0
6376,4,-1,0.6,0.0
6377,4,-1,0.6,0.0
6378,4,-1,0.6,0.0
6379,4,-1,0.6,0.0
6380,4,-1,0.6,0.0
6381,4,-1,0.6,0.0
6382,4,-1,0.6,0.0
6383,4,-1,0.6,0.0
6384,4,-1,0.6,0.0
6385,4,-1,0.6,0.0
6386,4,-1,0.6,0.0
6387,4,-1,0.6,0.0
6388,4,-1,0.6,0.0
6389,4,-1,0.6,0.0
6390,4,-1,0.6,0.0
6391,4,-1,0.6,0.0
6392,4,-1,0.6,0.0
6393,4,-1,0.6,0.0
6394,4,-1,0.6,0.0
6395,4,-1,0.6,0.0
6396,4,-1,0.6,0.0
6397,4,-1,0.6,0.0
6398,4,-1,0.6,0.0
6399,4,-1,0.6,0.0
6400,4,-1,0.6,0.0
6401,4,-1,0.6,0.0
6402,4,-1,0.6,0.0
6403,4,-1,0.6,0.0
6404,4,-1,0.6,0.0
6405,4,-1,0.6,0.0
6406,4,-1,0.6,0.0
6407,4,-1,0.6,0.0
6408,4,-1,0.6,0.0
6409,4,-1,0.6,0.0
6410,4,-1,0.6,0.0
6411,4,-1,0.6,0.0
6412,4,-1,0.6,0.0
6413,4,-1,0.6,0.0
6414,4,-1,0.6,0.0
6415,4,-1,0.6,0.0
6416,4,-1,0.6,0.0
6417,4,-1,0.6,0.0
6418,4,-1,0.6,0.0
6419,4,-1,0.6,0.0
6420,4,-1,0.6,0.0
6421,4,-1,0.6,0.0
6422,4,-1,0.6,0.0
6423,4,-1,0.6,0.0
6424,4,-1,0.6,0.0
6425,4,-1,0.6,0.0
6426,4,-1,0.6,0.0
6427,4,-1,0.6,0.0
6428,4,-1,0.6,0.0
6429,4,-1,0.6,0.0
6430,4,-1,0.6,0.0
6431,4,-1,0.6,0.0
6432,4,-1,0.6,0.0
6433,4,-1,0.6,0.0
6434,4,-1,0.6,0.0
6435,4,-1,0.6,0.0
6436,4,-1,0.6,0.0
6437,4,-1,0.6,0.0
6438,4,-1,0.6,0.0
6439,4,-1,0.6,0.0
6440,4,-1,0.6,0.0
6441,4,-1,0.6,0.0
6442,4,-1,0.6,0.0
6443,4,-1,0.6,0.0
6444,4,-1,0.6,0.0
6445,4,-1,0.6,0.0
6446,4,-1,0.6,0.0
6447,4,-1,0.6,0.0
6448,4,-1,0.6,0.0
6449,4,-1,0.6,0.0
6450,5,-1,0.6,0.0
6451,5,-1,0.6,0.0
6452,5,-1,0.6,0.0
6453,5,-1,0.6,0.0
6454,5,-1,0.6,0.0
6455,5,-1,0.6,0.0
6456,5,-1,0.6,0.0
6457,5,-1,0.6,0.0
6458,5,-1,0.6,0.0
6459,5,-1,0.6,0.0
6460,5,-1,0.6,0.0
6461,5,-1,0.6,0.0
6462,5,-1,0.6,0.0
6463,5,-1,0.6,0.0
6464,5,-1,0.6,0.0
6465,5,-1,0.6,0.0
6466,5,-1,0.6,0.0
6467,5,-1,0.6,0.0
6468,5,-1,0.6,0.0
6469,5,-1,0.6,0.0
6470,5,-1,0.6,0.0
6471,5,-1,0.6,0.0
6472,5,-1,0.6,0.0
6473,5,-1,0.6,0.0
6474,5,-1,0.6,0.0
6475,5,-1,0.6,0.0
6476,5,-1,0.6,0.0
6477,5,-1,0.6,0.0
6478,5,-1,0.6,0.0
6479,5,-1,0.6,0.0
6480,5,-1,0.6,0.0
6481,5,-1,0.6,0.0
6482,5,-1,0.6,0.0
6483,5,-1,0.6,0.0
6484,5,-1,0.6,0.0
6485,5,-1,0.6,0.0
6486,5,-1,0.6,0.0
6487,5,-1,0.6,0.0
6488,5,-1,0.6,0.0
6489,5,-1,0.6,0.0
6490,5,-1,0.6,0.0
6491,5,-1,0.6,0.0
6492,5,-1,0.6,0.0
6493,5,-1,0.6,0.0
6494,5,-1,0.6,0.0
6495,5,-1,0.6,0.0
6496,5,-1,0.6,0.0
6497,5,-1,0.6,0.0
6498,5,-1,0.6,0.0
6499,5,-1,0.6,0.0
6500,5,-1,0.6,0.0
6501,5,-1,0.6,0.0
6502,5,-1,0.6,0.0
6503,5,-1,0.6,0.0
6504,5,-1,0.6,0.0
6505,5,-1,0.6,0.0
6506,5,-1,0.6,0.0
6507,5,-1,0.6,0.0
6508,5,-1,0.6,0.0
6509,5,-1,0.6,0.0
6510,5,-1,0.6,0.0
6511,5,-1,0.6,0.0
6512,5,-1,0.6,0.0
6513,5,-1,0.6,0.0
6514,5,-1,0.6,0.0
6515,5,-1,0.6,0.0
6516,5,-1,0.6,0.0
6517,5,-1,0.6,0.0
6518,5,-1,0.6,0.0
6519,5,-1,0.6,0.0
6520,5,-1,0.6,0.0
6521,5,-1,0.6,0.0
6522,5,-1,0.6,0.0
6523,5,-1,0.6,0.0
6524,5,-1,0.6,0.0
6525,5,-1,0.6,0.0
6526,5,-1,0.6,0.0
6527,5,-1,0.6,0.0
6528,5,-1,0.6,0.0
6529,5,-1,0.6,0.0
6530,5,-1,0.6,0.0
6531,5,-1,0.6,0.0
6532,5,-1,0.6,0.0
6533,5,-1,0.6,0.0
6534,5,-1,0.6,0.0
6535,5,-1,0.6,0.0
6536,5,-1,0.6,0.0
6537,5,-1,0.6,0.0
6538,5,-1,0.6,0.0
6539,5,-1,0.6,0.0
6540,5,-1,0.6,0.0
6541,5,-1,0.6,0.0
6542,5,-1,0.6,0.0
6543,5,-1,0.6,0.0
6544,5,-1,0.6,0.0
6545,5,-1,0.6,0.0
6546,5,-1,0.6,0.0
6547,5,-1,0.6,0.0
6548,5,-1,0.6,0.0
6549,5,-1,0.6,0.0
6550,5,-1,0.6,0.0
6551,5,-1,0.6,0.0
6552,5,-1,0.6,0.0
6553,5,-1,0.6,0.0
6554,5,-1,0.6,0.0
6555,5,-1,0.6,0.0
6556,5,-1,0.6,0.0
6557,5,-1,0.6,0.0
6558,5,-1,0.6,0.0
6559,5,-1,0.6,0.0
6560,5,-1,0.6,0.0
6561,5,-1,0.6,0.0
6562,5,-1,0.6,0.0
6563,5,-1,0.6,0.0
6564,5,-1,0.6,0.0
6565,5,-1,0.6,0.0
6566,5,-1,0.6,0.0
6567,5,-1,0.6,0.0
6568,5,-1,0.6,0.0
6569,5,-1,0.6,0.0
6570,5,-1,0.6,0.0
6571,5,-1,0.6,0.0
6572,5,-1,0.6,0.0
6573,5,-1,0.6,0.0
6574,5,-1,0.6,0.0
6575,5,-1,0.6,0.0
6576,5,-1,0.6,0.0
6577,5,-1,0.6,0.0
6578,5,-1,0.6,0.0
6579,5,-1,0.6,0.0
6580,5,-1,0.6,0.0
6581,5,-1,0.6,0.0
6582,5,-1,0.6,0.0
6583,5,-1,0.6,0.0
6584,5,-1,0.6,0.0
6585,5,-1,0.6,0.0
6586,5,-1,0.6,0.0
6587,5,-1,0.6,0.0
6588,5,-1,0.6,0.0
6589,5,-1,0.6,0.0
6590,5,-1,0.6,0.0
6591,5,-1,0.6,0.0
6592,5,-1,0.6,0.0
6593,5,-1,0.6,0.0
6594,5,-1,0.6,0.0
6595,5,-1,0.6,0.0
6596,5,-1,0.6,0.0
6597,5,-1,0.6,0.0
6598,5,-1,0.6,0.0
6599,5,-1,0.6,0.0
6600,6,-1,0.6,0.0
6601,6,-1,0.6,0.0
6602,6,-1,0.6,0.0
6603,6,-1,0.6,0.0
6604,6,-1,0.6,0.0
6605,6,-1,0.6,0.0
6606,6,-1,0.6,0.0
6607,6,-1,0.6,0.0
6608,6,-1,0.6,0.0
6609,6,-1,0.6,0.0
6610,6,-1,0.6,0.0
6611,6,-1,0.6,0.0
6612,6,-1,0.6,0.0
6613,6,-1,0.6,0.0
6614,6,-1,0.6,0.0
6615,6,-1,0.6,0.0
6616,6,-1,0.6,0.0
6617,6,-1,0.6,0.0
6618,6,-1,0.6,0.0
6619,6,-1,0.6,0.0
6620,6,-1,0.6,0.0
6621,6,-1,0.6,0.0
6622,6,-1,0.6,0.0
6623,6,-1,0.6,0.0
6624,6,-1,0.6,0.0
6625,6,-1,0.6,0.0
6626,6,-1,0.6,0.0
6627,6,-1,0.6,0.0
6628,6,-1,0.6,0.0
6629,6,-1,0.6,0.0
6630,6,-1,0.6,0.0
6631,6,-1,0.6,0.0
6632,6,-1,0.6,0.0
6633,6,-1,0.6,0.0
6634,6,-1,0.6,0.0
6635,6,-1,0.6,0.0
6636,6,-1,0.6,0.0
6637,6,-1,0.6,0.0
6638,6,-1,0.6,0.0
6639,6,-1,0.6,0.0
6640,6,-1,0.6,0.0
6641,6,-1,0.6,0.0
6642,6,-1,0.6,0.0
6643,6,-1,0.6,0.0
6644,6,-1,0.6,0.0
6645,6,-1,0.6,0.0
6646,6,-1,0.6,0.0
6647,6,-1,0.6,0.0
6648,6,-1,0.6,0.0
6649,6,-1,0.6,0.0
6650,6,-1,0.6,0.0
6651,6,-1,0.6,0.0
6652,6,-1,0.6,0.0
6653,6,-1,0.6,0.0
6654,6,-1,0.6,0.0
6655,6,-1,0.6,0.0
6656,6,-1,0.6,0.0
6657,6,-1,0.6,0.0
6658,6,-1,0.6,0.0
6659,6,-1,0.6,0.0
6660,6,-1,0.6,0.0
6661,6,-1,0.6,0.0
6662,6,-1,0.6,0.0
6663,6,-1,0.6,0.0
6664,6,-1,0.6,0.0
6665,6,-1,0.6,0.0
6666,6,-1,0.6,0.0
6667,6,-1,0.6,0.0
6668,6,-1,0.6,0.0
6669,6,-1,0.6,0.0
6670,6,-1,0.6,0.0
6671,6,-1,0.6,0.0
6672,6,-1,0.6,0.0
6673,6,-1,0.6,0.0
6674,6,-1,0.6,0.0
6675,6,-1,0.6,0.0
6676,6,-1,0.6,0.0
6677,6,-1,0.6,0.0
6678,6,-1,0.6,0.0
6679,6,-1,0.6,0.0
6680,6,-1,0.6,0.0
6681,6,-1,0.6,0.0
6682,6,-1,0.6,0.0
6683,6,-1,0.6,0.0
6684,6,-1,0.6,0.0
6685,6,-1,0.6,0.0
6686,6,-1,0.6,0.0
6687,6,-1,0.6,0.0
6688,6,-1,0.6,0.0
6689,6,-1,0.6,0.0
6690,6,-1,0.6,0.0
6691,6,-1,0.6,0.0
6692,6,-1,0.6,0.0
6693,6,-1,0.6,0.0
6694,6,-1,0.6,0.0
6695,6,-1,0.6,0.0
6696,6,-1,0.6,0.0
6697,6,-1,0.6,0.0
6698,6,-1,0.6,0.0
6699,6,-1,0.6,0.0
6700,6,-1,0.6,0.0
6701,6,-1,0.6,0.0
6702,6,-1,0.6,0.0
6703,6,-1,0.6,0.0
6704,6,-1,0.6,0.0
6705,6,-1,0.6,0.0
6706,6,-1,0.6,0.0
6707,6,-1,0.6,0.0
6708,6,-1,0.6,0.0
6709,6,-1,0.6,0.0
6710,6,-1,0.6,0.0
6711,6,-1,0.6,0.0
6712,6,-1,0.6,0.0
6713,6,-1,0.6,0.0
6714,6,-1,0.6,0.0
6715,6,-1,0.6,0.0
6716,6,-1,0.6,0.0
6717,6,-1,0.6,0.0
6718,6,-1,0.6,0.0
6719,6,-1,0.6,0.0
6720,6,-1,0.6,0.0
6721,6,-1,0.6,0.0
6722,6,-1,0.6,0.0
6723,6,-1,0.6,0.0
6724,6,-1,0.6,0.0
6725,6,-1,0.6,0.0
6726,6,-1,0.6,0.0
6727,6,-1,0.6,0.0
6728,6,-1,0.6,0.0
6729,6,-1,0.6,0.0
6730,6,-1,0.6,0.0
6731,6,-1,0.6,0.0
6732,6,-1,0.6,0.0
6733,6,-1,0.6,0.0
6734,6,-1,0.6,0.0
6735,6,-1,0.6,0.0
6736,6,-1,0.6,0.0
6737,6,-1,0.6,0.0
6738,6,-1,0.6,0.0
6739,6,-1,0.6,0.0
6740,6,-1,0.6,0.0
6741,6,-1,0.6,0.0
6742,6,-1,0.6,0.0
6743,6,-1,0.6,0.0
6744,6,-1,0.6,0.0
6745,6,-1,0.6,0.0
6746,6,-1,0.6,0.0
6747,6,-1,0.6,0.0
6748,6,-1,0.6,0.0
6749,6,-1,0.6,0.0
6750,7,-1,0.6,0.0
6751,7,-1,0.6,0.0
6752,7,-1,0.6,0.0
6753,7,-1,0.6,0.0
6754,7,-1,0.6,0.0
6755,7,-1,0.6,0.0
6756,7,-1,0.6,0.0
6757,7,-1,0.6,0.0
6758,7,-1,0.6,0.0
6759,7,-1,0.6,0.0
6760,7,-1,0.6,0.0
6761,7,-1,0.6,0.0
6762,7,-1,0.6,0.0
6763,7,-1,0.6,0.0
6764,7,-1,0.6,0.0
6765,7,-1,0.6,0.0
6766,7,-1,0.6,0.0
6767,7,-1,0.6,0.0
6768,7,-1,0.6,0.0
6769,7,-1,0.6,0.0
6770,7,-1,0.6,0.0
6771,7,-1,0.6,0.0
6772,7,-1,0.6,0.0
6773,7,-1,0.6,0.0
6774,7,-1,0.6,0.0
6775,7,-1,0.6,0.0
6776,7,-1,0.6,0.0
6777,7,-1,0.6,0.0
6778,7,-1,0.6,0.0
6779,7,-1,0.6,0.0
6780,7,-1,0.6,0.0
6781,7,-1,0.6,0.0
6782,7,-1,0.6,0.0
6783,7,-1,0.6,0.0
6784,7,-1,0.6,0.0
6785,7,-1,0.6,0.0
6786,7,-1,0.6,0.0
6787,7,-1,0.6,0.0
6788,7,-1,0.6,0.0
6789,7,-1,0.6,0.0
6790,7,-1,0.6,0.0
6791,7,-1,0.6,0.0
6792,7,-1,0.6,0.0
6793,7,-1,0.6,0.0
6794,7,-1,0.6,0.0
6795,7,-1,0.6,0.0
6796,7,-1,0.6,0.0
6797,7,-1,0.6,0.0
6798,7,-1,0.6,0.0
6799,7,-1,0.6,0.0
6800,7,-1,0.6,0.0
6801,7,-1,0.6,0.0
6802,7,-1,0.6,0.0
6803,7,-1,0.6,0.0
6804,7,-1,0.6,0.0
6805,7,-1,0.6,0.0
6806,7,-1,0.6,0.0
6807,7,-1,0.6,0.0
6808,7,-1,0.6,0.0
6809,7,-1,0.6,0.0
6810,7,-1,0.6,0.0
6811,7,-1,0.6,0.0
6812,7,-1,0.6,0.0
6813,7,-1,0.6,0.0
6814,7,-1,0.6,0.0
6815,7,-1,0.6,0.0
6816,7,-1,0.6,0.0
6817,7,-1,0.6,0.0
6818,7,-1,0.6,0.0
6819,7,-1,0.6,0.0
6820,7,-1,0.6,0.0
6821,7,-1,0.6,0.0
6822,7,-1,0.6,0.0
6823,7,-1,0.6,0.0
6824,7,-1,0.6,0.0
6825,7,-1,0.6,0.0
6826,7,-1,0.6,0.0
6827,7,-1,0.6,0.0
6828,7,-1,0.6,0.0
6829,7,-1,0.6,0.0
6830,7,-1,0.6,0.0
6831,7,-1,0.6,0.0
6832,7,-1,0.6,0.0
6833,7,-1,0.6,0.0
6834,7,-1,0.6,0.0
6835,7,-1,0.6,0.0
6836,7,-1,0.6,0.0
6837,7,-1,0.6,0.0
6838,7,-1,0.6,0.0
6839,7,-1,0.6,0.0
6840,7,-1,0.6,0.0
6841,7,-1,0.6,0.0
6842,7,-1,0.6,0.0
6843,7,-1,0.6,0.0
6844,7,-1,0.6,0.0
6845,7,-1,0.6,0.0
6846,7,-1,0.6,0.0
6847,7,-1,0.6,0.0
6848,7,-1,0.6,0.0
6849,7,-1,0.6,0.0
6850,7,-1,0.6,0.0
6851,7,-1,0.6,0.0
6852,7,-1,0.6,0.0
6853,7,-1,0.6,0.0
6854,7,-1,0.6,0.0
6855,7,-1,0.6,0.0
6856,7,-1,0.6,0.0
6857,7,-1,0.6,0.0
6858,7,-1,0.6,0.0
6859,7,-1,0.6,0.0
6860,7,-1,0.6,0.0
6861,7,-1,0.6,0.0
6862,7,-1,0.6,0.0
6863,7,-1,0.6,0.0
6864,7,-1,0.6,0.0
6865,7,-1,0.6,0.0
6866,7,-1,0.6,0.0
6867,7,-1,0.6,0.0
6868,7,-1,0.6,0.0
6869,7,-1,0.6,0.0
6870,7,-1,0.6,0.0
6871,7,-1,0.6,0.0
6872,7,-1,0.6,0.0
6873,7,-1,0.6,0.0
6874,7,-1,0.6,0.0
6875,7,-1,0.6,0.0
6876,7,-1,0.6,0.0
6877,7,-1,0.6,0.0
6878,7,-1,0.6,0.0
6879,7,-1,0.6,0.0
6880,7,-1,0.6,0.0
6881,7,-1,0.6,0.0
6882,7,-1,0.6,0.0
6883,7,-1,0.6,0.0
6884,7,-1,0.6,0.0
6885,7,-1,0.6,0.0
6886,7,-1,0.6,0.0
6887,7,-1,0.6,0.0
6888,7,-1,0.6,0.0
6889,7,-1,0.6,0.0
6890,7,-1,0.6,0.0
6891,7,-1,0.6,0.0
6892,7,-1,0.6,0.0
6893,7,-1,0.6,0.0
6894,7,-1,0.6,0.0
6895,7,-1,0.6,0.0
6896,7,-1,0.6,0.0
6897,7,-1,0.6,0.0
6898,7,-1,0.6,0.0
6899,7,-1,0.6,0.0
6900,8,-1,0.6,0.0
6901,8,-1,0.6,0.0
6902,8,-1,0.6,0.0
6903,8,-1,0.6,0.0
6904,8,-1,0.6,0.0
6905,8,-1,0.6,0.0
6906,8,-1,0.6,0.0
6907,8,-1,0.6,0.0
6908,8,-1,0.6,0.0
6909,8,-1,0.6,0.0
6910,8,-1,0.6,0.0
6911,8,-1,0.6,0.0
6912,8,-1,0.6,0.0
6913,8,-1,0.6,0.0
6914,8,-1,0.6,0.0
6915,8,-1,0.6,0.0
6916,8,-1,0.6,0.0
6917,8,-1,0.6,0.0
6918,8,-1,0.6,0.0
6919,8,-1,0.6,0.0
6920,8,-1,0.6,0.0
6921,8,-1,0.6,0.0
6922,8,-1,0.6,0.0
6923,8,-1,0.6,0.0
6924,8,-1,0.6,0.0
6925,8,-1,0.6,0.0
6926,8,-1,0.6,0.0
6927,8,-1,0.6,0.0
6928,8,-1,0.6,0.0
6929,8,-1,0.6,0.0
6930,8,-1,0.6,0.0
6931,8,-1,0.6,0.0
6932,8,-1,0.6,0.0
6933,8,-1,0.6,0.0
6934,8,-1,0.6,0.0
6935,8,-1,0.6,0.0
6936,8,-1,0.6,0.0
6937,8,-1,0.6,0.0
6938,8,-1,0.6,0.0
6939,8,-1,0.6,0.0
6940,8,-1,0.6,0.0
6941,8,-1,0.6,0.0
6942,8,-1,0.6,0.0
6943,8,-1,0.6,0.0
6944,8,-1,0.6,0.0
6945,8,-1,0.6,0.0
6946,8,-1,0.6,0.0
6947,8,-1,0.6,0.0
6948,8,-1,0.6,0.0
6949,8,-1,0.6,0.0
6950,8,-1,0.6,0.0
6951,8,-1,0.6,0.0
6952,8,-1,0.6,0.0
6953,8,-1,0.6,0.0
6954,8,-1,0.6,0.0
6955,8,-1,0.6,0.0
6956,8,-1,0.6,0.0
6957,8,-1,0.6,0.0
6958,8,-1,0.6,0.0
6959,8,-1,0.6,0.0
6960,8,-1,0.6,0.0
6961,8,-1,0.6,0.0
6962,8,-1,0.6,0.0
6963,8,-1,0.6,0.0
6964,8,-1,0.6,0.0
6965,8,-1,0.6,0.0
6966,8,-1,0.6,0.0
6967,8,-1,0.6,0.0
6968,8,-1,0.6,0.0
6969,8,-1,0.6,0.0
6970,8,-1,0.6,0.0
6971,8,-1,0.6,0.0
6972,8,-1,0.6,0.0
6973,8,-1,0.6,0.0
6974,8,-1,0.6,0.0
6975,8,-1,0.6,0.0
6976,8,-1,0.6,0.0
6977,8,-1,0.6,0.0
6978,8,-1,0.6,0.0
6979,8,-1,0.6,0.0
6980,8,-1,0.6,0.0
6981,8,-1,0.6,0.0
6982,8,-1,0.6,0.0
6983,8,-1,0.6,0.0
6984,8,-1,0.6,0.0
6985,8,-1,0.6,0.0
6986,8,-1,0.6,0.0
6987,8,-1,0.6,0.0
6988,8,-1,0.6,0.0
6989,8,-1,0.6,0.0
6990,8,-1,0.6,0.0
6991,8,-1,0.6,0.0
6992,8,-1,0.6,0.0
6993,8,-1,0.6,0.0
6994,8,-1,0.6,0.0
6995,8,-1,0.6,0.0
6996,8,-1,0.6,0.0
6997,8,-1,0.6,0.0
6998,8,-1,0.6,0.0
6999,8,-1,0.6,0.0
7000,8,-1,0.6,0.0
7001,8,-1,0.6,0.0
7002,8,-1,0.6,0.0
7003,8,-1,0.6,0.0
7004,8,-1,0.6,0.0
7005,8,-1,0.6,0.0
7006,8,-1,0.6,0.0
7007,8,-1,0.6,0.0
7008,8,-1,0.6,0.0
7009,8,-1,0.6,0.0
7010,8,-1,0.6,0.0
7011,8,-1,0.6,0.0
7012,8,-1,0.6,0.0
7013,8,-1,0.6,0.0
7014,8,-1,0.6,0.0
7015,8,-1,0.6,0.0
7016,8,-1,0.6,0.0
7017,8,-1,0.6,0.0
7018,8,-1,0.6,0.0
7019,8,-1,0.6,0.0
7020,8,-1,0.6,0.0
7021,8,-1,0.6,0.0
7022,8,-1,0.6,0.0
7023,8,-1,0.6,0.0
7024,8,-1,0.6,0.0
7025,8,-1,0.6,0.0
7026,8,-1,0.6,0.0
7027,8,-1,0.6,0.0
7028,8,-1,0.6,0.0
7029,8,-1,0.6,0.0
7030,8,-1,0.6,0.0
7031,8,-1,0.6,0.0
7032,8,-1,0.6,0.0
7033,8,-1,0.6,0.0
7034,8,-1,0.6,0.0
7035,8,-1,0.6,0.0
7036,8,-1,0.6,0.0
7037,8,-1,0.6,0.0
7038,8,-1,0.6,0.0
7039,8,-1,0.6,0.0
7040,8,-1,0.6,0.0
7041,8,-1,0.6,0.0
7042,8,-1,0.6,0.0
7043,8,-1,0.6,0.0
7044,8,-1,0.6,0.0
7045,8,-1,0.6,0.0
7046,8,-1,0.6,0.0
7047,8,-1,0.6,0.0
7048,8,-1,0.6,0.0
7049,8,-1,0.6,0.0
7050,9,-1,0.6,0.0
7051,9,-1,0.6,0.0
7052,9,-1,0.6,0.0
7053,9,-1,0.6,0.0
7054,9,-1,0.6,0.0
7055,9,-1,0.6,0.0
7056,9,-1,0.6,0.0
7057,9,-1,0.6,0.0
7058,9,-1,0.6,0.0
7059,9,-1,0.6,0.0
7060,9,-1,0.6,0.0
7061,9,-1,0.6,0.0
7062,9,-1,0.6,0.0
7063,9,-1,0.6,0.0
7064,9,-1,0.6,0.0
7065,9,-1,0.6,0.0
7066,9,-1,0.6,0.0
7067,9,-1,0.6,0.0
7068,9,-1,0.6,0.0
7069,9,-1,0.6,0.0
7070,9,-1,0.6,0.0
7071,9,-1,0.6,0.0
7072,9,-1,0.6,0.0
7073,9,-1,0.6,0.0
7074,9,-1,0.6,0.0
7075,9,-1,0.6,0.0
7076,9,-1,0.6,0.0
7077,9,-1,0.6,0.0
7078,9,-1,0.6,0.0
7079,9,-1,0.6,0.0
7080,9,-1,0.6,0.0
7081,9,-1,0.6,0.0
7082,9,-1,0.6,0.0
7083,9,-1,0.6,0.0
7084,9,-1,0.6,0.0
7085,9,-1,0.6,0.0
7086,9,-1,0.6,0.0
7087,9,-1,0.6,0.0
7088,9,-1,0.6,0.0
7089,9,-1,0.6,0.0
7090,9,-1,0.6,0.0
7091,9,-1,0.6,0.0
7092,9,-1,0.6,0.0
7093,9,-1,0.6,0.0
7094,9,-1,0.6,0.0
7095,9,-1,0.6,0.0
7096,9,-1,0.6,0.0
7097,9,-1,0.6,0.0
7098,9,-1,0.6,0.0
7099,9,-1,0.6,0.0
7100,9,-1,0.6,0.0
7101,9,-1,0.6,0.0
7102,9,-1,0.6,0.0
7103,9,-1,0.6,0.0
7104,9,-1,0.6,0.0
7105,9,-1,0.6,0.0
7106,9,-1,0.6,0.0
7107,9,-1,0.6,0.0
7108,9,-1,0.6,0.0
7109,9,-1,0.6,0.0
7110,9,-1,0.6,0.0
7111,9,-1,0.6,0.0
7112,9,-1,0.6,0.0
7113,9,-1,0.6,0.0
7114,9,-1,0.6,0.0
7115,9,-1,0.6,0.0
7116,9,-1,0.6,0.0
7117,9,-1,0.6,0.0
7118,9,-1,0.6,0.0
7119,9,-1,0.6,0.0
7120,9,-1,0.6,0.0
7121,9,-1,0.6,0.0
7122,9,-1,0.6,0.0
7123,9,-1,0.6,0.0
7124,9,-1,0.6,0.0
7125,9,-1,0.6,0.0
7126,9,-1,0.6,0.0
7127,9,-1,0.6,0.0
7128,9,-1,0.6,0.0
7129,9,-1,0.6,0.0
7130,9,-1,0.6,0.0
7131,9,-1,0.6,0.0
7132,9,-1,0.6,0.0
7133,9,-1,0.6,0.0
7134,9,-1,0.6,0.0
7135,9,-1,0.6,0.0
7136,9,-1,0.6,0.0
7137,9,-1,0.6,0.0
7138,9,-1,0.6,0.0
7139,9,-1,0.6,0.0
7140,9,-1,0.6,0.0
7141,9,-1,0.6,0.0
7142,9,-1,0.6,0.0
7143,9,-1,0.6,0.0
7144,9,-1,0.6,0.0
7145,9,-1,0.6,0.0
7146,9,-1,0.6,0.0
7147,9,-1,0.6,0.0
7148,9,-1,0.6,0.0
7149,9,-1,0.6,0.0
7150,9,-1,0.6,0.0
7151,9,-1,0.6,0.0
7152,9,-1,0.6,0.0
7153,9,-1,0.6,0.0
7154,9,-1,0.6,0.0
7155,9,-1,0.6,0.0
7156,9,-1,0.6,0.0
7157,9,-1,0.6,0.0
7158,9,-1,0.6,0.0
7159,9,-1,0.6,0.0
7160,9,-1,0.6,0.0
7161,9,-1,0.6,0.0
7162,9,-1,0.6,0.0
7163,9,-1,0.6,0.0
7164,9,-1,0.6,0.0
7165,9,-1,0.6,0.0
7166,9,-1,0.6,0.0
7167,9,-1,0.6,0.0
7168,9,-1,0.6,0.0
7169,9,-1,0.6,0.0
7170,9,-1,0.6,0.0
7171,9,-1,0.6,0.0
7172,9,-1,0.6,0.0
7173,9,-1,0.6,0.0
7174,9,-1,0.6,0.0
7175,9,-1,0.6,0.0
7176,9,-1,0.6,0.0
7177,9,-1,0.6,0.0
7178,9,-1,0.6,0.0
7179,9,-1,0.6,0.0
7180,9,-1,0.6,0.0
7181,9,-1,0.6,0.0
7182,9,-1,0.6,0.0
7183,9,-1,0.6,0.0
7184,9,-1,0.6,0.0
7185,9,-1,0.6,0.0
7186,9,-1,0.6,0.0
7187,9,-1,0.6,0.0
7188,9,-1,0.6,0.0
7189,9,-1,0.6,0.0
7190,9,-1,0.6,0.0
7191,9,-1,0.6,0.0
7192,9,-1,0.6,0.0
7193,9,-1,0.6,0.0
7194,9,-1,0.6,0.0
7195,9,-1,0.6,0.0
7196,9,-1,0.6,0.0
7197,9,-1,0.6,0.0
7198,9,-1,0.6,0.0
7199,9,-1,0.6,0.0
7200,2,-1,0.7,0.0
7201,2,-1,0.7,0.0
7202,2,-1,0.7,0.0
7203,2,-1,0.7,0.0
7204,2,-1,0.7,0.0
7205,2,-1,0.7,0.0
7206,2,-1,0.7,0.0
7207,2,-1,0.7,0.0
7208,2,-1,0.7,0.0
7209,2,-1,0.7,0.0
7210,2,-1,0.7,0.0
7211,2,-1,0.7,0.0
7212,2,-1,0.7,0.0
7213,2,-1,0.7,0.0
7214,2,-1,0.7,0.0
7215,2,-1,0.7,0.0
7216,2,-1,0.7,0.0
7217,2,-1,0.7,0.0
7218,2,-1,0.7,0.0
7219,2,-1,0.7,0.0
7220,2,-1,0.7,0.0
7221,2,-1,0.7,0.0
7222,2,-1,0.7,0.0
7223,2,-1,0.7,0.0
7224,2,-1,0.7,0.0
7225,2,-1,0.7,0.0
7226,2,-1,0.7,0.0
7227,2,-1,0.7,0.0
7228,2,-1,0.7,0.0
7229,2,-1,0.7,0.0
7230,2,-1,0.7,0.0
7231,2,-1,0.7,0.0
7232,2,-1,0.7,0.0
7233,2,-1,0.7,0.0
7234,2,-1,0.7,0.0
7235,2,-1,0.7,0.0
7236,2,-1,0.7,0.0
7237,2,-1,0.7,0.0
7238,2,-1,0.7,0.0
7239,2,-1,0.7,0.0
7240,2,-1,0.7,0.0
7241,2,-1,0.7,0.0
7242,2,-1,0.7,0.0
7243,2,-1,0.7,0.0
7244,2,-1,0.7,0.0
7245,2,-1,0.7,0.0
7246,2,-1,0.7,0.0
7247,2,-1,0.7,0.0
7248,2,-1,0.7,0.0
7249,2,-1,0.7,0.0
7250,2,-1,0.7,0.0
7251,2,-1,0.7,0.0
7252,2,-1,0.7,0.0
7253,2,-1,0.7,0.0
7254,2,-1,0.7,0.0
7255,2,-1,0.7,0.0
7256,2,-1,0.7,0.0
7257,2,-1,0.7,0.0
7258,2,-1,0.7,0.0
7259,2,-1,0.7,0.0
7260,2,-1,0.7,0.0
7261,2,-1,0.7,0.0
7262,2,-1,0.7,0.0
7263,2,-1,0.7,0.0
7264,2,-1,0.7,0.0
7265,2,-1,0.7,0.0
7266,2,-1,0.7,0.0
7267,2,-1,0.7,0.0
7268,2,-1,0.7,0.0
7269,2,-1,0.7,0.0
7270,2,-1,0.7,0.0
7271,2,-1,0.7,0.0
7272,2,-1,0.7,0.0
7273,2,-1,0.7,0.0
7274,2,-1,0.7,0.0
7275,2,-1,0.7,0.0
7276,2,-1,0.7,0.0
7277,2,-1,0.7,0.0
7278,2,-1,0.7,0.0
7279,2,-1,0.7,0.0
7280,2,-1,0.7,0.0
7281,2,-1,0.7,0.0
7282,2,-1,0.7,0.0
7283,2,-1,0.7,0.0
7284,2,-1,0.7,0.0
7285,2,-1,0.7,0.0
7286,2,-1,0.7,0.0
7287,2,-1,0.7,0.0
7288,2,-1,0.7,0.0
7289,2,-1,0.7,0.0
7290,2,-1,0.7,0.0
7291,2,-1,0.7,0.0
7292,2,-1,0.7,0.0
7293,2,-1,0.7,0.0
7294,2,-1,0.7,0.0
7295,2,-1,0.7,0.0
7296,2,-1,0.7,0.0
7297,2,-1,0.7,0.0
7298,2,-1,0.7,0.0
7299,2,-1,0.7,0.0
7300,2,-1,0.7,0.0
7301,2,-1,0.7,0.0
7302,2,-1,0.7,0.0
7303,2,-1,0.7,0.0
7304,2,-1,0.7,0.0
7305,2,-1,0.7,0.0
7306,2,-1,0.7,0.0
7307,2,-1,0.7,0.0
7308,2,-1,0.7,0.0
7309,2,-1,0.7,0.0
7310,2,-1,0.7,0.0
7311,2,-1,0.7,0.0
7312,2,-1,0.7,0.0
7313,2,-1,0.7,0.0
7314,2,-1,0.7,0.0
7315,2,-1,0.7,0.0
7316,2,-1,0.7,0.0
7317,2,-1,0.7,0.0
7318,2,-1,0.7,0.0
7319,2,-1,0.7,0.0
7320,2,-1,0.7,0.0
7321,2,-1,0.7,0.0
7322,2,-1,0.7,0.0
7323,2,-1,0.7,0.0
7324,2,-1,0.7,0.0
7325,2,-1,0.7,0.0
7326,2,-1,0.7,0.0
7327,2,-1,0.7,0.0
7328,2,-1,0.7,0.0
7329,2,-1,0.7,0.0
7330,2,-1,0.7,0.0
7331,2,-1,0.7,0.0
7332,2,-1,0.7,0.0
7333,2,-1,0.7,0.0
7334,2,-1,0.7,0.0
7335,2,-1,0.7,0.0
7336,2,-1,0.7,0.0
7337,2,-1,0.7,0.0
7338,2,-1,0.7,0.0
7339,2,-1,0.7,0.0
7340,2,-1,0.7,0.0
7341,2,-1,0.7,0.0
7342,2,-1,0.7,0.0
7343,2,-1,0.7,0.0
7344,2,-1,0.7,0.0
7345,2,-1,0.7,0.0
7346,2,-1,0.7,0.0
7347,2,-1,0.7,0.0
7348,2,-1,0.7,0.0
7349,2,-1,0.7,0.0
7350,3,-1,0.7,0.0
7351,3,-1,0.7,0.0
7352,3,-1,0.7,0.0
7353,3,-1,0.7,0.0
7354,3,-1,0.7,0.0
7355,3,-1,0.7,0.0
7356,3,-1,0.7,0.0
7357,3,-1,0.7,0.0
7358,3,-1,0.7,0.0
7359,3,-1,0.7,0.0
7360,3,-1,0.7,0.0
7361,3,-1,0.7,0.0
7362,3,-1,0.7,0.0
7363,3,-1,0.7,0.0
7364,3,-1,0.7,0.0
7365,3,-1,0.7,0.0
7366,3,-1,0.7,0.0
7367,3,-1,0.7,0.0
7368,3,-1,0.7,0.0
7369,3,-1,0.7,0.0
7370,3,-1,0.7,0.0
7371,3,-1,0.7,0.0
7372,3,-1,0.7,0.0
7373,3,-1,0.7,0.0
7374,3,-1,0.7,0.0
7375,3,-1,0.7,0.0
7376,3,-1,0.7,0.0
7377,3,-1,0.7,0.0
7378,3,-1,0.7,0.0
7379,3,-1,0.7,0.0
7380,3,-1,0.7,0.0
7381,3,-1,0.7,0.0
7382,3,-1,0.7,0.0
7383,3,-1,0.7,0.0
7384,3,-1,0.7,0.0
7385,3,-1,0.7,0.0
7386,3,-1,0.7,0.0
7387,3,-1,0.7,0.0
7388,3,-1,0.7,0.0
7389,3,-1,0.7,0.0
7390,3,-1,0.7,0.0
7391,3,-1,0.7,0.0
7392,3,-1,0.7,0.0
7393,3,-1,0.7,0.0
7394,3,-1,0.7,0.0
7395,3,-1,0.7,0.0
7396,3,-1,0.7,0.0
7397,3,-1,0.7,0.0
7398,3,-1,0.7,0.0
7399,3,-1,0.7,0.0
7400,3,-1,0.7,0.0
7401,3,-1,0.7,0.0
7402,3,-1,0.7,0.0
7403,3,-1,0.7,0.0
7404,3,-1,0.7,0.0
7405,3,-1,0.7,0.0
7406,3,-1,0.7,0.0
7407,3,-1,0.7,0.0
7408,3,-1,0.7,0.0
7409,3,-1,0.7,0.0
7410,3,-1,0.7,0.0
7411,3,-1,0.7,0.0
7412,3,-1,0.7,0.0
7413,3,-1,0.7,0.0
7414,3,-1,0.7,0.0
7415,3,-1,0.7,0.0
7416,3,-1,0.7,0.0
7417,3,-1,0.7,0.0
7418,3,-1,0.7,0.0
7419,3,-1,0.7,0.0
7420,3,-1,0.7,0.0
7421,3,-1,0.7,0.0
7422,3,-1,0.7,0.0
7423,3,-1,0.7,0.0
7424,3,-1,0.7,0.0
7425,3,-1,0.7,0.0
7426,3,-1,0.7,0.0
7427,3,-1,0.7,0.0
7428,3,-1,0.7,0.0
7429,3,-1,0.7,0.0
7430,3,-1,0.7,0.0
7431,3,-1,0.7,0.0
7432,3,-1,0.7,0.0
7433,3,-1,0.7,0.0
7434,3,-1,0.7,0.0
7435,3,-1,0.7,0.0
7436,3,-1,0.7,0.0
7437,3,-1,0.7,0.0
7438,3,-1,0.7,0.0
7439,3,-1,0.7,0.0
7440,3,-1,0.7,0.0
7441,3,-1,0.7,0.0
7442,3,-1,0.7,0.0
7443,3,-1,0.7,0.0
7444,3,-1,0.7,0.0
7445,3,-1,0.7,0.0
7446,3,-1,0.7,0.0
7447,3,-1,0.7,0.0
7448,3,-1,0.7,0.0
7449,3,-1,0.7,0.0
7450,3,-1,0.7,0.0
7451,3,-1,0.7,0.0
7452,3,-1,0.7,0.0
7453,3,-1,0.7,0.0
7454,3,-1,0.7,0.0
7455,3,-1,0.7,0.0
7456,3,-1,0.7,0.0
7457,3,-1,0.7,0.0
7458,3,-1,0.7,0.0
7459,3,-1,0.7,0.0
7460,3,-1,0.7,0.0
7461,3,-1,0.7,0.0
7462,3,-1,0.7,0.0
7463,3,-1,0.7,0.0
7464,3,-1,0.7,0.0
7465,3,-1,0.7,0.0
7466,3,-1,0.7,0.0
7467,3,-1,0.7,0.0
7468,3,-1,0.7,0.0
7469,3,-1,0.7,0.0
7470,3,-1,0.7,0.0
7471,3,-1,0.7,0.0
7472,3,-1,0.7,0.0
7473,3,-1,0.7,0.0
7474,3,-1,0.7,0.0
7475,3,-1,0.7,0.0
7476,3,-1,0.7,0.0
7477,3,-1,0.7,0.0
7478,3,-1,0.7,0.0
7479,3,-1,0.7,0.0
7480,3,-1,0.7,0.0
7481,3,-1,0.7,0.0
7482,3,-1,0.7,0.0
7483,3,-1,0.7,0.0
7484,3,-1,0.7,0.0
7485,3,-1,0.7,0.0
7486,3,-1,0.7,0.0
7487,3,-1,0.7,0.0
7488,3,-1,0.7,0.0
7489,3,-1,0.7,0.0
7490,3,-1,0.7,0.0
7491,3,-1,0.7,0.0
7492,3,-1,0.7,0.0
7493,3,-1,0.7,0.0
7494,3,-1,0.7,0.0
7495,3,-1,0.7,0.0
7496,3,-1,0.7,0.0
7497,3,-1,0.7,0.0
7498,3,-1,0.7,0.0
7499,3,-1,0.7,0.0
7500,4,-1,0.7,0.0
7501,4,-1,0.7,0.0
7502,4,-1,0.7,0.0
7503,4,-1,0.7,0.0
7504,4,-1,0.7,0.0
7505,4,-1,0.7,0.0
7506,4,-1,0.7,0.0
7507,4,-1,0.7,0.0
7508,4,-1,0.7,0.0
7509,4,-1,0.7,0.0
7510,4,-1,0.7,0.0
7511,4,-1,0.7,0.0
7512,4,-1,0.7,0.0
7513,4,-1,0.7,0.0
7514,4,-1,0.7,0.0
7515,4,-1,0.7,0.0
7516,4,-1,0.7,0.0
7517,4,-1,0.7,0.0
7518,4,-1,0.7,0.0
7519,4,-1,0.7,0.0
7520,4,-1,0.7,0.0
7521,4,-1,0.7,0.0
7522,4,-1,0.7,0.0
7523,4,-1,0.7,0.0
7524,4,-1,0.7,0.0
7525,4,-1,0.7,0.0
7526,4,-1,0.7,0.0
7527,4,-1,0.7,0.0
7528,4,-1,0.7,0.0
7529,4,-1,0.7,0.0
7530,4,-1,0.7,0.0
7531,4,-1,0.7,0.0
7532,4,-1,0.7,0.0
7533,4,-1,0.7,0.0
7534,4,-1,0.7,0.0
7535,4,-1,0.7,0.0
7536,4,-1,0.7,0.0
7537,4,-1,0.7,0.0
7538,4,-1,0.7,0.0
7539,4,-1,0.7,0.0
7540,4,-1,0.7,0.0
7541,4,-1,0.7,0.0
7542,4,-1,0.7,0.0
7543,4,-1,0.7,0.0
7544,4,-1,0.7,0.0
7545,4,-1,0.7,0.0
7546,4,-1,0.7,0.0
7547,4,-1,0.7,0.0
7548,4,-1,0.7,0.0
7549,4,-1,0.7,0.0
7550,4,-1,0.7,0.0
7551,4,-1,0.7,0.0
7552,4,-1,0.7,0.0
7553,4,-1,0.7,0.0
7554,4,-1,0.7,0.0
7555,4,-1,0.7,0.0
7556,4,-1,0.7,0.0
7557,4,-1,0.7,0.0
7558,4,-1,0.7,0.0
7559,4,-1,0.7,0.0
7560,4,-1,0.7,0.0
7561,4,-1,0.7,0.0
7562,4,-1,0.7,0.0
7563,4,-1,0.7,0.0
7564,4,-1,0.7,0.0
7565,4,-1,0.7,0.0
7566,4,-1,0.7,0.0
7567,4,-1,0.7,0.0
7568,4,-1,0.7,0.0
7569,4,-1,0.7,0.0
7570,4,-1,0.7,0.0
7571,4,-1,0.7,0.0
7572,4,-1,0.7,0.0
7573,4,-1,0.7,0.0
7574,4,-1,0.7,0.0
7575,4,-1,0.7,0.0
7576,4,-1,0.7,0.0
7577,4,-1,0.7,0.0
7578,4,-1,0.7,0.0
7579,4,-1,0.7,0.0
7580,4,-1,0.7,0.0
7581,4,-1,0.7,0.0
7582,4,-1,0.7,0.0
7583,4,-1,0.7,0.0
7584,4,-1,0.7,0.0
7585,4,-1,0.7,0.0
7586,4,-1,0.7,0.0
7587,4,-1,0.7,0.0
7588,4,-1,0.7,0.0
7589,4,-1,0.7,0.0
7590,4,-1,0.7,0.0
7591,4,-1,0.7,0.0
7592,4,-1,0.7,0.0
7593,4,-1,0.7,0.0
7594,4,-1,0.7,0.0
7595,4,-1,0.7,0.0
7596,4,-1,0.7,0.0
7597,4,-1,0.7,0.0
7598,4,-1,0.7,0.0
7599,4,-1,0.7,0.0
7600,4,-1,0.7,0.0
7601,4,-1,0.7,0.0
7602,4,-1,0.7,0.0
7603,4,-1,0.7,0.0
7604,4,-1,0.7,0.0
7605,4,-1,0.7,0.0
7606,4,-1,0.7,0.0
7607,4,-1,0.7,0.0
7608,4,-1,0.7,0.0
7609,4,-1,0.7,0.0
7610,4,-1,0.7,0.0
7611,4,-1,0.7,0.0
7612,4,-1,0.7,0.0
7613,4,-1,0.7,0.0
7614,4,-1,0.7,0.0
7615,4,-1,0.7,0.0
7616,4,-1,0.7,0.0
7617,4,-1,0.7,0.0
7618,4,-1,0.7,0.0
7619,4,-1,0.7,0.0
7620,4,-1,0.7,0.0
7621,4,-1,0.7,0.0
7622,4,-1,0.7,0.0
7623,4,-1,0.7,0.0
7624,4,-1,0.7,0.0
7625,4,-1,0.7,0.0
7626,4,-1,0.7,0.0
7627,4,-1,0.7,0.0
7628,4,-1,0.7,0.0
7629,4,-1,0.7,0.0
7630,4,-1,0.7,0.0
7631,4,-1,0.7,0.0
7632,4,-1,0.7,0.0
7633,4,-1,0.7,0.0
7634,4,-1,0.7,0.0
7635,4,-1,0.7,0.0
7636,4,-1,0.7,0.0
7637,4,-1,0.7,0.0
7638,4,-1,0.7,0.0
7639,4,-1,0.7,0.0
7640,4,-1,0.7,0.0
7641,4,-1,0.7,0.0
7642,4,-1,0.7,0.0
7643,4,-1,0.7,0.0
7644,4,-1,0.7,0.0
7645,4,-1,0.7,0.0
7646,4,-1,0.7,0.0
7647,4,-1,0.7,0.0
7648,4,-1,0.7,0.0
7649,4,-1,0.7,0.0
7650,5,-1,0.7,0.0
7651,5,-1,0.7,0.0
7652,5,-1,0.7,0.0
7653,5,-1,0.7,0.0
7654,5,-1,0.7,0.0
7655,5,-1,0.7,0.0
7656,5,-1,0.7,0.0
7657,5,-1,0.7,0.0
7658,5,-1,0.7,0.0
7659,5,-1,0.7,0.0
7660,5,-1,0.7,0.0
7661,5,-1,0.7,0.0
7662,5,-1,0.7,0.0
7663,5,-1,0.7,0.0
7664,5,-1,0.7,0.0
7665,5,-1,0.7,0.0
7666,5,-1,0.7,0.0
7667,5,-1,0.7,0.0
7668,5,-1,0.7,0.0
7669,5,-1,0.7,0.0
7670,5,-1,0.7,0.0
7671,5,-1,0.7,0.0
7672,5,-1,0.7,0.0
7673,5,-1,0.7,0.0
7674,5,-1,0.7,0.0
7675,5,-1,0.7,0.0
7676,5,-1,0.7,0.0
7677,5,-1,0.7,0.0
7678,5,-1,0.7,0.0
7679,5,-1,0.7,0.0
7680,5,-1,0.7,0.0
7681,5,-1,0.7,0.0
7682,5,-1,0.7,0.0
7683,5,-1,0.7,0.0
7684,5,-1,0.7,0.0
7685,5,-1,0.7,0.0
7686,5,-1,0.7,0.0
7687,5,-1,0.7,0.0
7688,5,-1,0.7,0.0
7689,5,-1,0.7,0.0
7690,5,-1,0.7,0.0
7691,5,-1,0.7,0.0
7692,5,-1,0.7,0.0
7693,5,-1,0.7,0.0
7694,5,-1,0.7,0.0
7695,5,-1,0.7,0.0
7696,5,-1,0.7,0.0
7697,5,-1,0.7,0.0
7698,5,-1,0.7,0.0
7699,5,-1,0.7,0.0
7700,5,-1,0.7,0.0
7701,5,-1,0.7,0.0
7702,5,-1,0.7,0.0
7703,5,-1,0.7,0.0
7704,5,-1,0.7,0.0
7705,5,-1,0.7,0.0
7706,5,-1,0.7,0.0
7707,5,-1,0.7,0.0
7708,5,-1,0.7,0.0
7709,5,-1,0.7,0.0
7710,5,-1,0.7,0.0
7711,5,-1,0.7,0.0
7712,5,-1,0.7,0.0
7713,5,-1,0.7,0.0
7714,5,-1,0.7,0.0
7715,5,-1,0.7,0.0
7716,5,-1,0.7,0.0
7717,5,-1,0.7,0.0
7718,5,-1,0.7,0.0
7719,5,-1,0.7,0.0
7720,5,-1,0.7,0.0
7721,5,-1,0.7,0.0
7722,5,-1,0.7,0.0
7723,5,-1,0.7,0.0
7724,5,-1,0.7,0.0
7725,5,-1,0.7,0.0
7726,5,-1,0.7,0.0
7727,5,-1,0.7,0.0
7728,5,-1,0.7,0.0
7729,5,-1,0.7,0.0
7730,5,-1,0.7,0.0
7731,5,-1,0.7,0.0
7732,5,-1,0.7,0.0
7733,5,-1,0.7,0.0
7734,5,-1,0.7,0.0
7735,5,-1,0.7,0.0
7736,5,-1,0.7,0.0
7737,5,-1,0.7,0.0
7738,5,-1,0.7,0.0
7739,5,-1,0.7,0.0
7740,5,-1,0.7,0.0
7741,5,-1,0.7,0.0
7742,5,-1,0.7,0.0
7743,5,-1,0.7,0.0
7744,5,-1,0.7,0.0
7745,5,-1,0.7,0.0
7746,5,-1,0.7,0.0
7747,5,-1,0.7,0.0
7748,5,-1,0.7,0.0
7749,5,-1,0.7,0.0
7750,5,-1,0.7,0.0
7751,5,-1,0.7,0.0
7752,5,-1,0.7,0.0
7753,5,-1,0.7,0.0
7754,5,-1,0.7,0.0
7755,5,-1,0.7,0.0
7756,5,-1,0.7,0.0
7757,5,-1,0.7,0.0
7758,5,-1,0.7,0.0
7759,5,-1,0.7,0.0
7760,5,-1,0.7,0.0
7761,5,-1,0.7,0.0
7762,5,-1,0.7,0.0
7763,5,-1,0.7,0.0
7764,5,-1,0.7,0.0
7765,5,-1,0.7,0.0
7766,5,-1,0.7,0.0
7767,5,-1,0.7,0.0
7768,5,-1,0.7,0.0
7769,5,-1,0.7,0.0
7770,5,-1,0.7,0.0
7771,5,-1,0.7,0.0
7772,5,-1,0.7,0.0
7773,5,-1,0.7,0.0
7774,5,-1,0.7,0.0
7775,5,-1,0.7,0.0
7776,5,-1,0.7,0.0
7777,5,-1,0.7,0.0
7778,5,-1,0.7,0.0
7779,5,-1,0.7,0.0
7780,5,-1,0.7,0.0
7781,5,-1,0.7,0.0
7782,5,-1,0.7,0.0
7783,5,-1,0.7,0.0
7784,5,-1,0.7,0.0
7785,5,-1,0.7,0.0
7786,5,-1,0.7,0.0
7787,5,-1,0.7,0.0
7788,5,-1,0.7,0.0
7789,5,-1,0.7,0.0
7790,5,-1,0.7,0.0
7791,5,-1,0.7,0.0
7792,5,-1,0.7,0.0
7793,5,-1,0.7,0.0
7794,5,-1,0.7,0.0
7795,5,-1,0.7,0.0
7796,5,-1,0.7,0.0
7797,5,-1,0.7,0.0
7798,5,-1,0.7,0.0
7799,5,-1,0.7,0.0
7800,6,-1,0.7,0.0
7801,6,-1,0.7,0.0
7802,6,-1,0.7,0.0
7803,6,-1,0.7,0.0
7804,6,-1,0.7,0.0
7805,6,-1,0.7,0.0
7806,6,-1,0.7,0.0
7807,6,-1,0.7,0.0
7808,6,-1,0.7,0.0
7809,6,-1,0.7,0.0
7810,6,-1,0.7,0.0
7811,6,-1,0.7,0.0
7812,6,-1,0.7,0.0
7813,6,-1,0.7,0.0
7814,6,-1,0.7,0.0
7815,6,-1,0.7,0.0
7816,6,-1,0.7,0.0
7817,6,-1,0.7,0.0
7818,6,-1,0.7,0.0
7819,6,-1,0.7,0.0
7820,6,-1,0.7,0.0
7821,6,-1,0.7,0.0
7822,6,-1,0.7,0.0
7823,6,-1,0.7,0.0
7824,6,-1,0.7,0.0
7825,6,-1,0.7,0.0
7826,6,-1,0.7,0.0
7827,6,-1,0.7,0.0
7828,6,-1,0.7,0.0
7829,6,-1,0.7,0.0
7830,6,-1,0.7,0.0
7831,6,-1,0.7,0.0
7832,6,-1,0.7,0.0
7833,6,-1,0.7,0.0
7834,6,-1,0.7,0.0
7835,6,-1,0.7,0.0
7836,6,-1,0.7,0.0
7837,6,-1,0.7,0.0
7838,6,-1,0.7,0.0
7839,6,-1,0.7,0.0
7840,6,-1,0.7,0.0
7841,6,-1,0.7,0.0
7842,6,-1,0.7,0.0
7843,6,-1,0.7,0.0
7844,6,-1,0.7,0.0
7845,6,-1,0.7,0.0
7846,6,-1,0.7,0.0
7847,6,-1,0.7,0.0
7848,6,-1,0.7,0.0
7849,6,-1,0.7,0.0
7850,6,-1,0.7,0.0
7851,6,-1,0.7,0.0
7852,6,-1,0.7,0.0
7853,6,-1,0.7,0.0
7854,6,-1,0.7,0.0
7855,6,-1,0.7,0.0
7856,6,-1,0.7,0.0
7857,6,-1,0.7,0.0
7858,6,-1,0.7,0.0
7859,6,-1,0.7,0.0
7860,6,-1,0.7,0.0
7861,6,-1,0.7,0.0
7862,6,-1,0.7,0.0
7863,6,-1,0.7,0.0
7864,6,-1,0.7,0.0
7865,6,-1,0.7,0.0
7866,6,-1,0.7,0.0
7867,6,-1,0.7,0.0
7868,6,-1,0.7,0.0
7869,6,-1,0.7,0.0
7870,6,-1,0.7,0.0
7871,6,-1,0.7,0.0
7872,6,-1,0.7,0.0
7873,6,-1,0.7,0.0
7874,6,-1,0.7,0.0
7875,6,-1,0.7,0.0
7876,6,-1,0.7,0.0
7877,6,-1,0.7,0.0
7878,6,-1,0.7,0.0
7879,6,-1,0.7,0.0
7880,6,-1,0.7,0.0
7881,6,-1,0.7,0.0
7882,6,-1,0.7,0.0
7883,6,-1,0.7,0.0
7884,6,-1,0.7,0.0
7885,6,-1,0.7,0.0
7886,6,-1,0.7,0.0
7887,6,-1,0.7,0.0
7888,6,-1,0.7,0.0
7889,6,-1,0.7,0.0
7890,6,-1,0.7,0.0
7891,6,-1,0.7,0.0
7892,6,-1,0.7,0.0
7893,6,-1,0.7,0.0
7894,6,-1,0.7,0.0
7895,6,-1,0.7,0.0
7896,6,-1,0.7,0.0
7897,6,-1,0.7,0.0
7898,6,-1,0.7,0.0
7899,6,-1,0.7,0.0
7900,6,-1,0.7,0.0
7901,6,-1,0.7,0.0
7902,6,-1,0.7,0.0
7903,6,-1,0.7,0.0
7904,6,-1,0.7,0.0
7905,6,-1,0.7,0.0
7906,6,-1,0.7,0.0
7907,6,-1,0.7,0.0
7908,6,-1,0.7,0.0
7909,6,-1,0.7,0.0
7910,6,-1,0.7,0.0
7911,6,-1,0.7,0.0
7912,6,-1,0.7,0.0
7913,6,-1,0.7,0.0
7914,6,-1,0.7,0.0
7915,6,-1,0.7,0.0
7916,6,-1,0.7,0.0
7917,6,-1,0.7,0.0
7918,6,-1,0.7,0.0
7919,6,-1,0.7,0.0
7920,6,-1,0.7,0.0
7921,6,-1,0.7,0.0
7922,6,-1,0.7,0.0
7923,6,-1,0.7,0.0
7924,6,-1,0.7,0.0
7925,6,-1,0.7,0.0
7926,6,-1,0.7,0.0
7927,6,-1,0.7,0.0
7928,6,-1,0.7,0.0
7929,6,-1,0.7,0.0
7930,6,-1,0.7,0.0
7931,6,-1,0.7,0.0
7932,6,-1,0.7,0.0
7933,6,-1,0.7,0.0
7934,6,-1,0.7,0.0
7935,6,-1,0.7,0.0
7936,6,-1,0.7,0.0
7937,6,-1,0.7,0.0
7938,6,-1,0.7,0.0
7939,6,-1,0.7,0.0
7940,6,-1,0.7,0.0
7941,6,-1,0.7,0.0
7942,6,-1,0.7,0.0
7943,6,-1,0.7,0.0
7944,6,-1,0.7,0.0
7945,6,-1,0.7,0.0
7946,6,-1,0.7,0.0
7947,6,-1,0.7,0.0
7948,6,-1,0.7,0.0
7949,6,-1,0.7,0.0
7950,7,-1,0.7,0.0
7951,7,-1,0.7,0.0
7952,7,-1,0.7,0.0
7953,7,-1,0.7,0.0
7954,7,-1,0.7,0.0
7955,7,-1,0.7,0.0
7956,7,-1,0.7,0.0
7957,7,-1,0.7,0.0
7958,7,-1,0.7,0.0
7959,7,-1,0.7,0.0
7960,7,-1,0.7,0.0
7961,7,-1,0.7,0.0
7962,7,-1,0.7,0.0
7963,7,-1,0.7,0.0
7964,7,-1,0.7,0.0
7965,7,-1,0.7,0.0
7966,7,-1,0.7,0.0
7967,7,-1,0.7,0.0
7968,7,-1,0.7,0.0
7969,7,-1,0.7,0.0
7970,7,-1,0.7,0.0
7971,7,-1,0.7,0.0
7972,7,-1,0.7,0.0
7973,7,-1,0.7,0.0
7974,7,-1,0.7,0.0
7975,7,-1,0.7,0.0
7976,7,-1,0.7,0.0
7977,7,-1,0.7,0.0
7978,7,-1,0.7,0.0
7979,7,-1,0.7,0.0
7980,7,-1,0.7,0.0
7981,7,-1,0.7,0.0
7982,7,-1,0.7,0.0
7983,7,-1,0.7,0.0
7984,7,-1,0.7,0.0
7985,7,-1,0.7,0.0
7986,7,-1,0.7,0.0
7987,7,-1,0.7,0.0
7988,7,-1,0.7,0.0
7989,7,-1,0.7,0.0
7990,7,-1,0.7,0.0
7991,7,-1,0.7,0.0
7992,7,-1,0.7,0.0
7993,7,-1,0.7,0.0
7994,7,-1,0.7,0.0
7995,7,-1,0.7,0.0
7996,7,-1,0.7,0.0
7997,7,-1,0.7,0.0
7998,7,-1,0.7,0.0
7999,7,-1,0.7,0.0
8000,7,-1,0.7,0.0
8001,7,-1,0.7,0.0
8002,7,-1,0.7,0.0
8003,7,-1,0.7,0.0
8004,7,-1,0.7,0.0
8005,7,-1,0.7,0.0
8006,7,-1,0.7,0.0
8007,7,-1,0.7,0.0
8008,7,-1,0.7,0.0
8009,7,-1,0.7,0.0
8010,7,-1,0.7,0.0
8011,7,-1,0.7,0.0
8012,7,-1,0.7,0.0
8013,7,-1,0.7,0.0
8014,7,-1,0.7,0.0
8015,7,-1,0.7,0.0
8016,7,-1,0.7,0.0
8017,7,-1,0.7,0.0
8018,7,-1,0.7,0.0
8019,7,-1,0.7,0.0
8020,7,-1,0.7,0.0
8021,7,-1,0.7,0.0
8022,7,-1,0.7,0.0
8023,7,-1,0.7,0.0
8024,7,-1,0.7,0.0
8025,7,-1,0.7,0.0
8026,7,-1,0.7,0.0
8027,7,-1,0.7,0.0
8028,7,-1,0.7,0.0
8029,7,-1,0.7,0.0
8030,7,-1,0.7,0.0
8031,7,-1,0.7,0.0
8032,7,-1,0.7,0.0
8033,7,-1,0.7,0.0
8034,7,-1,0.7,0.0
8035,7,-1,0.7,0.0
8036,7,-1,0.7,0.0
8037,7,-1,0.7,0.0
8038,7,-1,0.7,0.0
8039,7,-1,0.7,0.0
8040,7,-1,0.7,0.0
8041,7,-1,0.7,0.0
8042,7,-1,0.7,0.0
8043,7,-1,0.7,0.0
8044,7,-1,0.7,0.0
8045,7,-1,0.7,0.0
8046,7,-1,0.7,0.0
8047,7,-1,0.7,0.0
8048,7,-1,0.7,0.0
8049,7,-1,0.7,0.0
8050,7,-1,0.7,0.0
8051,7,-1,0.7,0.0
8052,7,-1,0.7,0.0
8053,7,-1,0.7,0.0
8054,7,-1,0.7,0.0
8055,7,-1,0.7,0.0
8056,7,-1,0.7,0.0
8057,7,-1,0.7,0.0
8058,7,-1,0.7,0.0
8059,7,-1,0.7,0.0
8060,7,-1,0.7,0.0
8061,7,-1,0.7,0.0
8062,7,-1,0.7,0.0
8063,7,-1,0.7,0.0
8064,7,-1,0.7,0.0
8065,7,-1,0.7,0.0
8066,7,-1,0.7,0.0
8067,7,-1,0.7,0.0
8068,7,-1,0.7,0.0
8069,7,-1,0.7,0.0
8070,7,-1,0.7,0.0
8071,7,-1,0.7,0.0
8072,7,-1,0.7,0.0
8073,7,-1,0.7,0.0
8074,7,-1,0.7,0.0
8075,7,-1,0.7,0.0
8076,7,-1,0.7,0.0
8077,7,-1,0.7,0.0
8078,7,-1,0.7,0.0
8079,7,-1,0.7,0.0
8080,7,-1,0.7,0.0
8081,7,-1,0.7,0.0
8082,7,-1,0.7,0.0
8083,7,-1,0.7,0.0
8084,7,-1,0.7,0.0
8085,7,-1,0.7,0.0
8086,7,-1,0.7,0.0
8087,7,-1,0.7,0.0
8088,7,-1,0.7,0.0
8089,7,-1,0.7,0.0
8090,7,-1,0.7,0.0
8091,7,-1,0.7,0.0
8092,7,-1,0.7,0.0
8093,7,-1,0.7,0.0
8094,7,-1,0.7,0.0
8095,7,-1,0.7,0.0
8096,7,-1,0.7,0.0
8097,7,-1,0.7,0.0
8098,7,-1,0.7,0.0
8099,7,-1,0.7,0.0
8100,8,-1,0.7,0.0
8101,8,-1,0.7,0.0
8102,8,-1,0.7,0.0
8103,8,-1,0.7,0.0
8104,8,-1,0.7,0.0
8105,8,-1,0.7,0.0
8106,8,-1,0.7,0.0
8107,8,-1,0.7,0.0
8108,8,-1,0.7,0.0
8109,8,-1,0.7,0.0
8110,8,-1,0.7,0.0
8111,8,-1,0.7,0.0
8112,8,-1,0.7,0.0
8113,8,-1,0.7,0.0
8114,8,-1,0.7,0.0
8115,8,-1,0.7,0.0
8116,8,-1,0.7,0.0
8117,8,-1,0.7,0.0
8118,8,-1,0.7,0.0
8119,8,-1,0.7,0.0
8120,8,-1,0.7,0.0
8121,8,-1,0.7,0.0
8122,8,-1,0.7,0.0
8123,8,-1,0.7,0.0
8124,8,-1,0.7,0.0
8125,8,-1,0.7,0.0
8126,8,-1,0.7,0.0
8127,8,-1,0.7,0.0
8128,8,-1,0.7,0.0
8129,8,-1,0.7,0.0
8130,8,-1,0.7,0.0
8131,8,-1,0.7,0.0
8132,8,-1,0.7,0.0
8133,8,-1,0.7,0.0
8134,8,-1,0.7,0.0
8135,8,-1,0.7,0.0
8136,8,-1,0.7,0.0
8137,8,-1,0.7,0.0
8138,8,-1,0.7,0.0
8139,8,-1,0.7,0.0
8140,8,-1,0.7,0.0
8141,8,-1,0.7,0.0
8142,8,-1,0.7,0.0
8143,8,-1,0.7,0.0
8144,8,-1,0.7,0.0
8145,8,-1,0.7,0.0
8146,8,-1,0.7,0.0
8147,8,-1,0.7,0.0
8148,8,-1,0.7,0.0
8149,8,-1,0.7,0.0
8150,8,-1,0.7,0.0
8151,8,-1,0.7,0.0
8152,8,-1,0.7,0.0
8153,8,-1,0.7,0.0
8154,8,-1,0.7,0.0
8155,8,-1,0.7,0.0
8156,8,-1,0.7,0.0
8157,8,-1,0.7,0.0
8158,8,-1,0.7,0.0
8159,8,-1,0.7,0.0
8160,8,-1,0.7,0.0
8161,8,-1,0.7,0.0
8162,8,-1,0.7,0.0
8163,8,-1,0.7,0.0
8164,8,-1,0.7,0.0
8165,8,-1,0.7,0.0
8166,8,-1,0.7,0.0
8167,8,-1,0.7,0.0
8168,8,-1,0.7,0.0
8169,8,-1,0.7,0.0
8170,8,-1,0.7,0.0
8171,8,-1,0.7,0.0
8172,8,-1,0.7,0.0
8173,8,-1,0.7,0.0
8174,8,-1,0.7,0.0
8175,8,-1,0.7,0.0
8176,8,-1,0.7,0.0
8177,8,-1,0.7,0.0
8178,8,-1,0.7,0.0
8179,8,-1,0.7,0.0
8180,8,-1,0.7,0.0
8181,8,-1,0.7,0.0
8182,8,-1,0.7,0.0
8183,8,-1,0.7,0.0
8184,8,-1,0.7,0.0
8185,8,-1,0.7,0.0
8186,8,-1,0.7,0.0
8187,8,-1,0.7,0.0
8188,8,-1,0.7,0.0
8189,8,-1,0.7,0.0
8190,8,-1,0.7,0.0
8191,8,-1,0.7,0.0
8192,8,-1,0.7,0.0
8193,8,-1,0.7,0.0
8194,8,-1,0.7,0.0
8195,8,-1,0.7,0.0
8196,8,-1,0.7,0.0
8197,8,-1,0.7,0.0
8198,8,-1,0.7,0.0
8199,8,-1,0.7,0.0
8200,8,-1,0.7,0.0
8201,8,-1,0.7,0.0
8202,8,-1,0.7,0.0
8203,8,-1,0.7,0.0
8204,8,-1,0.7,0.0
8205,8,-1,0.7,0.0
8206,8,-1,0.7,0.0
8207,8,-1,0.7,0.0
8208,8,-1,0.7,0.0
8209,8,-1,0.7,0.0
8210,8,-1,0.7,0.0
8211,8,-1,0.7,0.0
8212,8,-1,0.7,0.0
8213,8,-1,0.7,0.0
8214,8,-1,0.7,0.0
8215,8,-1,0.7,0.0
8216,8,-1,0.7,0.0
8217,8,-1,0.7,0.0
8218,8,-1,0.7,0.0
8219,8,-1,0.7,0.0
8220,8,-1,0.7,0.0
8221,8,-1,0.7,0.0
8222,8,-1,0.7,0.0
8223,8,-1,0.7,0.0
8224,8,-1,0.7,0.0
8225,8,-1,0.7,0.0
8226,8,-1,0.7,0.0
8227,8,-1,0.7,0.0
8228,8,-1,0.7,0.0
8229,8,-1,0.7,0.0
8230,8,-1,0.7,0.0
8231,8,-1,0.7,0.0
8232,8,-1,0.7,0.0
8233,8,-1,0.7,0.0
8234,8,-1,0.7,0.0
8235,8,-1,0.7,0.0
8236,8,-1,0.7,0.0
8237,8,-1,0.7,0.0
8238,8,-1,0.7,0.0
8239,8,-1,0.7,0.0
8240,8,-1,0.7,0.0
8241,8,-1,0.7,0.0
8242,8,-1,0.7,0.0
8243,8,-1,0.7,0.0
8244,8,-1,0.7,0.0
8245,8,-1,0.7,0.0
8246,8,-1,0.7,0.0
8247,8,-1,0.7,0.0
8248,8,-1,0.7,0.0
8249,8,-1,0.7,0.0
8250,9,-1,0.7,0.0
8251,9,-1,0.7,0.0
8252,9,-1,0.7,0.0
8253,9,-1,0.7,0.0
8254,9,-1,0.7,0.0
8255,9,-1,0.7,0.0
8256,9,-1,0.7,0.0
8257,9,-1,0.7,0.0
8258,9,-1,0.7,0.0
8259,9,-1,0.7,0.0
8260,9,-1,0.7,0.0
8261,9,-1,0.7,0.0
8262,9,-1,0.7,0.0
8263,9,-1,0.7,0.0
8264,9,-1,0.7,0.0
8265,9,-1,0.7,0.0
8266,9,-1,0.7,0.0
8267,9,-1,0.7,0.0
8268,9,-1,0.7,0.0
8269,9,-1,0.7,0.0
8270,9,-1,0.7,0.0
8271,9,-1,0.7,0.0
8272,9,-1,0.7,0.0
8273,9,-1,0.7,0.0
8274,9,-1,0.7,0.0
8275,9,-1,0.7,0.0
8276,9,-1,0.7,0.0
8277,9,-1,0.7,0.0
8278,9,-1,0.7,0.0
8279,9,-1,0.7,0.0
8280,9,-1,0.7,0.0
8281,9,-1,0.7,0.0
8282,9,-1,0.7,0.0
8283,9,-1,0.7,0.0
8284,9,-1,0.7,0.0
8285,9,-1,0.7,0.0
8286,9,-1,0.7,0.0
8287,9,-1,0.7,0.0
8288,9,-1,0.7,0.0
8289,9,-1,0.7,0.0
8290,9,-1,0.7,0.0
8291,9,-1,0.7,0.0
8292,9,-1,0.7,0.0
8293,9,-1,0.7,0.0
8294,9,-1,0.7,0.0
8295,9,-1,0.7,0.0
8296,9,-1,0.7,0.0
8297,9,-1,0.7,0.0
8298,9,-1,0.7,0.0
8299,9,-1,0.7,0.0
8300,9,-1,0.7,0.0
8301,9,-1,0.7,0.0
8302,9,-1,0.7,0.0
8303,9,-1,0.7,0.0
8304,9,-1,0.7,0.0
8305,9,-1,0.7,0.0
8306,9,-1,0.7,0.0
8307,9,-1,0.7,0.0
8308,9,-1,0.7,0.0
8309,9,-1,0.7,0.0
8310,9,-1,0.7,0.0
8311,9,-1,0.7,0.0
8312,9,-1,0.7,0.0
8313,9,-1,0.7,0.0
8314,9,-1,0.7,0.0
8315,9,-1,0.7,0.0
8316,9,-1,0.7,0.0
8317,9,-1,0.7,0.0
8318,9,-1,0.7,0.0
8319,9,-1,0.7,0.0
8320,9,-1,0.7,0.0
8321,9,-1,0.7,0.0
8322,9,-1,0.7,0.0
8323,9,-1,0.7,0.0
8324,9,-1,0.7,0.0
8325,9,-1,0.7,0.0
8326,9,-1,0.7,0.0
8327,9,-1,0.7,0.0
8328,9,-1,0.7,0.0
8329,9,-1,0.7,0.0
8330,9,-1,0.7,0.0
8331,9,-1,0.7,0.0
8332,9,-1,0.7,0.0
8333,9,-1,0.7,0.0
8334,9,-1,0.7,0.0
8335,9,-1,0.7,0.0
8336,9,-1,0.7,0.0
8337,9,-1,0.7,0.0
8338,9,-1,0.7,0.0
8339,9,-1,0.7,0.0
8340,9,-1,0.7,0.0
8341,9,-1,0.7,0.0
8342,9,-1,0.7,0.0
8343,9,-1,0.7,0.0
8344,9,-1,0.7,0.0
8345,9,-1,0.7,0.0
8346,9,-1,0.7,0.0
8347,9,-1,0.7,0.0
8348,9,-1,0.7,0.0
8349,9,-1,0.7,0.0
8350,9,-1,0.7,0.0
8351,9,-1,0.7,0.0
8352,9,-1,0.7,0.0
8353,9,-1,0.7,0.0
8354,9,-1,0.7,0.0
8355,9,-1,0.7,0.0
8356,9,-1,0.7,0.0
8357,9,-1,0.7,0.0
8358,9,-1,0.7,0.0
8359,9,-1,0.7,0.0
8360,9,-1,0.7,0.0
8361,9,-1,0.7,0.0
8362,9,-1,0.7,0.0
8363,9,-1,0.7,0.0
8364,9,-1,0.7,0.0
8365,9,-1,0.7,0.0
8366,9,-1,0.7,0.0
8367,9,-1,0.7,0.0
8368,9,-1,0.7,0.0
8369,9,-1,0.7,0.0
8370,9,-1,0.7,0.0
8371,9,-1,0.7,0.0
8372,9,-1,0.7,0.0
8373,9,-1,0.7,0.0
8374,9,-1,0.7,0.0
8375,9,-1,0.7,0.0
8376,9,-1,0.7,0.0
8377,9,-1,0.7,0.0
8378,9,-1,0.7,0.0
8379,9,-1,0.7,0.0
8380,9,-1,0.7,0.0
8381,9,-1,0.7,0.0
8382,9,-1,0.7,0.0
8383,9,-1,0.7,0.0
8384,9,-1,0.7,0.0
8385,9,-1,0.7,0.0
8386,9,-1,0.7,0.0
8387,9,-1,0.7,0.0
8388,9,-1,0.7,0.0
8389,9,-1,0.7,0.0
8390,9,-1,0.7,0.0
8391,9,-1,0.7,0.0
8392,9,-1,0.7,0.0
8393,9,-1,0.7,0.0
8394,9,-1,0.7,0.0
8395,9,-1,0.7,0.0
8396,9,-1,0.7,0.0
8397,9,-1,0.7,0.0
8398,9,-1,0.7,0.0
8399,9,-1,0.7,0.0
8400,2,-1,0.8,0.0
8401,2,-1,0.8,0.0
8402,2,-1,0.8,0.0
8403,2,-1,0.8,0.0
8404,2,-1,0.8,0.0
8405,2,-1,0.8,0.0
8406,2,-1,0.8,0.0
8407,2,-1,0.8,0.0
8408,2,-1,0.8,0.0
8409,2,-1,0.8,0.0
8410,2,-1,0.8,0.0
8411,2,-1,0.8,0.0
8412,2,-1,0.8,0.0
8413,2,-1,0.8,0.0
8414,2,-1,0.8,0.0
8415,2,-1,0.8,0.0
8416,2,-1,0.8,0.0
8417,2,-1,0.8,0.0
8418,2,-1,0.8,0.0
8419,2,-1,0.8,0.0
8420,2,-1,0.8,0.0
8421,2,-1,0.8,0.0
8422,2,-1,0.8,0.0
8423,2,-1,0.8,0.0
8424,2,-1,0.8,0.0
8425,2,-1,0.8,0.0
8426,2,-1,0.8,0.0
8427,2,-1,0.8,0.0
8428,2,-1,0.8,0.0
8429,2,-1,0.8,0.0
8430,2,-1,0.8,0.0
8431,2,-1,0.8,0.0
8432,2,-1,0.8,0.0
8433,2,-1,0.8,0.0
8434,2,-1,0.8,0.0
8435,2,-1,0.8,0.0
8436,2,-1,0.8,0.0
8437,2,-1,0.8,0.0
8438,2,-1,0.8,0.0
8439,2,-1,0.8,0.0
8440,2,-1,0.8,0.0
8441,2,-1,0.8,0.0
8442,2,-1,0.8,0.0
8443,2,-1,0.8,0.0
8444,2,-1,0.8,0.0
8445,2,-1,0.8,0.0
8446,2,-1,0.8,0.0
8447,2,-1,0.8,0.0
8448,2,-1,0.8,0.0
8449,2,-1,0.8,0.0
8450,2,-1,0.8,0.0
8451,2,-1,0.8,0.0
8452,2,-1,0.8,0.0
8453,2,-1,0.8,0.0
8454,2,-1,0.8,0.0
8455,2,-1,0.8,0.0
8456,2,-1,0.8,0.0
8457,2,-1,0.8,0.0
8458,2,-1,0.8,0.0
8459,2,-1,0.8,0.0
8460,2,-1,0.8,0.0
8461,2,-1,0.8,0.0
8462,2,-1,0.8,0.0
8463,2,-1,0.8,0.0
8464,2,-1,0.8,0.0
8465,2,-1,0.8,0.0
8466,2,-1,0.8,0.0
8467,2,-1,0.8,0.0
8468,2,-1,0.8,0.0
8469,2,-1,0.8,0.0
8470,2,-1,0.8,0.0
8471,2,-1,0.8,0.0
8472,2,-1,0.8,0.0
8473,2,-1,0.8,0.0
8474,2,-1,0.8,0.0
8475,2,-1,0.8,0.0
8476,2,-1,0.8,0.0
8477,2,-1,0.8,0.0
8478,2,-1,0.8,0.0
8479,2,-1,0.8,0.0
8480,2,-1,0.8,0.0
8481,2,-1,0.8,0.0
8482,2,-1,0.8,0.0
8483,2,-1,0.8,0.0
8484,2,-1,0.8,0.0
8485,2,-1,0.8,0.0
8486,2,-1,0.8,0.0
8487,2,-1,0.8,0.0
8488,2,-1,0.8,0.0
8489,2,-1,0.8,0.0
8490,2,-1,0.8,0.0
8491,2,-1,0.8,0.0
8492,2,-1,0.8,0.0
8493,2,-1,0.8,0.0
8494,2,-1,0.8,0.0
8495,2,-1,0.8,0.0
8496,2,-1,0.8,0.0
8497,2,-1,0.8,0.0
8498,2,-1,0.8,0.0
8499,2,-1,0.8,0.0
8500,2,-1,0.8,0.0
8501,2,-1,0.8,0.0
8502,2,-1,0.8,0.0
8503,2,-1,0.8,0.0
8504,2,-1,0.8,0.0
8505,2,-1,0.8,0.0
8506,2,-1,0.8,0.0
8507,2,-1,0.8,0.0
8508,2,-1,0.8,0.0
8509,2,-1,0.8,0.0
8510,2,-1,0.8,0.0
8511,2,-1,0.8,0.0
8512,2,-1,0.8,0.0
8513,2,-1,0.8,0.0
8514,2,-1,0.8,0.0
8515,2,-1,0.8,0.0
8516,2,-1,0.8,0.0
8517,2,-1,0.8,0.0
8518,2,-1,0.8,0.0
8519,2,-1,0.8,0.0
8520,2,-1,0.8,0.0
8521,2,-1,0.8,0.0
8522,2,-1,0.8,0.0
8523,2,-1,0.8,0.0
8524,2,-1,0.8,0.0
8525,2,-1,0.8,0.0
8526,2,-1,0.8,0.0
8527,2,-1,0.8,0.0
8528,2,-1,0.8,0.0
8529,2,-1,0.8,0.0
8530,2,-1,0.8,0.0
8531,2,-1,0.8,0.0
8532,2,-1,0.8,0.0
8533,2,-1,0.8,0.0
8534,2,-1,0.8,0.0
8535,2,-1,0.8,0.0
8536,2,-1,0.8,0.0
8537,2,-1,0.8,0.0
8538,2,-1,0.8,0.0
8539,2,-1,0.8,0.0
8540,2,-1,0.8,0.0
8541,2,-1,0.8,0.0
8542,2,-1,0.8,0.0
8543,2,-1,0.8,0.0
8544,2,-1,0.8,0.0
8545,2,-1,0.8,0.0
8546,2,-1,0.8,0.0
8547,2,-1,0.8,0.0
8548,2,-1,0.8,0.0
8549,2,-1,0.8,0.0
8550,3,-1,0.8,0.0
8551,3,-1,0.8,0.0
8552,3,-1,0.8,0.0
8553,3,-1,0.8,0.0
8554,3,-1,0.8,0.0
8555,3,-1,0.8,0.0
8556,3,-1,0.8,0.0
8557,3,-1,0.8,0.0
8558,3,-1,0.8,0.0
8559,3,-1,0.8,0.0
8560,3,-1,0.8,0.0
8561,3,-1,0.8,0.0
8562,3,-1,0.8,0.0
8563,3,-1,0.8,0.0
8564,3,-1,0.8,0.0
8565,3,-1,0.8,0.0
8566,3,-1,0.8,0.0
8567,3,-1,0.8,0.0
8568,3,-1,0.8,0.0
8569,3,-1,0.8,0.0
8570,3,-1,0.8,0.0
8571,3,-1,0.8,0.0
8572,3,-1,0.8,0.0
8573,3,-1,0.8,0.0
8574,3,-1,0.8,0.0
8575,3,-1,0.8,0.0
8576,3,-1,0.8,0.0
8577,3,-1,0.8,0.0
8578,3,-1,0.8,0.0
8579,3,-1,0.8,0.0
8580,3,-1,0.8,0.0
8581,3,-1,0.8,0.0
8582,3,-1,0.8,0.0
8583,3,-1,0.8,0.0
8584,3,-1,0.8,0.0
8585,3,-1,0.8,0.0
8586,3,-1,0.8,0.0
8587,3,-1,0.8,0.0
8588,3,-1,0.8,0.0
8589,3,-1,0.8,0.0
8590,3,-1,0.8,0.0
8591,3,-1,0.8,0.0
8592,3,-1,0.8,0.0
8593,3,-1,0.8,0.0
8594,3,-1,0.8,0.0
8595,3,-1,0.8,0.0
8596,3,-1,0.8,0.0
8597,3,-1,0.8,0.0
8598,3,-1,0.8,0.0
8599,3,-1,0.8,0.0
8600,3,-1,0.8,0.0
8601,3,-1,0.8,0.0
8602,3,-1,0.8,0.0
8603,3,-1,0.8,0.0
8604,3,-1,0.8,0.0
8605,3,-1,0.8,0.0
8606,3,-1,0.8,0.0
8607,3,-1,0.8,0.0
8608,3,-1,0.8,0.0
8609,3,-1,0.8,0.0
8610,3,-1,0.8,0.0
8611,3,-1,0.8,0.0
8612,3,-1,0.8,0.0
8613,3,-1,0.8,0.0
8614,3,-1,0.8,0.0
8615,3,-1,0.8,0.0
8616,3,-1,0.8,0.0
8617,3,-1,0.8,0.0
8618,3,-1,0.8,0.0
8619,3,-1,0.8,0.0
8620,3,-1,0.8,0.0
8621,3,-1,0.8,0.0
8622,3,-1,0.8,0.0
8623,3,-1,0.8,0.0
8624,3,-1,0.8,0.0
8625,3,-1,0.8,0.0
8626,3,-1,0.8,0.0
8627,3,-1,0.8,0.0
8628,3,-1,0.8,0.0
8629,3,-1,0.8,0.0
8630,3,-1,0.8,0.0
8631,3,-1,0.8,0.0
8632,3,-1,0.8,0.0
8633,3,-1,0.8,0.0
8634,3,-1,0.8,0.0
8635,3,-1,0.8,0.0
8636,3,-1,0.8,0.0
8637,3,-1,0.8,0.0
8638,3,-1,0.8,0.0
8639,3,-1,0.8,0.0
8640,3,-1,0.8,0.0
8641,3,-1,0.8,0.0
8642,3,-1,0.8,0.0
8643,3,-1,0.8,0.0
8644,3,-1,0.8,0.0
8645,3,-1,0.8,0.0
8646,3,-1,0.8,0.0
8647,3,-1,0.8,0.0
8648,3,-1,0.8,0.0
8649,3,-1,0.8,0.0
8650,3,-1,0.8,0.0
8651,3,-1,0.8,0.0
8652,3,-1,0.8,0.0
8653,3,-1,0.8,0.0
8654,3,-1,0.8,0.0
8655,3,-1,0.8,0.0
8656,3,-1,0.8,0.0
8657,3,-1,0.8,0.0
8658,3,-1,0.8,0.0
8659,3,-1,0.8,0.0
8660,3,-1,0.8,0.0
8661,3,-1,0.8,0.0
8662,3,-1,0.8,0.0
8663,3,-1,0.8,0.0
8664,3,-1,0.8,0.0
8665,3,-1,0.8,0.0
8666,3,-1,0.8,0.0
8667,3,-1,0.8,0.0
8668,3,-1,0.8,0.0
8669,3,-1,0.8,0.0
8670,3,-1,0.8,0.0
8671,3,-1,0.8,0.0
8672,3,-1,0.8,0.0
8673,3,-1,0.8,0.0
8674,3,-1,0.8,0.0
8675,3,-1,0.8,0.0
8676,3,-1,0.8,0.0
8677,3,-1,0.8,0.0
8678,3,-1,0.8,0.0
8679,3,-1,0.8,0.0
8680,3,-1,0.8,0.0
8681,3,-1,0.8,0.0
8682,3,-1,0.8,0.0
8683,3,-1,0.8,0.0
8684,3,-1,0.8,0.0
8685,3,-1,0.8,0.0
8686,3,-1,0.8,0.0
8687,3,-1,0.8,0.0
8688,3,-1,0.8,0.0
8689,3,-1,0.8,0.0
8690,3,-1,0.8,0.0
8691,3,-1,0.8,0.0
8692,3,-1,0.8,0.0
8693,3,-1,0.8,0.0
8694,3,-1,0.8,0.0
8695,3,-1,0.8,0.0
8696,3,-1,0.8,0.0
8697,3,-1,0.8,0.0
8698,3,-1,0.8,0.0
8699,3,-1,0.8,0.0
8700,4,-1,0.8,0.0
8701,4,-1,0.8,0.0
8702,4,-1,0.8,0.0
8703,4,-1,0.8,0.0
8704,4,-1,0.8,0.0
8705,4,-1,0.8,0.0
8706,4,-1,0.8,0.0
8707,4,-1,0.8,0.0
8708,4,-1,0.8,0.0
8709,4,-1,0.8,0.0
8710,4,-1,0.8,0.0
8711,4,-1,0.8,0.0
8712,4,-1,0.8,0.0
8713,4,-1,0.8,0.0
8714,4,-1,0.8,0.0
8715,4,-1,0.8,0.0
8716,4,-1,0.8,0.0
8717,4,-1,0.8,0.0
8718,4,-1,0.8,0.0
8719,4,-1,0.8,0.0
8720,4,-1,0.8,0.0
8721,4,-1,0.8,0.0
8722,4,-1,0.8,0.0
8723,4,-1,0.8,0.0
8724,4,-1,0.8,0.0
8725,4,-1,0.8,0.0
8726,4,-1,0.8,0.0
8727,4,-1,0.8,0.0
8728,4,-1,0.8,0.0
8729,4,-1,0.8,0.0
8730,4,-1,0.8,0.0
8731,4,-1,0.8,0.0
8732,4,-1,0.8,0.0
8733,4,-1,0.8,0.0
8734,4,-1,0.8,0.0
8735,4,-1,0.8,0.0
8736,4,-1,0.8,0.0
8737,4,-1,0.8,0.0
8738,4,-1,0.8,0.0
8739,4,-1,0.8,0.0
8740,4,-1,0.8,0.0
8741,4,-1,0.8,0.0
8742,4,-1,0.8,0.0
8743,4,-1,0.8,0.0
8744,4,-1,0.8,0.0
8745,4,-1,0.8,0.0
8746,4,-1,0.8,0.0
8747,4,-1,0.8,0.0
8748,4,-1,0.8,0.0
8749,4,-1,0.8,0.0
8750,4,-1,0.8,0.0
8751,4,-1,0.8,0.0
8752,4,-1,0.8,0.0
8753,4,-1,0.8,0.0
8754,4,-1,0.8,0.0
8755,4,-1,0.8,0.0
8756,4,-1,0.8,0.0
8757,4,-1,0.8,0.0
8758,4,-1,0.8,0.0
8759,4,-1,0.8,0.0
8760,4,-1,0.8,0.0
8761,4,-1,0.8,0.0
8762,4,-1,0.8,0.0
8763,4,-1,0.8,0.0
8764,4,-1,0.8,0.0
8765,4,-1,0.8,0.0
8766,4,-1,0.8,0.0
8767,4,-1,0.8,0.0
8768,4,-1,0.8,0.0
8769,4,-1,0.8,0.0
8770,4,-1,0.8,0.0
8771,4,-1,0.8,0.0
8772,4,-1,0.8,0.0
8773,4,-1,0.8,0.0
8774,4,-1,0.8,0.0
8775,4,-1,0.8,0.0
8776,4,-1,0.8,0.0
8777,4,-1,0.8,0.0
8778,4,-1,0.8,0.0
8779,4,-1,0.8,0.0
8780,4,-1,0.8,0.0
8781,4,-1,0.8,0.0
8782,4,-1,0.8,0.0
8783,4,-1,0.8,0.0
8784,4,-1,0.8,0.0
8785,4,-1,0.8,0.0
8786,4,-1,0.8,0.0
8787,4,-1,0.8,0.0
8788,4,-1,0.8,0.0
8789,4,-1,0.8,0.0
8790,4,-1,0.8,0.0
8791,4,-1,0.8,0.0
8792,4,-1,0.8,0.0
8793,4,-1,0.8,0.0
8794,4,-1,0.8,0.0
8795,4,-1,0.8,0.0
8796,4,-1,0.8,0.0
8797,4,-1,0.8,0.0
8798,4,-1,0.8,0.0
8799,4,-1,0.8,0.0
8800,4,-1,0.8,0.0
8801,4,-1,0.8,0.0
8802,4,-1,0.8,0.0
8803,4,-1,0.8,0.0
8804,4,-1,0.8,0.0
8805,4,-1,0.8,0.0
8806,4,-1,0.8,0.0
8807,4,-1,0.8,0.0
8808,4,-1,0.8,0.0
8809,4,-1,0.8,0.0
8810,4,-1,0.8,0.0
8811,4,-1,0.8,0.0
8812,4,-1,0.8,0.0
8813,4,-1,0.8,0.0
8814,4,-1,0.8,0.0
8815,4,-1,0.8,0.0
8816,4,-1,0.8,0.0
8817,4,-1,0.8,0.0
8818,4,-1,0.8,0.0
8819,4,-1,0.8,0.0
8820,4,-1,0.8,0.0
8821,4,-1,0.8,0.0
8822,4,-1,0.8,0.0
8823,4,-1,0.8,0.0
8824,4,-1,0.8,0.0
8825,4,-1,0.8,0.0
8826,4,-1,0.8,0.0
8827,4,-1,0.8,0.0
8828,4,-1,0.8,0.0
8829,4,-1,0.8,0.0
8830,4,-1,0.8,0.0
8831,4,-1,0.8,0.0
8832,4,-1,0.8,0.0
8833,4,-1,0.8,0.0
8834,4,-1,0.8,0.0
8835,4,-1,0.8,0.0
8836,4,-1,0.8,0.0
8837,4,-1,0.8,0.0
8838,4,-1,0.8,0.0
8839,4,-1,0.8,0.0
8840,4,-1,0.8,0.0
8841,4,-1,0.8,0.0
8842,4,-1,0.8,0.0
8843,4,-1,0.8,0.0
8844,4,-1,0.8,0.0
8845,4,-1,0.8,0.0
8846,4,-1,0.8,0.0
8847,4,-1,0.8,0.0
8848,4,-1,0.8,0.0
8849,4,-1,0.8,0.0
8850,5,-1,0.8,0.0
8851,5,-1,0.8,0.0
8852,5,-1,0.8,0.0
8853,5,-1,0.8,0.0
8854,5,-1,0.8,0.0
8855,5,-1,0.8,0.0
8856,5,-1,0.8,0.0
8857,5,-1,0.8,0.0
8858,5,-1,0.8,0.0
8859,5,-1,0.8,0.0
8860,5,-1,0.8,0.0
8861,5,-1,0.8,0.0
8862,5,-1,0.8,0.0
8863,5,-1,0.8,0.0
8864,5,-1,0.8,0.0
8865,5,-1,0.8,0.0
8866,5,-1,0.8,0.0
8867,5,-1,0.8,0.0
8868,5,-1,0.8,0.0
8869,5,-1,0.8,0.0
8870,5,-1,0.8,0.0
8871,5,-1,0.8,0.0
8872,5,-1,0.8,0.0
8873,5,-1,0.8,0.0
8874,5,-1,0.8,0.0
8875,5,-1,0.8,0.0
8876,5,-1,0.8,0.0
8877,5,-1,0.8,0.0
8878,5,-1,0.8,0.0
8879,5,-1,0.8,0.0
8880,5,-1,0.8,0.0
8881,5,-1,0.8,0.0
8882,5,-1,0.8,0.0
8883,5,-1,0.8,0.0
8884,5,-1,0.8,0.0
8885,5,-1,0.8,0.0
8886,5,-1,0.8,0.0
8887,5,-1,0.8,0.0
8888,5,-1,0.8,0.0
8889,5,-1,0.8,0.0
8890,5,-1,0.8,0.0
8891,5,-1,0.8,0.0
8892,5,-1,0.8,0.0
8893,5,-1,0.8,0.0
8894,5,-1,0.8,0.0
8895,5,-1,0.8,0.0
8896,5,-1,0.8,0.0
8897,5,-1,0.8,0.0
8898,5,-1,0.8,0.0
8899,5,-1,0.8,0.0
8900,5,-1,0.8,0.0
8901,5,-1,0.8,0.0
8902,5,-1,0.8,0.0
8903,5,-1,0.8,0.0
8904,5,-1,0.8,0.0
8905,5,-1,0.8,0.0
8906,5,-1,0.8,0.0
8907,5,-1,0.8,0.0
8908,5,-1,0.8,0.0
8909,5,-1,0.8,0.0
8910,5,-1,0.8,0.0
8911,5,-1,0.8,0.0
8912,5,-1,0.8,0.0
8913,5,-1,0.8,0.0
8914,5,-1,0.8,0.0
8915,5,-1,0.8,0.0
8916,5,-1,0.8,0.0
8917,5,-1,0.8,0.0
8918,5,-1,0.8,0.0
8919,5,-1,0.8,0.0
8920,5,-1,0.8,0.0
8921,5,-1,0.8,0.0
8922,5,-1,0.8,0.0
8923,5,-1,0.8,0.0
8924,5,-1,0.8,0.0
8925,5,-1,0.8,0.0
8926,5,-1,0.8,0.0
8927,5,-1,0.8,0.0
8928,5,-1,0.8,0.0
8929,5,-1,0.8,0.0
8930,5,-1,0.8,0.0
8931,5,-1,0.8,0.0
8932,5,-1,0.8,0.0
8933,5,-1,0.8,0.0
8934,5,-1,0.8,0.0
8935,5,-1,0.8,0.0
8936,5,-1,0.8,0.0
8937,5,-1,0.8,0.0
8938,5,-1,0.8,0.0
8939,5,-1,0.8,0.0
8940,5,-1,0.8,0.0
8941,5,-1,0.8,0.0
8942,5,-1,0.8,0.0
8943,5,-1,0.8,0.0
8944,5,-1,0.8,0.0
8945,5,-1,0.8,0.0
8946,5,-1,0.8,0.0
8947,5,-1,0.8,0.0
8948,5,-1,0.8,0.0
8949,5,-1,0.8,0.0
8950,5,-1,0.8,0.0
8951,5,-1,0.8,0.0
8952,5,-1,0.8,0.0
8953,5,-1,0.8,0.0
8954,5,-1,0.8,0.0
8955,5,-1,0.8,0.0
8956,5,-1,0.8,0.0
8957,5,-1,0.8,0.0
8958,5,-1,0.8,0.0
8959,5,-1,0.8,0.0
8960,5,-1,0.8,0.0
8961,5,-1,0.8,0.0
8962,5,-1,0.8,0.0
8963,5,-1,0.8,0.0
8964,5,-1,0.8,0.0
8965,5,-1,0.8,0.0
8966,5,-1,0.8,0.0
8967,5,-1,0.8,0.0
8968,5,-1,0.8,0.0
8969,5,-1,0.8,0.0
8970,5,-1,0.8,0.0
8971,5,-1,0.8,0.0
8972,5,-1,0.8,0.0
8973,5,-1,0.8,0.0
8974,5,-1,0.8,0.0
8975,5,-1,0.8,0.0
8976,5,-1,0.8,0.0
8977,5,-1,0.8,0.0
8978,5,-1,0.8,0.0
8979,5,-1,0.8,0.0
8980,5,-1,0.8,0.0
8981,5,-1,0.8,0.0
8982,5,-1,0.8,0.0
8983,5,-1,0.8,0.0
8984,5,-1,0.8,0.0
8985,5,-1,0.8,0.0
8986,5,-1,0.8,0.0
8987,5,-1,0.8,0.0
8988,5,-1,0.8,0.0
8989,5,-1,0.8,0.0
8990,5,-1,0.8,0.0
8991,5,-1,0.8,0.0
8992,5,-1,0.8,0.0
8993,5,-1,0.8,0.0
8994,5,-1,0.8,0.0
8995,5,-1,0.8,0.0
8996,5,-1,0.8,0.0
8997,5,-1,0.8,0.0
8998,5,-1,0.8,0.0
8999,5,-1,0.8,0.0
9000,6,-1,0.8,0.0
9001,6,-1,0.8,0.0
9002,6,-1,0.8,0.0
9003,6,-1,0.8,0.0
9004,6,-1,0.8,0.0
9005,6,-1,0.8,0.0
9006,6,-1,0.8,0.0
9007,6,-1,0.8,0.0
9008,6,-1,0.8,0.0
9009,6,-1,0.8,0.0
9010,6,-1,0.8,0.0
9011,6,-1,0.8,0.0
9012,6,-1,0.8,0.0
9013,6,-1,0.8,0.0
9014,6,-1,0.8,0.0
9015,6,-1,0.8,0.0
9016,6,-1,0.8,0.0
9017,6,-1,0.8,0.0
9018,6,-1,0.8,0.0
9019,6,-1,0.8,0.0
9020,6,-1,0.8,0.0
9021,6,-1,0.8,0.0
9022,6,-1,0.8,0.0
9023,6,-1,0.8,0.0
9024,6,-1,0.8,0.0
9025,6,-1,0.8,0.0
9026,6,-1,0.8,0.0
9027,6,-1,0.8,0.0
9028,6,-1,0.8,0.0
9029,6,-1,0.8,0.0
9030,6,-1,0.8,0.0
9031,6,-1,0.8,0.0
9032,6,-1,0.8,0.0
9033,6,-1,0.8,0.0
9034,6,-1,0.8,0.0
9035,6,-1,0.8,0.0
9036,6,-1,0.8,0.0
9037,6,-1,0.8,0.0
9038,6,-1,0.8,0.0
9039,6,-1,0.8,0.0
9040,6,-1,0.8,0.0
9041,6,-1,0.8,0.0
9042,6,-1,0.8,0.0
9043,6,-1,0.8,0.0
9044,6,-1,0.8,0.0
9045,6,-1,0.8,0.0
9046,6,-1,0.8,0.0
9047,6,-1,0.8,0.0
9048,6,-1,0.8,0.0
9049,6,-1,0.8,0.0
9050,6,-1,0.8,0.0
9051,6,-1,0.8,0.0
9052,6,-1,0.8,0.0
9053,6,-1,0.8,0.0
9054,6,-1,0.8,0.0
9055,6,-1,0.8,0.0
9056,6,-1,0.8,0.0
9057,6,-1,0.8,0.0
9058,6,-1,0.8,0.0
9059,6,-1,0.8,0.0
9060,6,-1,0.8,0.0
9061,6,-1,0.8,0.0
9062,6,-1,0.8,0.0
9063,6,-1,0.8,0.0
9064,6,-1,0.8,0.0
9065,6,-1,0.8,0.0
9066,6,-1,0.8,0.0
9067,6,-1,0.8,0.0
9068,6,-1,0.8,0.0
9069,6,-1,0.8,0.0
9070,6,-1,0.8,0.0
9071,6,-1,0.8,0.0
9072,6,-1,0.8,0.0
9073,6,-1,0.8,0.0
9074,6,-1,0.8,0.0
9075,6,-1,0.8,0.0
9076,6,-1,0.8,0.0
9077,6,-1,0.8,0.0
9078,6,-1,0.8,0.0
9079,6,-1,0.8,0.0
9080,6,-1,0.8,0.0
9081,6,-1,0.8,0.0
9082,6,-1,0.8,0.0
9083,6,-1,0.8,0.0
9084,6,-1,0.8,0.0
9085,6,-1,0.8,0.0
9086,6,-1,0.8,0.0
9087,6,-1,0.8,0.0
9088,6,-1,0.8,0.0
9089,6,-1,0.8,0.0
9090,6,-1,0.8,0.0
9091,6,-1,0.8,0.0
9092,6,-1,0.8,0.0
9093,6,-1,0.8,0.0
9094,6,-1,0.8,0.0
9095,6,-1,0.8,0.0
9096,6,-1,0.8,0.0
9097,6,-1,0.8,0.0
9098,6,-1,0.8,0.0
9099,6,-1,0.8,0.0
9100,6,-1,0.8,0.0
9101,6,-1,0.8,0.0
9102,6,-1,0.8,0.0
9103,6,-1,0.8,0.0
9104,6,-1,0.8,0.0
9105,6,-1,0.8,0.0
9106,6,-1,0.8,0.0
9107,6,-1,0.8,0.0
9108,6,-1,0.8,0.0
9109,6,-1,0.8,0.0
9110,6,-1,0.8,0.0
9111,6,-1,0.8,0.0
9112,6,-1,0.8,0.0
9113,6,-1,0.8,0.0
9114,6,-1,0.8,0.0
9115,6,-1,0.8,0.0
9116,6,-1,0.8,0.0
9117,6,-1,0.8,0.0
9118,6,-1,0.8,0.0
9119,6,-1,0.8,0.0
9120,6,-1,0.8,0.0
9121,6,-1,0.8,0.0
9122,6,-1,0.8,0.0
9123,6,-1,0.8,0.0
9124,6,-1,0.8,0.0
9125,6,-1,0.8,0.0
9126,6,-1,0.8,0.0
9127,6,-1,0.8,0.0
9128,6,-1,0.8,0.0
9129,6,-1,0.8,0.0
9130,6,-1,0.8,0.0
9131,6,-1,0.8,0.0
9132,6,-1,0.8,0.0
9133,6,-1,0.8,0.0
9134,6,-1,0.8,0.0
9135,6,-1,0.8,0.0
9136,6,-1,0.8,0.0
9137,6,-1,0.8,0.0
9138,6,-1,0.8,0.0
9139,6,-1,0.8,0.0
9140,6,-1,0.8,0.0
9141,6,-1,0.8,0.0
9142,6,-1,0.8,0.0
9143,6,-1,0.8,0.0
9144,6,-1,0.8,0.0
9145,6,-1,0.8,0.0
9146,6,-1,0.8,0.0
9147,6,-1,0.8,0.0
9148,6,-1,0.8,0.0
9149,6,-1,0.8,0.0
9150,7,-1,0.8,0.0
9151,7,-1,0.8,0.0
9152,7,-1,0.8,0.0
9153,7,-1,0.8,0.0
9154,7,-1,0.8,0.0
9155,7,-1,0.8,0.0
9156,7,-1,0.8,0.0
9157,7,-1,0.8,0.0
9158,7,-1,0.8,0.0
9159,7,-1,0.8,0.0
9160,7,-1,0.8,0.0
9161,7,-1,0.8,0.0
9162,7,-1,0.8,0.0
9163,7,-1,0.8,0.0
9164,7,-1,0.8,0.0
9165,7,-1,0.8,0.0
9166,7,-1,0.8,0.0
9167,7,-1,0.8,0.0
9168,7,-1,0.8,0.0
9169,7,-1,0.8,0.0
9170,7,-1,0.8,0.0
9171,7,-1,0.8,0.0
9172,7,-1,0.8,0.0
9173,7,-1,0.8,0.0
9174,7,-1,0.8,0.0
9175,7,-1,0.8,0.0
9176,7,-1,0.8,0.0
9177,7,-1,0.8,0.0
9178,7,-1,0.8,0.0
9179,7,-1,0.8,0.0
9180,7,-1,0.8,0.0
9181,7,-1,0.8,0.0
9182,7,-1,0.8,0.0
9183,7,-1,0.8,0.0
9184,7,-1,0.8,0.0
9185,7,-1,0.8,0.0
9186,7,-1,0.8,0.0
9187,7,-1,0.8,0.0
9188,7,-1,0.8,0.0
9189,7,-1,0.8,0.0
9190,7,-1,0.8,0.0
9191,7,-1,0.8,0.0
9192,7,-1,0.8,0.0
9193,7,-1,0.8,0.0
9194,7,-1,0.8,0.0
9195,7,-1,0.8,0.0
9196,7,-1,0.8,0.0
9197,7,-1,0.8,0.0
9198,7,-1,0.8,0.0
9199,7,-1,0.8,0.0
9200,7,-1,0.8,0.0
9201,7,-1,0.8,0.0
9202,7,-1,0.8,0.0
9203,7,-1,0.8,0.0
9204,7,-1,0.8,0.0
9205,7,-1,0.8,0.0
9206,7,-1,0.8,0.0
9207,7,-1,0.8,0.0
9208,7,-1,0.8,0.0
9209,7,-1,0.8,0.0
9210,7,-1,0.8,0.0
9211,7,-1,0.8,0.0
9212,7,-1,0.8,0.0
9213,7,-1,0.8,0.0
9214,7,-1,0.8,0.0
9215,7,-1,0.8,0.0
9216,7,-1,0.8,0.0
9217,7,-1,0.8,0.0
9218,7,-1,0.8,0.0
9219,7,-1,0.8,0.0
9220,7,-1,0.8,0.0
9221,7,-1,0.8,0.0
9222,7,-1,0.8,0.0
9223,7,-1,0.8,0.0
9224,7,-1,0.8,0.0
9225,7,-1,0.8,0.0
9226,7,-1,0.8,0.0
9227,7,-1,0.8,0.0
9228,7,-1,0.8,0.0
9229,7,-1,0.8,0.0
9230,7,-1,0.8,0.0
9231,7,-1,0.8,0.0
9232,7,-1,0.8,0.0
9233,7,-1,0.8,0.0
9234,7,-1,0.8,0.0
9235,7,-1,0.8,0.0
9236,7,-1,0.8,0.0
9237,7,-1,0.8,0.0
9238,7,-1,0.8,0.0
9239,7,-1,0.8,0.0
9240,7,-1,0.8,0.0
9241,7,-1,0.8,0.0
9242,7,-1,0.8,0.0
9243,7,-1,0.8,0.0
9244,7,-1,0.8,0.0
9245,7,-1,0.8,0.0
9246,7,-1,0.8,0.0
9247,7,-1,0.8,0.0
9248,7,-1,0.8,0.0
9249,7,-1,0.8,0.0
9250,7,-1,0.8,0.0
9251,7,-1,0.8,0.0
9252,7,-1,0.8,0.0
9253,7,-1,0.8,0.0
9254,7,-1,0.8,0.0
9255,7,-1,0.8,0.0
9256,7,-1,0.8,0.0
9257,7,-1,0.8,0.0
9258,7,-1,0.8,0.0
9259,7,-1,0.8,0.0
9260,7,-1,0.8,0.0
9261,7,-1,0.8,0.0
9262,7,-1,0.8,0.0
9263,7,-1,0.8,0.0
9264,7,-1,0.8,0.0
9265,7,-1,0.8,0.0
9266,7,-1,0.8,0.0
9267,7,-1,0.8,0.0
9268,7,-1,0.8,0.0
9269,7,-1,0.8,0.0
9270,7,-1,0.8,0.0
9271,7,-1,0.8,0.0
9272,7,-1,0.8,0.0
9273,7,-1,0.8,0.0
9274,7,-1,0.8,0.0
9275,7,-1,0.8,0.0
9276,7,-1,0.8,0.0
9277,7,-1,0.8,0.0
9278,7,-1,0.8,0.0
9279,7,-1,0.8,0.0
9280,7,-1,0.8,0.0
9281,7,-1,0.8,0.0
9282,7,-1,0.8,0.0
9283,7,-1,0.8,0.0
9284,7,-1,0.8,0.0
9285,7,-1,0.8,0.0
9286,7,-1,0.8,0.0
9287,7,-1,0.8,0.0
9288,7,-1,0.8,0.0
9289,7,-1,0.8,0.0
9290,7,-1,0.8,0.0
9291,7,-1,0.8,0.0
9292,7,-1,0.8,0.0
9293,7,-1,0.8,0.0
9294,7,-1,0.8,0.0
9295,7,-1,0.8,0.0
9296,7,-1,0.8,0.0
9297,7,-1,0.8,0.0
9298,7,-1,0.8,0.0
9299,7,-1,0.8,0.0
9300,8,-1,0.8,0.0
9301,8,-1,0.8,0.0
9302,8,-1,0.8,0.0
9303,8,-1,0.8,0.0
9304,8,-1,0.8,0.0
9305,8,-1,0.8,0.0
9306,8,-1,0.8,0.0
9307,8,-1,0.8,0.0
9308,8,-1,0.8,0.0
9309,8,-1,0.8,0.0
9310,8,-1,0.8,0.0
9311,8,-1,0.8,0.0
9312,8,-1,0.8,0.0
9313,8,-1,0.8,0.0
9314,8,-1,0.8,0.0
9315,8,-1,0.8,0.0
9316,8,-1,0.8,0.0
9317,8,-1,0.8,0.0
9318,8,-1,0.8,0.0
9319,8,-1,0.8,0.0
9320,8,-1,0.8,0.0
9321,8,-1,0.8,0.0
9322,8,-1,0.8,0.0
9323,8,-1,0.8,0.0
9324,8,-1,0.8,0.0
9325,8,-1,0.8,0.0
9326,8,-1,0.8,0.0
9327,8,-1,0.8,0.0
9328,8,-1,0.8,0.0
9329,8,-1,0.8,0.0
9330,8,-1,0.8,0.0
9331,8,-1,0.8,0.0
9332,8,-1,0.8,0.0
9333,8,-1,0.8,0.0
9334,8,-1,0.8,0.0
9335,8,-1,0.8,0.0
9336,8,-1,0.8,0.0
9337,8,-1,0.8,0.0
9338,8,-1,0.8,0.0
9339,8,-1,0.8,0.0
9340,8,-1,0.8,0.0
9341,8,-1,0.8,0.0
9342,8,-1,0.8,0.0
9343,8,-1,0.8,0.0
9344,8,-1,0.8,0.0
9345,8,-1,0.8,0.0
9346,8,-1,0.8,0.0
9347,8,-1,0.8,0.0
9348,8,-1,0.8,0.0
9349,8,-1,0.8,0.0
9350,8,-1,0.8,0.0
9351,8,-1,0.8,0.0
9352,8,-1,0.8,0.0
9353,8,-1,0.8,0.0
9354,8,-1,0.8,0.0
9355,8,-1,0.8,0.0
9356,8,-1,0.8,0.0
9357,8,-1,0.8,0.0
9358,8,-1,0.8,0.0
9359,8,-1,0.8,0.0
9360,8,-1,0.8,0.0
9361,8,-1,0.8,0.0
9362,8,-1,0.8,0.0
9363,8,-1,0.8,0.0
9364,8,-1,0.8,0.0
9365,8,-1,0.8,0.0
9366,8,-1,0.8,0.0
9367,8,-1,0.8,0.0
9368,8,-1,0.8,0.0
9369,8,-1,0.8,0.0
9370,8,-1,0.8,0.0
9371,8,-1,0.8,0.0
9372,8,-1,0.8,0.0
9373,8,-1,0.8,0.0
9374,8,-1,0.8,0.0
9375,8,-1,0.8,0.0
9376,8,-1,0.8,0.0
9377,8,-1,0.8,0.0
9378,8,-1,0.8,0.0
9379,8,-1,0.8,0.0
9380,8,-1,0.8,0.0
9381,8,-1,0.8,0.0
9382,8,-1,0.8,0.0
9383,8,-1,0.8,0.0
9384,8,-1,0.8,0.0
9385,8,-1,0.8,0.0
9386,8,-1,0.8,0.0
9387,8,-1,0.8,0.0
9388,8,-1,0.8,0.0
9389,8,-1,0.8,0.0
9390,8,-1,0.8,0.0
9391,8,-1,0.8,0.0
9392,8,-1,0.8,0.0
9393,8,-1,0.8,0.0
9394,8,-1,0.8,0.0
9395,8,-1,0.8,0.0
9396,8,-1,0.8,0.0
9397,8,-1,0.8,0.0
9398,8,-1,0.8,0.0
9399,8,-1,0.8,0.0
9400,8,-1,0.8,0.0
9401,8,-1,0.8,0.0
9402,8,-1,0.8,0.0
9403,8,-1,0.8,0.0
9404,8,-1,0.8,0.0
9405,8,-1,0.8,0.0
9406,8,-1,0.8,0.0
9407,8,-1,0.8,0.0
9408,8,-1,0.8,0.0
9409,8,-1,0.8,0.0
9410,8,-1,0.8,0.0
9411,8,-1,0.8,0.0
9412,8,-1,0.8,0.0
9413,8,-1,0.8,0.0
9414,8,-1,0.8,0.0
9415,8,-1,0.8,0.0
9416,8,-1,0.8,0.0
9417,8,-1,0.8,0.0
9418,8,-1,0.8,0.0
9419,8,-1,0.8,0.0
9420,8,-1,0.8,0.0
9421,8,-1,0.8,0.0
9422,8,-1,0.8,0.0
9423,8,-1,0.8,0.0
9424,8,-1,0.8,0.0
9425,8,-1,0.8,0.0
9426,8,-1,0.8,0.0
9427,8,-1,0.8,0.0
9428,8,-1,0.8,0.0
9429,8,-1,0.8,0.0
9430,8,-1,0.8,0.0
9431,8,-1,0.8,0.0
9432,8,-1,0.8,0.0
9433,8,-1,0.8,0.0
9434,8,-1,0.8,0.0
9435,8,-1,0.8,0.0
9436,8,-1,0.8,0.0
9437,8,-1,0.8,0.0
9438,8,-1,0.8,0.0
9439,8,-1,0.8,0.0
9440,8,-1,0.8,0.0
9441,8,-1,0.8,0.0
9442,8,-1,0.8,0.0
9443,8,-1,0.8,0.0
9444,8,-1,0.8,0.0
9445,8,-1,0.8,0.0
9446,8,-1,0.8,0.0
9447,8,-1,0.8,0.0
9448,8,-1,0.8,0.0
9449,8,-1,0.8,0.0
9450,9,-1,0.8,0.0
9451,9,-1,0.8,0.0
9452,9,-1,0.8,0.0
9453,9,-1,0.8,0.0
9454,9,-1,0.8,0.0
9455,9,-1,0.8,0.0
9456,9,-1,0.8,0.0
9457,9,-1,0.8,0.0
9458,9,-1,0.8,0.0
9459,9,-1,0.8,0.0
9460,9,-1,0.8,0.0
9461,9,-1,0.8,0.0
9462,9,-1,0.8,0.0
9463,9,-1,0.8,0.0
9464,9,-1,0.8,0.0
9465,9,-1,0.8,0.0
9466,9,-1,0.8,0.0
9467,9,-1,0.8,0.0
9468,9,-1,0.8,0.0
9469,9,-1,0.8,0.0
9470,9,-1,0.8,0.0
9471,9,-1,0.8,0.0
9472,9,-1,0.8,0.0
9473,9,-1,0.8,0.0
9474,9,-1,0.8,0.0
9475,9,-1,0.8,0.0
9476,9,-1,0.8,0.0
9477,9,-1,0.8,0.0
9478,9,-1,0.8,0.0
9479,9,-1,0.8,0.0
9480,9,-1,0.8,0.0
9481,9,-1,0.8,0.0
9482,9,-1,0.8,0.0
9483,9,-1,0.8,0.0
9484,9,-1,0.8,0.0
9485,9,-1,0.8,0.0
9486,9,-1,0.8,0.0
9487,9,-1,0.8,0.0
9488,9,-1,0.8,0.0
9489,9,-1,0.8,0.0
9490,9,-1,0.8,0.0
9491,9,-1,0.8,0.0
9492,9,-1,0.8,0.0
9493,9,-1,0.8,0.0
9494,9,-1,0.8,0.0
9495,9,-1,0.8,0.0
9496,9,-1,0.8,0.0
9497,9,-1,0.8,0.0
9498,9,-1,0.8,0.0
9499,9,-1,0.8,0.0
9500,9,-1,0.8,0.0
9501,9,-1,0.8,0.0
9502,9,-1,0.8,0.0
9503,9,-1,0.8,0.0
9504,9,-1,0.8,0.0
9505,9,-1,0.8,0.0
9506,9,-1,0.8,0.0
9507,9,-1,0.8,0.0
9508,9,-1,0.8,0.0
9509,9,-1,0.8,0.0
9510,9,-1,0.8,0.0
9511,9,-1,0.8,0.0
9512,9,-1,0.8,0.0
9513,9,-1,0.8,0.0
9514,9,-1,0.8,0.0
9515,9,-1,0.8,0.0
9516,9,-1,0.8,0.0
9517,9,-1,0.8,0.0
9518,9,-1,0.8,0.0
9519,9,-1,0.8,0.0
9520,9,-1,0.8,0.0
9521,9,-1,0.8,0.0
9522,9,-1,0.8,0.0
9523,9,-1,0.8,0.0
9524,9,-1,0.8,0.0
9525,9,-1,0.8,0.0
9526,9,-1,0.8,0.0
9527,9,-1,0.8,0.0
9528,9,-1,0.8,0.0
9529,9,-1,0.8,0.0
9530,9,-1,0.8,0.0
9531,9,-1,0.8,0.0
9532,9,-1,0.8,0.0
9533,9,-1,0.8,0.0
9534,9,-1,0.8,0.0
9535,9,-1,0.8,0.0
9536,9,-1,0.8,0.0
9537,9,-1,0.8,0.0
9538,9,-1,0.8,0.0
9539,9,-1,0.8,0.0
9540,9,-1,0.8,0.0
9541,9,-1,0.8,0.0
9542,9,-1,0.8,0.0
9543,9,-1,0.8,0.0
9544,9,-1,0.8,0.0
9545,9,-1,0.8,0.0
9546,9,-1,0.8,0.0
9547,9,-1,0.8,0.0
9548,9,-1,0.8,0.0
9549,9,-1,0.8,0.0
9550,9,-1,0.8,0.0
9551,9,-1,0.8,0.0
9552,9,-1,0.8,0.0
9553,9,-1,0.8,0.0
9554,9,-1,0.8,0.0
9555,9,-1,0.8,0.0
9556,9,-1,0.8,0.0
9557,9,-1,0.8,0.0
9558,9,-1,0.8,0.0
9559,9,-1,0.8,0.0
9560,9,-1,0.8,0.0
9561,9,-1,0.8,0.0
9562,9,-1,0.8,0.0
9563,9,-1,0.8,0.0
9564,9,-1,0.8,0.0
9565,9,-1,0.8,0.0
9566,9,-1,0.8,0.0
9567,9,-1,0.8,0.0
9568,9,-1,0.8,0.0
9569,9,-1,0.8,0.0
9570,9,-1,0.8,0.0
9571,9,-1,0.8,0.0
9572,9,-1,0.8,0.0
9573,9,-1,0.8,0.0
9574,9,-1,0.8,0.0
9575,9,-1,0.8,0.0
9576,9,-1,0.8,0.0
9577,9,-1,0.8,0.0
9578,9,-1,0.8,0.0
9579,9,-1,0.8,0.0
9580,9,-1,0.8,0.0
9581,9,-1,0.8,0.0
9582,9,-1,0.8,0.0
9583,9,-1,0.8,0.0
9584,9,-1,0.8,0.0
9585,9,-1,0.8,0.0
9586,9,-1,0.8,0.0
9587,9,-1,0.8,0.0
9588,9,-1,0.8,0.0
9589,9,-1,0.8,0.0
9590,9,-1,0.8,0.0
9591,9,-1,0.8,0.0
9592,9,-1,0.8,0.0
9593,9,-1,0.8,0.0
9594,9,-1,0.8,0.0
9595,9,-1,0.8,0.0
9596,9,-1,0.8,0.0
9597,9,-1,0.8,0.0
9598,9,-1,0.8,0.0
9599,9,-1,0.8,0.0
9600,2,-1,0.9,0.0
9601,2,-1,0.9,0.0
9602,2,-1,0.9,0.0
9603,2,-1,0.9,0.0
9604,2,-1,0.9,0.0
9605,2,-1,0.9,0.0
9606,2,-1,0.9,0.0
9607,2,-1,0.9,0.0
9608,2,-1,0.9,0.0
9609,2,-1,0.9,0.0
9610,2,-1,0.9,0.0
9611,2,-1,0.9,0.0
9612,2,-1,0.9,0.0
9613,2,-1,0.9,0.0
9614,2,-1,0.9,0.0
9615,2,-1,0.9,0.0
9616,2,-1,0.9,0.0
9617,2,-1,0.9,0.0
9618,2,-1,0.9,0.0
9619,2,-1,0.9,0.0
9620,2,-1,0.9,0.0
9621,2,-1,0.9,0.0
9622,2,-1,0.9,0.0
9623,2,-1,0.9,0.0
9624,2,-1,0.9,0.0
9625,2,-1,0.9,0.0
9626,2,-1,0.9,0.0
9627,2,-1,0.9,0.0
9628,2,-1,0.9,0.0
9629,2,-1,0.9,0.0
9630,2,-1,0.9,0.0
9631,2,-1,0.9,0.0
9632,2,-1,0.9,0.0
9633,2,-1,0.9,0.0
9634,2,-1,0.9,0.0
9635,2,-1,0.9,0.0
9636,2,-1,0.9,0.0
9637,2,-1,0.9,0.0
9638,2,-1,0.9,0.0
9639,2,-1,0.9,0.0
9640,2,-1,0.9,0.0
9641,2,-1,0.9,0.0
9642,2,-1,0.9,0.0
9643,2,-1,0.9,0.0
9644,2,-1,0.9,0.0
9645,2,-1,0.9,0.0
9646,2,-1,0.9,0.0
9647,2,-1,0.9,0.0
9648,2,-1,0.9,0.0
9649,2,-1,0.9,0.0
9650,2,-1,0.9,0.0
9651,2,-1,0.9,0.0
9652,2,-1,0.9,0.0
9653,2,-1,0.9,0.0
9654,2,-1,0.9,0.0
9655,2,-1,0.9,0.0
9656,2,-1,0.9,0.0
9657,2,-1,0.9,0.0
9658,2,-1,0.9,0.0
9659,2,-1,0.9,0.0
9660,2,-1,0.9,0.0
9661,2,-1,0.9,0.0
9662,2,-1,0.9,0.0
9663,2,-1,0.9,0.0
9664,2,-1,0.9,0.0
9665,2,-1,0.9,0.0
9666,2,-1,0.9,0.0
9667,2,-1,0.9,0.0
9668,2,-1,0.9,0.0
9669,2,-1,0.9,0.0
9670,2,-1,0.9,0.0
9671,2,-1,0.9,0.0
9672,2,-1,0.9,0.0
9673,2,-1,0.9,0.0
9674,2,-1,0.9,0.0
9675,2,-1,0.9,0.0
9676,2,-1,0.9,0.0
9677,2,-1,0.9,0.0
9678,2,-1,0.9,0.0
9679,2,-1,0.9,0.0
9680,2,-1,0.9,0.0
9681,2,-1,0.9,0.0
9682,2,-1,0.9,0.0
9683,2,-1,0.9,0.0
9684,2,-1,0.9,0.0
9685,2,-1,0.9,0.0
9686,2,-1,0.9,0.0
9687,2,-1,0.9,0.0
9688,2,-1,0.9,0.0
9689,2,-1,0.9,0.0
9690,2,-1,0.9,0.0
9691,2,-1,0.9,0.0
9692,2,-1,0.9,0.0
9693,2,-1,0.9,0.0
9694,2,-1,0.9,0.0
9695,2,-1,0.9,0.0
9696,2,-1,0.9,0.0
9697,2,-1,0.9,0.0
9698,2,-1,0.9,0.0
9699,2,-1,0.9,0.0
9700,2,-1,0.9,0.0
9701,2,-1,0.9,0.0
9702,2,-1,0.9,0.0
9703,2,-1,0.9,0.0
9704,2,-1,0.9,0.0
9705,2,-1,0.9,0.0
9706,2,-1,0.9,0.0
9707,2,-1,0.9,0.0
9708,2,-1,0.9,0.0
9709,2,-1,0.9,0.0
9710,2,-1,0.9,0.0
9711,2,-1,0.9,0.0
9712,2,-1,0.9,0.0
9713,2,-1,0.9,0.0
9714,2,-1,0.9,0.0
9715,2,-1,0.9,0.0
9716,2,-1,0.9,0.0
9717,2,-1,0.9,0.0
9718,2,-1,0.9,0.0
9719,2,-1,0.9,0.0
9720,2,-1,0.9,0.0
9721,2,-1,0.9,0.0
9722,2,-1,0.9,0.0
9723,2,-1,0.9,0.0
9724,2,-1,0.9,0.0
9725,2,-1,0.9,0.0
9726,2,-1,0.9,0.0
9727,2,-1,0.9,0.0
9728,2,-1,0.9,0.0
9729,2,-1,0.9,0.0
9730,2,-1,0.9,0.0
9731,2,-1,0.9,0.0
9732,2,-1,0.9,0.0
9733,2,-1,0.9,0.0
9734,2,-1,0.9,0.0
9735,2,-1,0.9,0.0
9736,2,-1,0.9,0.0
9737,2,-1,0.9,0.0
9738,2,-1,0.9,0.0
9739,2,-1,0.9,0.0
9740,2,-1,0.9,0.0
9741,2,-1,0.9,0.0
9742,2,-1,0.9,0.0
9743,2,-1,0.9,0.0
9744,2,-1,0.9,0.0
9745,2,-1,0.9,0.0
9746,2,-1,0.9,0.0
9747,2,-1,0.9,0.0
9748,2,-1,0.9,0.0
9749,2,-1,0.9,0.0
9750,3,-1,0.9,0.0
9751,3,-1,0.9,0.0
9752,3,-1,0.9,0.0
9753,3,-1,0.9,0.0
9754,3,-1,0.9,0.0
9755,3,-1,0.9,0.0
9756,3,-1,0.9,0.0
9757,3,-1,0.9,0.0
9758,3,-1,0.9,0.0
9759,3,-1,0.9,0.0
9760,3,-1,0.9,0.0
9761,3,-1,0.9,0.0
9762,3,-1,0.9,0.0
9763,3,-1,0.9,0.0
9764,3,-1,0.9,0.0
9765,3,-1,0.9,0.0
9766,3,-1,0.9,0.0
9767,3,-1,0.9,0.0
9768,3,-1,0.9,0.0
9769,3,-1,0.9,0.0
9770,3,-1,0.9,0.0
9771,3,-1,0.9,0.0
9772,3,-1,0.9,0.0
9773,3,-1,0.9,0.0
9774,3,-1,0.9,0.0
9775,3,-1,0.9,0.0
9776,3,-1,0.9,0.0
9777,3,-1,0.9,0.0
9778,3,-1,0.9,0.0
9779,3,-1,0.9,0.0
9780,3,-1,0.9,0.0
9781,3,-1,0.9,0.0
9782,3,-1,0.9,0.0
9783,3,-1,0.9,0.0
9784,3,-1,0.9,0.0
9785,3,-1,0.9,0.0
9786,3,-1,0.9,0.0
9787,3,-1,0.9,0.0
9788,3,-1,0.9,0.0
9789,3,-1,0.9,0.0
9790,3,-1,0.9,0.0
9791,3,-1,0.9,0.0
9792,3,-1,0.9,0.0
9793,3,-1,0.9,0.0
9794,3,-1,0.9,0.0
9795,3,-1,0.9,0.0
9796,3,-1,0.9,0.0
9797,3,-1,0.9,0.0
9798,3,-1,0.9,0.0
9799,3,-1,0.9,0.0
9800,3,-1,0.9,0.0
9801,3,-1,0.9,0.0
9802,3,-1,0.9,0.0
9803,3,-1,0.9,0.0
9804,3,-1,0.9,0.0
9805,3,-1,0.9,0.0
9806,3,-1,0.9,0.0
9807,3,-1,0.9,0.0
9808,3,-1,0.9,0.0
9809,3,-1,0.9,0.0
9810,3,-1,0.9,0.0
9811,3,-1,0.9,0.0
9812,3,-1,0.9,0.0
9813,3,-1,0.9,0.0
9814,3,-1,0.9,0.0
9815,3,-1,0.9,0.0
9816,3,-1,0.9,0.0
9817,3,-1,0.9,0.0
9818,3,-1,0.9,0.0
9819,3,-1,0.9,0.0
9820,3,-1,0.9,0.0
9821,3,-1,0.9,0.0
9822,3,-1,0.9,0.0
9823,3,-1,0.9,0.0
9824,3,-1,0.9,0.0
9825,3,-1,0.9,0.0
9826,3,-1,0.9,0.0
9827,3,-1,0.9,0.0
9828,3,-1,0.9,0.0
9829,3,-1,0.9,0.0
9830,3,-1,0.9,0.0
9831,3,-1,0.9,0.0
9832,3,-1,0.9,0.0
9833,3,-1,0.9,0.0
9834,3,-1,0.9,0.0
9835,3,-1,0.9,0.0
9836,3,-1,0.9,0.0
9837,3,-1,0.9,0.0
9838,3,-1,0.9,0.0
9839,3,-1,0.9,0.0
9840,3,-1,0.9,0.0
9841,3,-1,0.9,0.0
9842,3,-1,0.9,0.0
9843,3,-1,0.9,0.0
9844,3,-1,0.9,0.0
9845,3,-1,0.9,0.0
9846,3,-1,0.9,0.0
9847,3,-1,0.9,0.0
9848,3,-1,0.9,0.0
9849,3,-1,0.9,0.0
9850,3,-1,0.9,0.0
9851,3,-1,0.9,0.0
9852,3,-1,0.9,0.0
9853,3,-1,0.9,0.0
9854,3,-1,0.9,0.0
9855,3,-1,0.9,0.0
9856,3,-1,0.9,0.0
9857,3,-1,0.9,0.0
9858,3,-1,0.9,0.0
9859,3,-1,0.9,0.0
9860,3,-1,0.9,0.0
9861,3,-1,0.9,0.0
9862,3,-1,0.9,0.0
9863,3,-1,0.9,0.0
9864,3,-1,0.9,0.0
9865,3,-1,0.9,0.0
9866,3,-1,0.9,0.0
9867,3,-1,0.9,0.0
9868,3,-1,0.9,0.0
9869,3,-1,0.9,0.0
9870,3,-1,0.9,0.0
9871,3,-1,0.9,0.0
9872,3,-1,0.9,0.0
9873,3,-1,0.9,0.0
9874,3,-1,0.9,0.0
9875,3,-1,0.9,0.0
9876,3,-1,0.9,0.0
9877,3,-1,0.9,0.0
9878,3,-1,0.9,0.0
9879,3,-1,0.9,0.0
9880,3,-1,0.9,0.0
9881,3,-1,0.9,0.0
9882,3,-1,0.9,0.0
9883,3,-1,0.9,0.0
9884,3,-1,0.9,0.0
9885,3,-1,0.9,0.0
9886,3,-1,0.9,0.0
9887,3,-1,0.9,0.0
9888,3,-1,0.9,0.0
9889,3,-1,0.9,0.0
9890,3,-1,0.9,0.0
9891,3,-1,0.9,0.0
9892,3,-1,0.9,0.0
9893,3,-1,0.9,0.0
9894,3,-1,0.9,0.0
9895,3,-1,0.9,0.0
9896,3,-1,0.9,0.0
9897,3,-1,0.9,0.0
9898,3,-1,0.9,0.0
9899,3,-1,0.9,0.0
9900,4,-1,0.9,0.0
9901,4,-1,0.9,0.0
9902,4,-1,0.9,0.0
9903,4,-1,0.9,0.0
9904,4,-1,0.9,0.0
9905,4,-1,0.9,0.0
9906,4,-1,0.9,0.0
9907,4,-1,0.9,0.0
9908,4,-1,0.9,0.0
9909,4,-1,0.9,0.0
9910,4,-1,0.9,0.0
9911,4,-1,0.9,0.0
9912,4,-1,0.9,0.0
9913,4,-1,0.9,0.0
9914,4,-1,0.9,0.0
9915,4,-1,0.9,0.0
9916,4,-1,0.9,0.0
9917,4,-1,0.9,0.0
9918,4,-1,0.9,0.0
9919,4,-1,0.9,0.0
9920,4,-1,0.9,0.0
9921,4,-1,0.9,0.0
9922,4,-1,0.9,0.0
9923,4,-1,0.9,0.0
9924,4,-1,0.9,0.0
9925,4,-1,0.9,0.0
9926,4,-1,0.9,0.0
9927,4,-1,0.9,0.0
9928,4,-1,0.9,0.0
9929,4,-1,0.9,0.0
9930,4,-1,0.9,0.0
9931,4,-1,0.9,0.0
9932,4,-1,0.9,0.0
9933,4,-1,0.9,0.0
9934,4,-1,0.9,0.0
9935,4,-1,0.9,0.0
9936,4,-1,0.9,0.0
9937,4,-1,0.9,0.0
9938,4,-1,0.9,0.0
9939,4,-1,0.9,0.0
9940,4,-1,0.9,0.0
9941,4,-1,0.9,0.0
9942,4,-1,0.9,0.0
9943,4,-1,0.9,0.0
9944,4,-1,0.9,0.0
9945,4,-1,0.9,0.0
9946,4,-1,0.9,0.0
9947,4,-1,0.9,0.0
9948,4,-1,0.9,0.0
9949,4,-1,0.9,0.0
9950,4,-1,0.9,0.0
9951,4,-1,0.9,0.0
9952,4,-1,0.9,0.0
9953,4,-1,0.9,0.0
9954,4,-1,0.9,0.0
9955,4,-1,0.9,0.0
9956,4,-1,0.9,0.0
9957,4,-1,0.9,0.0
9958,4,-1,0.9,0.0
9959,4,-1,0.9,0.0
9960,4,-1,0.9,0.0
9961,4,-1,0.9,0.0
9962,4,-1,0.9,0.0
9963,4,-1,0.9,0.0
9964,4,-1,0.9,0.0
9965,4,-1,0.9,0.0
9966,4,-1,0.9,0.0
9967,4,-1,0.9,0.0
9968,4,-1,0.9,0.0
9969,4,-1,0.9,0.0
9970,4,-1,0.9,0.0
9971,4,-1,0.9,0.0
9972,4,-1,0.9,0.0
9973,4,-1,0.9,0.0
9974,4,-1,0.9,0.0
9975,4,-1,0.9,0.0
9976,4,-1,0.9,0.0
9977,4,-1,0.9,0.0
9978,4,-1,0.9,0.0
9979,4,-1,0.9,0.0
9980,4,-1,0.9,0.0
9981,4,-1,0.9,0.0
9982,4,-1,0.9,0.0
9983,4,-1,0.9,0.0
9984,4,-1,0.9,0.0
9985,4,-1,0.9,0.0
9986,4,-1,0.9,0.0
9987,4,-1,0.9,0.0
9988,4,-1,0.9,0.0
9989,4,-1,0.9,0.0
9990,4,-1,0.9,0.0
9991,4,-1,0.9,0.0
9992,4,-1,0.9,0.0
9993,4,-1,0.9,0.0
9994,4,-1,0.9,0.0
9995,4,-1,0.9,0.0
9996,4,-1,0.9,0.0
9997,4,-1,0.9,0.0
9998,4,-1,0.9,0.0
9999,4,-1,0.9,0.0
10000,4,-1,0.9,0.0
10001,4,-1,0.9,0.0
10002,4,-1,0.9,0.0
10003,4,-1,0.9,0.0
10004,4,-1,0.9,0.0
10005,4,-1,0.9,0.0
10006,4,-1,0.9,0.0
10007,4,-1,0.9,0.0
10008,4,-1,0.9,0.0
10009,4,-1,0.9,0.0
10010,4,-1,0.9,0.0
10011,4,-1,0.9,0.0
10012,4,-1,0.9,0.0
10013,4,-1,0.9,0.0
10014,4,-1,0.9,0.0
10015,4,-1,0.9,0.0
10016,4,-1,0.9,0.0
10017,4,-1,0.9,0.0
10018,4,-1,0.9,0.0
10019,4,-1,0.9,0.0
10020,4,-1,0.9,0.0
10021,4,-1,0.9,0.0
10022,4,-1,0.9,0.0
10023,4,-1,0.9,0.0
10024,4,-1,0.9,0.0
10025,4,-1,0.9,0.0
10026,4,-1,0.9,0.0
10027,4,-1,0.9,0.0
10028,4,-1,0.9,0.0
10029,4,-1,0.9,0.0
10030,4,-1,0.9,0.0
10031,4,-1,0.9,0.0
10032,4,-1,0.9,0.0
10033,4,-1,0.9,0.0
10034,4,-1,0.9,0.0
10035,4,-1,0.9,0.0
10036,4,-1,0.9,0.0
10037,4,-1,0.9,0.0
10038,4,-1,0.9,0.0
10039,4,-1,0.9,0.0
10040,4,-1,0.9,0.0
10041,4,-1,0.9,0.0
10042,4,-1,0.9,0.0
10043,4,-1,0.9,0.0
10044,4,-1,0.9,0.0
10045,4,-1,0.9,0.0
10046,4,-1,0.9,0.0
10047,4,-1,0.9,0.0
10048,4,-1,0.9,0.0
10049,4,-1,0.9,0.0
10050,5,-1,0.9,0.0
10051,5,-1,0.9,0.0
10052,5,-1,0.9,0.0
10053,5,-1,0.9,0.0
10054,5,-1,0.9,0.0
10055,5,-1,0.9,0.0
10056,5,-1,0.9,0.0
10057,5,-1,0.9,0.0
10058,5,-1,0.9,0.0
10059,5,-1,0.9,0.0
10060,5,-1,0.9,0.0
10061,5,-1,0.9,0.0
10062,5,-1,0.9,0.0
10063,5,-1,0.9,0.0
10064,5,-1,0.9,0.0
10065,5,-1,0.9,0.0
10066,5,-1,0.9,0.0
10067,5,-1,0.9,0.0
10068,5,-1,0.9,0.0
10069,5,-1,0.9,0.0
10070,5,-1,0.9,0.0
10071,5,-1,0.9,0.0
10072,5,-1,0.9,0.0
10073,5,-1,0.9,0.0
10074,5,-1,0.9,0.0
10075,5,-1,0.9,0.0
10076,5,-1,0.9,0.0
10077,5,-1,0.9,0.0
10078,5,-1,0.9,0.0
10079,5,-1,0.9,0.0
10080,5,-1,0.9,0.0
10081,5,-1,0.9,0.0
10082,5,-1,0.9,0.0
10083,5,-1,0.9,0.0
10084,5,-1,0.9,0.0
10085,5,-1,0.9,0.0
10086,5,-1,0.9,0.0
10087,5,-1,0.9,0.0
10088,5,-1,0.9,0.0
10089,5,-1,0.9,0.0
10090,5,-1,0.9,0.0
10091,5,-1,0.9,0.0
10092,5,-1,0.9,0.0
10093,5,-1,0.9,0.0
10094,5,-1,0.9,0.0
10095,5,-1,0.9,0.0
10096,5,-1,0.9,0.0
10097,5,-1,0.9,0.0
10098,5,-1,0.9,0.0
10099,5,-1,0.9,0.0
10100,5,-1,0.9,0.0
10101,5,-1,0.9,0.0
10102,5,-1,0.9,0.0
10103,5,-1,0.9,0.0
10104,5,-1,0.9,0.0
10105,5,-1,0.9,0.0
10106,5,-1,0.9,0.0
10107,5,-1,0.9,0.0
10108,5,-1,0.9,0.0
10109,5,-1,0.9,0.0
10110,5,-1,0.9,0.0
10111,5,-1,0.9,0.0
10112,5,-1,0.9,0.0
10113,5,-1,0.9,0.0
10114,5,-1,0.9,0.0
10115,5,-1,0.9,0.0
10116,5,-1,0.9,0.0
10117,5,-1,0.9,0.0
10118,5,-1,0.9,0.0
10119,5,-1,0.9,0.0
10120,5,-1,0.9,0.0
10121,5,-1,0.9,0.0
10122,5,-1,0.9,0.0
10123,5,-1,0.9,0.0
10124,5,-1,0.9,0.0
10125,5,-1,0.9,0.0
10126,5,-1,0.9,0.0
10127,5,-1,0.9,0.0
10128,5,-1,0.9,0.0
10129,5,-1,0.9,0.0
10130,5,-1,0.9,0.0
10131,5,-1,0.9,0.0
10132,5,-1,0.9,0.0
10133,5,-1,0.9,0.0
10134,5,-1,0.9,0.0
10135,5,-1,0.9,0.0
10136,5,-1,0.9,0.0
10137,5,-1,0.9,0.0
10138,5,-1,0.9,0.0
10139,5,-1,0.9,0.0
10140,5,-1,0.9,0.0
10141,5,-1,0.9,0.0
10142,5,-1,0.9,0.0
10143,5,-1,0.9,0.0
10144,5,-1,0.9,0.0
10145,5,-1,0.9,0.0
10146,5,-1,0.9,0.0
10147,5,-1,0.9,0.0
10148,5,-1,0.9,0.0
10149,5,-1,0.9,0.0
10150,5,-1,0.9,0.0
10151,5,-1,0.9,0.0
10152,5,-1,0.9,0.0
10153,5,-1,0.9,0.0
10154,5,-1,0.9,0.0
10155,5,-1,0.9,0.0
10156,5,-1,0.9,0.0
10157,5,-1,0.9,0.0
10158,5,-1,0.9,0.0
10159,5,-1,0.9,0.0
10160,5,-1,0.9,0.0
10161,5,-1,0.9,0.0
10162,5,-1,0.9,0.0
10163,5,-1,0.9,0.0
10164,5,-1,0.9,0.0
10165,5,-1,0.9,0.0
10166,5,-1,0.9,0.0
10167,5,-1,0.9,0.0
10168,5,-1,0.9,0.0
10169,5,-1,0.9,0.0
10170,5,-1,0.9,0.0
10171,5,-1,0.9,0.0
10172,5,-1,0.9,0.0
10173,5,-1,0.9,0.0
10174,5,-1,0.9,0.0
10175,5,-1,0.9,0.0
10176,5,-1,0.9,0.0
10177,5,-1,0.9,0.0
10178,5,-1,0.9,0.0
10179,5,-1,0.9,0.0
10180,5,-1,0.9,0.0
10181,5,-1,0.9,0.0
10182,5,-1,0.9,0.0
10183,5,-1,0.9,0.0
10184,5,-1,0.9,0.0
10185,5,-1,0.9,0.0
10186,5,-1,0.9,0.0
10187,5,-1,0.9,0.0
10188,5,-1,0.9,0.0
10189,5,-1,0.9,0.0
10190,5,-1,0.9,0.0
10191,5,-1,0.9,0.0
10192,5,-1,0.9,0.0
10193,5,-1,0.9,0.0
10194,5,-1,0.9,0.0
10195,5,-1,0.9,0.0
10196,5,-1,0.9,0.0
10197,5,-1,0.9,0.0
10198,5,-1,0.9,0.0
10199,5,-1,0.9,0.0
10200,6,-1,0.9,0.0
10201,6,-1,0.9,0.0
10202,6,-1,0.9,0.0
10203,6,-1,0.9,0.0
10204,6,-1,0.9,0.0
10205,6,-1,0.9,0.0
10206,6,-1,0.9,0.0
10207,6,-1,0.9,0.0
10208,6,-1,0.9,0.0
10209,6,-1,0.9,0.0
10210,6,-1,0.9,0.0
10211,6,-1,0.9,0.0
10212,6,-1,0.9,0.0
10213,6,-1,0.9,0.0
10214,6,-1,0.9,0.0
10215,6,-1,0.9,0.0
10216,6,-1,0.9,0.0
10217,6,-1,0.9,0.0
10218,6,-1,0.9,0.0
10219,6,-1,0.9,0.0
10220,6,-1,0.9,0.0
10221,6,-1,0.9,0.0
10222,6,-1,0.9,0.0
10223,6,-1,0.9,0.0
10224,6,-1,0.9,0.0
10225,6,-1,0.9,0.0
10226,6,-1,0.9,0.0
10227,6,-1,0.9,0.0
10228,6,-1,0.9,0.0
10229,6,-1,0.9,0.0
10230,6,-1,0.9,0.0
10231,6,-1,0.9,0.0
10232,6,-1,0.9,0.0
10233,6,-1,0.9,0.0
10234,6,-1,0.9,0.0
10235,6,-1,0.9,0.0
10236,6,-1,0.9,0.0
10237,6,-1,0.9,0.0
10238,6,-1,0.9,0.0
10239,6,-1,0.9,0.0
10240,6,-1,0.9,0.0
10241,6,-1,0.9,0.0
10242,6,-1,0.9,0.0
10243,6,-1,0.9,0.0
10244,6,-1,0.9,0.0
10245,6,-1,0.9,0.0
10246,6,-1,0.9,0.0
10247,6,-1,0.9,0.0
10248,6,-1,0.9,0.0
10249,6,-1,0.9,0.0
10250,6,-1,0.9,0.0
10251,6,-1,0.9,0.0
10252,6,-1,0.9,0.0
10253,6,-1,0.9,0.0
10254,6,-1,0.9,0.0
10255,6,-1,0.9,0.0
10256,6,-1,0.9,0.0
10257,6,-1,0.9,0.0
10258,6,-1,0.9,0.0
10259,6,-1,0.9,0.0
10260,6,-1,0.9,0.0
10261,6,-1,0.9,0.0
10262,6,-1,0.9,0.0
10263,6,-1,0.9,0.0
10264,6,-1,0.9,0.0
10265,6,-1,0.9,0.0
10266,6,-1,0.9,0.0
10267,6,-1,0.9,0.0
10268,6,-1,0.9,0.0
10269,6,-1,0.9,0.0
10270,6,-1,0.9,0.0
10271,6,-1,0.9,0.0
10272,6,-1,0.9,0.0
10273,6,-1,0.9,0.0
10274,6,-1,0.9,0.0
10275,6,-1,0.9,0.0
10276,6,-1,0.9,0.0
10277,6,-1,0.9,0.0
10278,6,-1,0.9,0.0
10279,6,-1,0.9,0.0
10280,6,-1,0.9,0.0
10281,6,-1,0.9,0.0
10282,6,-1,0.9,0.0
10283,6,-1,0.9,0.0
10284,6,-1,0.9,0.0
10285,6,-1,0.9,0.0
10286,6,-1,0.9,0.0
10287,6,-1,0.9,0.0
10288,6,-1,0.9,0.0
10289,6,-1,0.9,0.0
10290,6,-1,0.9,0.0
10291,6,-1,0.9,0.0
10292,6,-1,0.9,0.0
10293,6,-1,0.9,0.0
10294,6,-1,0.9,0.0
10295,6,-1,0.9,0.0
10296,6,-1,0.9,0.0
10297,6,-1,0.9,0.0
10298,6,-1,0.9,0.0
10299,6,-1,0.9,0.0
10300,6,-1,0.9,0.0
10301,6,-1,0.9,0.0
10302,6,-1,0.9,0.0
10303,6,-1,0.9,0.0
10304,6,-1,0.9,0.0
10305,6,-1,0.9,0.0
10306,6,-1,0.9,0.0
10307,6,-1,0.9,0.0
10308,6,-1,0.9,0.0
10309,6,-1,0.9,0.0
10310,6,-1,0.9,0.0
10311,6,-1,0.9,0.0
10312,6,-1,0.9,0.0
10313,6,-1,0.9,0.0
10314,6,-1,0.9,0.0
10315,6,-1,0.9,0.0
10316,6,-1,0.9,0.0
10317,6,-1,0.9,0.0
10318,6,-1,0.9,0.0
10319,6,-1,0.9,0.0
10320,6,-1,0.9,0.0
10321,6,-1,0.9,0.0
10322,6,-1,0.9,0.0
10323,6,-1,0.9,0.0
10324,6,-1,0.9,0.0
10325,6,-1,0.9,0.0
10326,6,-1,0.9,0.0
10327,6,-1,0.9,0.0
10328,6,-1,0.9,0.0
10329,6,-1,0.9,0.0
10330,6,-1,0.9,0.0
10331,6,-1,0.9,0.0
10332,6,-1,0.9,0.0
10333,6,-1,0.9,0.0
10334,6,-1,0.9,0.0
10335,6,-1,0.9,0.0
10336,6,-1,0.9,0.0
10337,6,-1,0.9,0.0
10338,6,-1,0.9,0.0
10339,6,-1,0.9,0.0
10340,6,-1,0.9,0.0
10341,6,-1,0.9,0.0
10342,6,-1,0.9,0.0
10343,6,-1,0.9,0.0
10344,6,-1,0.9,0.0
10345,6,-1,0.9,0.0
10346,6,-1,0.9,0.0
10347,6,-1,0.9,0.0
10348,6,-1,0.9,0.0
10349,6,-1,0.9,0.0
10350,7,-1,0.9,0.0
10351,7,-1,0.9,0.0
10352,7,-1,0.9,0.0
10353,7,-1,0.9,0.0
10354,7,-1,0.9,0.0
10355,7,-1,0.9,0.0
10356,7,-1,0.9,0.0
10357,7,-1,0.9,0.0
10358,7,-1,0.9,0.0
10359,7,-1,0.9,0.0
10360,7,-1,0.9,0.0
10361,7,-1,0.9,0.0
10362,7,-1,0.9,0.0
10363,7,-1,0.9,0.0
10364,7,-1,0.9,0.0
10365,7,-1,0.9,0.0
10366,7,-1,0.9,0.0
10367,7,-1,0.9,0.0
10368,7,-1,0.9,0.0
10369,7,-1,0.9,0.0
10370,7,-1,0.9,0.0
10371,7,-1,0.9,0.0
10372,7,-1,0.9,0.0
10373,7,-1,0.9,0.0
10374,7,-1,0.9,0.0
10375,7,-1,0.9,0.0
10376,7,-1,0.9,0.0
10377,7,-1,0.9,0.0
10378,7,-1,0.9,0.0
10379,7,-1,0.9,0.0
10380,7,-1,0.9,0.0
10381,7,-1,0.9,0.0
10382,7,-1,0.9,0.0
10383,7,-1,0.9,0.0
10384,7,-1,0.9,0.0
10385,7,-1,0.9,0.0
10386,7,-1,0.9,0.0
10387,7,-1,0.9,0.0
10388,7,-1,0.9,0.0
10389,7,-1,0.9,0.0
10390,7,-1,0.9,0.0
10391,7,-1,0.9,0.0
10392,7,-1,0.9,0.0
10393,7,-1,0.9,0.0
10394,7,-1,0.9,0.0
10395,7,-1,0.9,0.0
10396,7,-1,0.9,0.0
10397,7,-1,0.9,0.0
10398,7,-1,0.9,0.0
10399,7,-1,0.9,0.0
10400,7,-1,0.9,0.0
10401,7,-1,0.9,0.0
10402,7,-1,0.9,0.0
10403,7,-1,0.9,0.0
10404,7,-1,0.9,0.0
10405,7,-1,0.9,0.0
10406,7,-1,0.9,0.0
10407,7,-1,0.9,0.0
10408,7,-1,0.9,0.0
10409,7,-1,0.9,0.0
10410,7,-1,0.9,0.0
10411,7,-1,0.9,0.0
10412,7,-1,0.9,0.0
10413,7,-1,0.9,0.0
10414,7,-1,0.9,0.0
10415,7,-1,0.9,0.0
10416,7,-1,0.9,0.0
10417,7,-1,0.9,0.0
10418,7,-1,0.9,0.0
10419,7,-1,0.9,0.0
10420,7,-1,0.9,0.0
10421,7,-1,0.9,0.0
10422,7,-1,0.9,0.0
10423,7,-1,0.9,0.0
10424,7,-1,0.9,0.0
10425,7,-1,0.9,0.0
10426,7,-1,0.9,0.0
10427,7,-1,0.9,0.0
10428,7,-1,0.9,0.0
10429,7,-1,0.9,0.0
10430,7,-1,0.9,0.0
10431,7,-1,0.9,0.0
10432,7,-1,0.9,0.0
10433,7,-1,0.9,0.0
10434,7,-1,0.9,0.0
10435,7,-1,0.9,0.0
10436,7,-1,0.9,0.0
10437,7,-1,0.9,0.0
10438,7,-1,0.9,0.0
10439,7,-1,0.9,0.0
10440,7,-1,0.9,0.0
10441,7,-1,0.9,0.0
10442,7,-1,0.9,0.0
10443,7,-1,0.9,0.0
10444,7,-1,0.9,0.0
10445,7,-1,0.9,0.0
10446,7,-1,0.9,0.0
10447,7,-1,0.9,0.0
10448,7,-1,0.9,0.0
10449,7,-1,0.9,0.0
10450,7,-1,0.9,0.0
10451,7,-1,0.9,0.0
10452,7,-1,0.9,0.0
10453,7,-1,0.9,0.0
10454,7,-1,0.9,0.0
10455,7,-1,0.9,0.0
10456,7,-1,0.9,0.0
10457,7,-1,0.9,0.0
10458,7,-1,0.9,0.0
10459,7,-1,0.9,0.0
10460,7,-1,0.9,0.0
10461,7,-1,0.9,0.0
10462,7,-1,0.9,0.0
10463,7,-1,0.9,0.0
10464,7,-1,0.9,0.0
10465,7,-1,0.9,0.0
10466,7,-1,0.9,0.0
10467,7,-1,0.9,0.0
10468,7,-1,0.9,0.0
10469,7,-1,0.9,0.0
10470,7,-1,0.9,0.0
10471,7,-1,0.9,0.0
10472,7,-1,0.9,0.0
10473,7,-1,0.9,0.0
10474,7,-1,0.9,0.0
10475,7,-1,0.9,0.0
10476,7,-1,0.9,0.0
10477,7,-1,0.9,0.0
10478,7,-1,0.9,0.0
10479,7,-1,0.9,0.0
10480,7,-1,0.9,0.0
10481,7,-1,0.9,0.0
10482,7,-1,0.9,0.0
10483,7,-1,0.9,0.0
10484,7,-1,0.9,0.0
10485,7,-1,0.9,0.0
10486,7,-1,0.9,0.0
10487,7,-1,0.9,0.0
10488,7,-1,0.9,0.0
10489,7,-1,0.9,0.0
10490,7,-1,0.9,0.0
10491,7,-1,0.9,0.0
10492,7,-1,0.9,0.0
10493,7,-1,0.9,0.0
10494,7,-1,0.9,0.0
10495,7,-1,0.9,0.0
10496,7,-1,0.9,0.0
10497,7,-1,0.9,0.0
10498,7,-1,0.9,0.0
10499,7,-1,0.9,0.0
10500,8,-1,0.9,0.0
10501,8,-1,0.9,0.0
10502,8,-1,0.9,0.0
10503,8,-1,0.9,0.0
10504,8,-1,0.9,0.0
10505,8,-1,0.9,0.0
10506,8,-1,0.9,0.0
10507,8,-1,0.9,0.0
10508,8,-1,0.9,0.0
10509,8,-1,0.9,0.0
10510,8,-1,0.9,0.0
10511,8,-1,0.9,0.0
10512,8,-1,0.9,0.0
10513,8,-1,0.9,0.0
10514,8,-1,0.9,0.0
10515,8,-1,0.9,0.0
10516,8,-1,0.9,0.0
10517,8,-1,0.9,0.0
10518,8,-1,0.9,0.0
10519,8,-1,0.9,0.0
10520,8,-1,0.9,0.0
10521,8,-1,0.9,0.0
10522,8,-1,0.9,0.0
10523,8,-1,0.9,0.0
10524,8,-1,0.9,0.0
10525,8,-1,0.9,0.0
10526,8,-1,0.9,0.0
10527,8,-1,0.9,0.0
10528,8,-1,0.9,0.0
10529,8,-1,0.9,0.0
10530,8,-1,0.9,0.0
10531,8,-1,0.9,0.0
10532,8,-1,0.9,0.0
10533,8,-1,0.9,0.0
10534,8,-1,0.9,0.0
10535,8,-1,0.9,0.0
10536,8,-1,0.9,0.0
10537,8,-1,0.9,0.0
10538,8,-1,0.9,0.0
10539,8,-1,0.9,0.0
10540,8,-1,0.9,0.0
10541,8,-1,0.9,0.0
10542,8,-1,0.9,0.0
10543,8,-1,0.9,0.0
10544,8,-1,0.9,0.0
10545,8,-1,0.9,0.0
10546,8,-1,0.9,0.0
10547,8,-1,0.9,0.0
10548,8,-1,0.9,0.0
10549,8,-1,0.9,0.0
10550,8,-1,0.9,0.0
10551,8,-1,0.9,0.0
10552,8,-1,0.9,0.0
10553,8,-1,0.9,0.0
10554,8,-1,0.9,0.0
10555,8,-1,0.9,0.0
10556,8,-1,0.9,0.0
10557,8,-1,0.9,0.0
10558,8,-1,0.9,0.0
10559,8,-1,0.9,0.0
10560,8,-1,0.9,0.0
10561,8,-1,0.9,0.0
10562,8,-1,0.9,0.0
10563,8,-1,0.9,0.0
10564,8,-1,0.9,0.0
10565,8,-1,0.9,0.0
10566,8,-1,0.9,0.0
10567,8,-1,0.9,0.0
10568,8,-1,0.9,0.0
10569,8,-1,0.9,0.0
10570,8,-1,0.9,0.0
10571,8,-1,0.9,0.0
10572,8,-1,0.9,0.0
10573,8,-1,0.9,0.0
10574,8,-1,0.9,0.0
10575,8,-1,0.9,0.0
10576,8,-1,0.9,0.0
10577,8,-1,0.9,0.0
10578,8,-1,0.9,0.0
10579,8,-1,0.9,0.0
10580,8,-1,0.9,0.0
10581,8,-1,0.9,0.0
10582,8,-1,0.9,0.0
10583,8,-1,0.9,0.0
10584,8,-1,0.9,0.0
10585,8,-1,0.9,0.0
10586,8,-1,0.9,0.0
10587,8,-1,0.9,0.0
10588,8,-1,0.9,0.0
10589,8,-1,0.9,0.0
10590,8,-1,0.9,0.0
10591,8,-1,0.9,0.0
10592,8,-1,0.9,0.0
10593,8,-1,0.9,0.0
10594,8,-1,0.9,0.0
10595,8,-1,0.9,0.0
10596,8,-1,0.9,0.0
10597,8,-1,0.9,0.0
10598,8,-1,0.9,0.0
10599,8,-1,0.9,0.0
10600,8,-1,0.9,0.0
10601,8,-1,0.9,0.0
10602,8,-1,0.9,0.0
10603,8,-1,0.9,0.0
10604,8,-1,0.9,0.0
10605,8,-1,0.9,0.0
10606,8,-1,0.9,0.0
10607,8,-1,0.9,0.0
10608,8,-1,0.9,0.0
10609,8,-1,0.9,0.0
10610,8,-1,0.9,0.0
10611,8,-1,0.9,0.0
10612,8,-1,0.9,0.0
10613,8,-1,0.9,0.0
10614,8,-1,0.9,0.0
10615,8,-1,0.9,0.0
10616,8,-1,0.9,0.0
10617,8,-1,0.9,0.0
10618,8,-1,0.9,0.0
10619,8,-1,0.9,0.0
10620,8,-1,0.9,0.0
10621,8,-1,0.9,0.0
10622,8,-1,0.9,0.0
10623,8,-1,0.9,0.0
10624,8,-1,0.9,0.0
10625,8,-1,0.9,0.0
10626,8,-1,0.9,0.0
10627,8,-1,0.9,0.0
10628,8,-1,0.9,0.0
10629,8,-1,0.9,0.0
10630,8,-1,0.9,0.0
10631,8,-1,0.9,0.0
10632,8,-1,0.9,0.0
10633,8,-1,0.9,0.0
10634,8,-1,0.9,0.0
10635,8,-1,0.9,0.0
10636,8,-1,0.9,0.0
10637,8,-1,0.9,0.0
10638,8,-1,0.9,0.0
10639,8,-1,0.9,0.0
10640,8,-1,0.9,0.0
10641,8,-1,0.9,0.0
10642,8,-1,0.9,0.0
10643,8,-1,0.9,0.0
10644,8,-1,0.9,0.0
10645,8,-1,0.9,0.0
10646,8,-1,0.9,0.0
10647,8,-1,0.9,0.0
10648,8,-1,0.9,0.0
10649,8,-1,0.9,0.0
10650,9,-1,0.9,0.0
10651,9,-1,0.9,0.0
10652,9,-1,0.9,0.0
10653,9,-1,0.9,0.0
10654,9,-1,0.9,0.0
10655,9,-1,0.9,0.0
10656,9,-1,0.9,0.0
10657,9,-1,0.9,0.0
10658,9,-1,0.9,0.0
10659,9,-1,0.9,0.0
10660,9,-1,0.9,0.0
10661,9,-1,0.9,0.0
10662,9,-1,0.9,0.0
10663,9,-1,0.9,0.0
10664,9,-1,0.9,0.0
10665,9,-1,0.9,0.0
10666,9,-1,0.9,0.0
10667,9,-1,0.9,0.0
10668,9,-1,0.9,0.0
10669,9,-1,0.9,0.0
10670,9,-1,0.9,0.0
10671,9,-1,0.9,0.0
10672,9,-1,0.9,0.0
10673,9,-1,0.9,0.0
10674,9,-1,0.9,0.0
10675,9,-1,0.9,0.0
10676,9,-1,0.9,0.0
10677,9,-1,0.9,0.0
10678,9,-1,0.9,0.0
10679,9,-1,0.9,0.0
10680,9,-1,0.9,0.0
10681,9,-1,0.9,0.0
10682,9,-1,0.9,0.0
10683,9,-1,0.9,0.0
10684,9,-1,0.9,0.0
10685,9,-1,0.9,0.0
10686,9,-1,0.9,0.0
10687,9,-1,0.9,0.0
10688,9,-1,0.9,0.0
10689,9,-1,0.9,0.0
10690,9,-1,0.9,0.0
10691,9,-1,0.9,0.0
10692,9,-1,0.9,0.0
10693,9,-1,0.9,0.0
10694,9,-1,0.9,0.0
10695,9,-1,0.9,0.0
10696,9,-1,0.9,0.0
10697,9,-1,0.9,0.0
10698,9,-1,0.9,0.0
10699,9,-1,0.9,0.0
10700,9,-1,0.9,0.0
10701,9,-1,0.9,0.0
10702,9,-1,0.9,0.0
10703,9,-1,0.9,0.0
10704,9,-1,0.9,0.0
10705,9,-1,0.9,0.0
10706,9,-1,0.9,0.0
10707,9,-1,0.9,0.0
10708,9,-1,0.9,0.0
10709,9,-1,0.9,0.0
10710,9,-1,0.9,0.0
10711,9,-1,0.9,0.0
10712,9,-1,0.9,0.0
10713,9,-1,0.9,0.0
10714,9,-1,0.9,0.0
10715,9,-1,0.9,0.0
10716,9,-1,0.9,0.0
10717,9,-1,0.9,0.0
10718,9,-1,0.9,0.0
10719,9,-1,0.9,0.0
10720,9,-1,0.9,0.0
10721,9,-1,0.9,0.0
10722,9,-1,0.9,0.0
10723,9,-1,0.9,0.0
10724,9,-1,0.9,0.0
10725,9,-1,0.9,0.0
10726,9,-1,0.9,0.0
10727,9,-1,0.9,0.0
10728,9,-1,0.9,0.0
10729,9,-1,0.9,0.0
10730,9,-1,0.9,0.0
10731,9,-1,0.9,0.0
10732,9,-1,0.9,0.0
10733,9,-1,0.9,0.0
10734,9,-1,0.9,0.0
10735,9,-1,0.9,0.0
10736,9,-1,0.9,0.0
10737,9,-1,0.9,0.0
10738,9,-1,0.9,0.0
10739,9,-1,0.9,0.0
10740,9,-1,0.9,0.0
10741,9,-1,0.9,0.0
10742,9,-1,0.9,0.0
10743,9,-1,0.9,0.0
10744,9,-1,0.9,0.0
10745,9,-1,0.9,0.0
10746,9,-1,0.9,0.0
10747,9,-1,0.9,0.0
10748,9,-1,0.9,0.0
10749,9,-1,0.9,0.0
10750,9,-1,0.9,0.0
10751,9,-1,0.9,0.0
10752,9,-1,0.9,0.0
10753,9,-1,0.9,0.0
10754,9,-1,0.9,0.0
10755,9,-1,0.9,0.0
10756,9,-1,0.9,0.0
10757,9,-1,0.9,0.0
10758,9,-1,0.9,0.0
10759,9,-1,0.9,0.0
10760,9,-1,0.9,0.0
10761,9,-1,0.9,0.0
10762,9,-1,0.9,0.0
10763,9,-1,0.9,0.0
10764,9,-1,0.9,0.0
10765,9,-1,0.9,0.0
10766,9,-1,0.9,0.0
10767,9,-1,0.9,0.0
10768,9,-1,0.9,0.0
10769,9,-1,0.9,0.0
10770,9,-1,0.9,0.0
10771,9,-1,0.9,0.0
10772,9,-1,0.9,0.0
10773,9,-1,0.9,0.0
10774,9,-1,0.9,0.0
10775,9,-1,0.9,0.0
10776,9,-1,0.9,0.0
10777,9,-1,0.9,0.0
10778,9,-1,0.9,0.0
10779,9,-1,0.9,0.0
10780,9,-1,0.9,0.0
10781,9,-1,0.9,0.0
10782,9,-1,0.9,0.0
10783,9,-1,0.9,0.0
10784,9,-1,0.9,0.0
10785,9,-1,0.9,0.0
10786,9,-1,0.9,0.0
10787,9,-1,0.9,0.0
10788,9,-1,0.9,0.0
10789,9,-1,0.9,0.0
10790,9,-1,0.9,0.0
10791,9,-1,0.9,0.0
10792,9,-1,0.9,0.0
10793,9,-1,0.9,0.0
10794,9,-1,0.9,0.0
10795,9,-1,0.9,0.0
10796,9,-1,0.9,0.0
10797,9,-1,0.9,0.0
10798,9,-1,0.9,0.0
10799,9,-1,0.9,0.0
10800,2,-1,1.0,0.0
10801,2,-1,1.0,0.0
10802,2,-1,1.0,0.0
10803,2,-1,1.0,0.0
10804,2,-1,1.0,0.0
10805,2,-1,1.0,0.0
10806,2,-1,1.0,0.0
10807,2,-1,1.0,0.0
10808,2,-1,1.0,0.0
10809,2,-1,1.0,0.0
10810,2,-1,1.0,0.0
10811,2,-1,1.0,0.0
10812,2,-1,1.0,0.0
10813,2,-1,1.0,0.0
10814,2,-1,1.0,0.0
10815,2,-1,1.0,0.0
10816,2,-1,1.0,0.0
10817,2,-1,1.0,0.0
10818,2,-1,1.0,0.0
10819,2,-1,1.0,0.0
10820,2,-1,1.0,0.0
10821,2,-1,1.0,0.0
10822,2,-1,1.0,0.0
10823,2,-1,1.0,0.0
10824,2,-1,1.0,0.0
10825,2,-1,1.0,0.0
10826,2,-1,1.0,0.0
10827,2,-1,1.0,0.0
10828,2,-1,1.0,0.0
10829,2,-1,1.0,0.0
10830,2,-1,1.0,0.0
10831,2,-1,1.0,0.0
10832,2,-1,1.0,0.0
10833,2,-1,1.0,0.0
10834,2,-1,1.0,0.0
10835,2,-1,1.0,0.0
10836,2,-1,1.0,0.0
10837,2,-1,1.0,0.0
10838,2,-1,1.0,0.0
10839,2,-1,1.0,0.0
10840,2,-1,1.0,0.0
10841,2,-1,1.0,0.0
10842,2,-1,1.0,0.0
10843,2,-1,1.0,0.0
10844,2,-1,1.0,0.0
10845,2,-1,1.0,0.0
10846,2,-1,1.0,0.0
10847,2,-1,1.0,0.0
10848,2,-1,1.0,0.0
10849,2,-1,1.0,0.0
10850,2,-1,1.0,0.0
10851,2,-1,1.0,0.0
10852,2,-1,1.0,0.0
10853,2,-1,1.0,0.0
10854,2,-1,1.0,0.0
10855,2,-1,1.0,0.0
10856,2,-1,1.0,0.0
10857,2,-1,1.0,0.0
10858,2,-1,1.0,0.0
10859,2,-1,1.0,0.0
10860,2,-1,1.0,0.0
10861,2,-1,1.0,0.0
10862,2,-1,1.0,0.0
10863,2,-1,1.0,0.0
10864,2,-1,1.0,0.0
10865,2,-1,1.0,0.0
10866,2,-1,1.0,0.0
10867,2,-1,1.0,0.0
10868,2,-1,1.0,0.0
10869,2,-1,1.0,0.0
10870,2,-1,1.0,0.0
10871,2,-1,1.0,0.0
10872,2,-1,1.0,0.0
10873,2,-1,1.0,0.0
10874,2,-1,1.0,0.0
10875,2,-1,1.0,0.0
10876,2,-1,1.0,0.0
10877,2,-1,1.0,0.0
10878,2,-1,1.0,0.0
10879,2,-1,1.0,0.0
10880,2,-1,1.0,0.0
10881,2,-1,1.0,0.0
10882,2,-1,1.0,0.0
10883,2,-1,1.0,0.0
10884,2,-1,1.0,0.0
10885,2,-1,1.0,0.0
10886,2,-1,1.0,0.0
10887,2,-1,1.0,0.0
10888,2,-1,1.0,0.0
10889,2,-1,1.0,0.0
10890,2,-1,1.0,0.0
10891,2,-1,1.0,0.0
10892,2,-1,1.0,0.0
10893,2,-1,1.0,0.0
10894,2,-1,1.0,0.0
10895,2,-1,1.0,0.0
10896,2,-1,1.0,0.0
10897,2,-1,1.0,0.0
10898,2,-1,1.0,0.0
10899,2,-1,1.0,0.0
10900,2,-1,1.0,0.0
10901,2,-1,1.0,0.0
10902,2,-1,1.0,0.0
10903,2,-1,1.0,0.0
10904,2,-1,1.0,0.0
10905,2,-1,1.0,0.0
10906,2,-1,1.0,0.0
10907,2,-1,1.0,0.0
10908,2,-1,1.0,0.0
10909,2,-1,1.0,0.0
10910,2,-1,1.0,0.0
10911,2,-1,1.0,0.0
10912,2,-1,1.0,0.0
10913,2,-1,1.0,0.0
10914,2,-1,1.0,0.0
10915,2,-1,1.0,0.0
10916,2,-1,1.0,0.0
10917,2,-1,1.0,0.0
10918,2,-1,1.0,0.0
10919,2,-1,1.0,0.0
10920,2,-1,1.0,0.0
10921,2,-1,1.0,0.0
10922,2,-1,1.0,0.0
10923,2,-1,1.0,0.0
10924,2,-1,1.0,0.0
10925,2,-1,1.0,0.0
10926,2,-1,1.0,0.0
10927,2,-1,1.0,0.0
10928,2,-1,1.0,0.0
10929,2,-1,1.0,0.0
10930,2,-1,1.0,0.0
10931,2,-1,1.0,0.0
10932,2,-1,1.0,0.0
10933,2,-1,1.0,0.0
10934,2,-1,1.0,0.0
10935,2,-1,1.0,0.0
10936,2,-1,1.0,0.0
10937,2,-1,1.0,0.0
10938,2,-1,1.0,0.0
10939,2,-1,1.0,0.0
10940,2,-1,1.0,0.0
10941,2,-1,1.0,0.0
10942,2,-1,1.0,0.0
10943,2,-1,1.0,0.0
10944,2,-1,1.0,0.0
10945,2,-1,1.0,0.0
10946,2,-1,1.0,0.0
10947,2,-1,1.0,0.0
10948,2,-1,1.0,0.0
10949,2,-1,1.0,0.0
10950,3,-1,1.0,0.0
10951,3,-1,1.0,0.0
10952,3,-1,1.0,0.0
10953,3,-1,1.0,0.0
10954,3,-1,1.0,0.0
10955,3,-1,1.0,0.0
10956,3,-1,1.0,0.0
10957,3,-1,1.0,0.0
10958,3,-1,1.0,0.0
10959,3,-1,1.0,0.0
10960,3,-1,1.0,0.0
10961,3,-1,1.0,0.0
10962,3,-1,1.0,0.0
10963,3,-1,1.0,0.0
10964,3,-1,1.0,0.0
10965,3,-1,1.0,0.0
10966,3,-1,1.0,0.0
10967,3,-1,1.0,0.0
10968,3,-1,1.0,0.0
10969,3,-1,1.0,0.0
10970,3,-1,1.0,0.0
10971,3,-1,1.0,0.0
10972,3,-1,1.0,0.0
10973,3,-1,1.0,0.0
10974,3,-1,1.0,0.0
10975,3,-1,1.0,0.0
10976,3,-1,1.0,0.0
10977,3,-1,1.0,0.0
10978,3,-1,1.0,0.0
10979,3,-1,1.0,0.0
10980,3,-1,1.0,0.0
10981,3,-1,1.0,0.0
10982,3,-1,1.0,0.0
10983,3,-1,1.0,0.0
10984,3,-1,1.0,0.0
10985,3,-1,1.0,0.0
10986,3,-1,1.0,0.0
10987,3,-1,1.0,0.0
10988,3,-1,1.0,0.0
10989,3,-1,1.0,0.0
10990,3,-1,1.0,0.0
10991,3,-1,1.0,0.0
10992,3,-1,1.0,0.0
10993,3,-1,1.0,0.0
10994,3,-1,1.0,0.0
10995,3,-1,1.0,0.0
10996,3,-1,1.0,0.0
10997,3,-1,1.0,0.0
10998,3,-1,1.0,0.0
10999,3,-1,1.0,0.0
11000,3,-1,1.0,0.0
11001,3,-1,1.0,0.0
11002,3,-1,1.0,0.0
11003,3,-1,1.0,0.0
11004,3,-1,1.0,0.0
11005,3,-1,1.0,0.0
11006,3,-1,1.0,0.0
11007,3,-1,1.0,0.0
11008,3,-1,1.0,0.0
11009,3,-1,1.0,0.0
11010,3,-1,1.0,0.0
11011,3,-1,1.0,0.0
11012,3,-1,1.0,0.0
11013,3,-1,1.0,0.0
11014,3,-1,1.0,0.0
11015,3,-1,1.0,0.0
11016,3,-1,1.0,0.0
11017,3,-1,1.0,0.0
11018,3,-1,1.0,0.0
11019,3,-1,1.0,0.0
11020,3,-1,1.0,0.0
11021,3,-1,1.0,0.0
11022,3,-1,1.0,0.0
11023,3,-1,1.0,0.0
11024,3,-1,1.0,0.0
11025,3,-1,1.0,0.0
11026,3,-1,1.0,0.0
11027,3,-1,1.0,0.0
11028,3,-1,1.0,0.0
11029,3,-1,1.0,0.0
11030,3,-1,1.0,0.0
11031,3,-1,1.0,0.0
11032,3,-1,1.0,0.0
11033,3,-1,1.0,0.0
11034,3,-1,1.0,0.0
11035,3,-1,1.0,0.0
11036,3,-1,1.0,0.0
11037,3,-1,1.0,0.0
11038,3,-1,1.0,0.0
11039,3,-1,1.0,0.0
11040,3,-1,1.0,0.0
11041,3,-1,1.0,0.0
11042,3,-1,1.0,0.0
11043,3,-1,1.0,0.0
11044,3,-1,1.0,0.0
11045,3,-1,1.0,0.0
11046,3,-1,1.0,0.0
11047,3,-1,1.0,0.0
11048,3,-1,1.0,0.0
11049,3,-1,1.0,0.0
11050,3,-1,1.0,0.0
11051,3,-1,1.0,0.0
11052,3,-1,1.0,0.0
11053,3,-1,1.0,0.0
11054,3,-1,1.0,0.0
11055,3,-1,1.0,0.0
11056,3,-1,1.0,0.0
11057,3,-1,1.0,0.0
11058,3,-1,1.0,0.0
11059,3,-1,1.0,0.0
11060,3,-1,1.0,0.0
11061,3,-1,1.0,0.0
11062,3,-1,1.0,0.0
11063,3,-1,1.0,0.0
11064,3,-1,1.0,0.0
11065,3,-1,1.0,0.0
11066,3,-1,1.0,0.0
11067,3,-1,1.0,0.0
11068,3,-1,1.0,0.0
11069,3,-1,1.0,0.0
11070,3,-1,1.0,0.0
11071,3,-1,1.0,0.0
11072,3,-1,1.0,0.0
11073,3,-1,1.0,0.0
11074,3,-1,1.0,0.0
11075,3,-1,1.0,0.0
11076,3,-1,1.0,0.0
11077,3,-1,1.0,0.0
11078,3,-1,1.0,0.0
11079,3,-1,1.0,0.0
11080,3,-1,1.0,0.0
11081,3,-1,1.0,0.0
11082,3,-1,1.0,0.0
11083,3,-1,1.0,0.0
11084,3,-1,1.0,0.0
11085,3,-1,1.0,0.0
11086,3,-1,1.0,0.0
11087,3,-1,1.0,0.0
11088,3,-1,1.0,0.0
11089,3,-1,1.0,0.0
11090,3,-1,1.0,0.0
11091,3,-1,1.0,0.0
11092,3,-1,1.0,0.0
11093,3,-1,1.0,0.0
11094,3,-1,1.0,0.0
11095,3,-1,1.0,0.0
11096,3,-1,1.0,0.0
11097,3,-1,1.0,0.0
11098,3,-1,1.0,0.0
11099,3,-1,1.0,0.0
11100,4,-1,1.0,0.0
11101,4,-1,1.0,0.0
11102,4,-1,1.0,0.0
11103,4,-1,1.0,0.0
11104,4,-1,1.0,0.0
11105,4,-1,1.0,0.0
11106,4,-1,1.0,0.0
11107,4,-1,1.0,0.0
11108,4,-1,1.0,0.0
11109,4,-1,1.0,0.0
11110,4,-1,1.0,0.0
11111,4,-1,1.0,0.0
11112,4,-1,1.0,0.0
11113,4,-1,1.0,0.0
11114,4,-1,1.0,0.0
11115,4,-1,1.0,0.0
11116,4,-1,1.0,0.0
11117,4,-1,1.0,0.0
11118,4,-1,1.0,0.0
11119,4,-1,1.0,0.0
11120,4,-1,1.0,0.0
11121,4,-1,1.0,0.0
11122,4,-1,1.0,0.0
11123,4,-1,1.0,0.0
11124,4,-1,1.0,0.0
11125,4,-1,1.0,0.0
11126,4,-1,1.0,0.0
11127,4,-1,1.0,0.0
11128,4,-1,1.0,0.0
11129,4,-1,1.0,0.0
11130,4,-1,1.0,0.0
11131,4,-1,1.0,0.0
11132,4,-1,1.0,0.0
11133,4,-1,1.0,0.0
11134,4,-1,1.0,0.0
11135,4,-1,1.0,0.0
11136,4,-1,1.0,0.0
11137,4,-1,1.0,0.0
11138,4,-1,1.0,0.0
11139,4,-1,1.0,0.0
11140,4,-1,1.0,0.0
11141,4,-1,1.0,0.0
11142,4,-1,1.0,0.0
11143,4,-1,1.0,0.0
11144,4,-1,1.0,0.0
11145,4,-1,1.0,0.0
11146,4,-1,1.0,0.0
11147,4,-1,1.0,0.0
11148,4,-1,1.0,0.0
11149,4,-1,1.0,0.0
11150,4,-1,1.0,0.0
11151,4,-1,1.0,0.0
11152,4,-1,1.0,0.0
11153,4,-1,1.0,0.0
11154,4,-1,1.0,0.0
11155,4,-1,1.0,0.0
11156,4,-1,1.0,0.0
11157,4,-1,1.0,0.0
11158,4,-1,1.0,0.0
11159,4,-1,1.0,0.0
11160,4,-1,1.0,0.0
11161,4,-1,1.0,0.0
11162,4,-1,1.0,0.0
11163,4,-1,1.0,0.0
11164,4,-1,1.0,0.0
11165,4,-1,1.0,0.0
11166,4,-1,1.0,0.0
11167,4,-1,1.0,0.0
11168,4,-1,1.0,0.0
11169,4,-1,1.0,0.0
11170,4,-1,1.0,0.0
11171,4,-1,1.0,0.0
11172,4,-1,1.0,0.0
11173,4,-1,1.0,0.0
11174,4,-1,1.0,0.0
11175,4,-1,1.0,0.0
11176,4,-1,1.0,0.0
11177,4,-1,1.0,0.0
11178,4,-1,1.0,0.0
11179,4,-1,1.0,0.0
11180,4,-1,1.0,0.0
11181,4,-1,1.0,0.0
11182,4,-1,1.0,0.0
11183,4,-1,1.0,0.0
11184,4,-1,1.0,0.0
11185,4,-1,1.0,0.0
11186,4,-1,1.0,0.0
11187,4,-1,1.0,0.0
11188,4,-1,1.0,0.0
11189,4,-1,1.0,0.0
11190,4,-1,1.0,0.0
11191,4,-1,1.0,0.0
11192,4,-1,1.0,0.0
11193,4,-1,1.0,0.0
11194,4,-1,1.0,0.0
11195,4,-1,1.0,0.0
11196,4,-1,1.0,0.0
11197,4,-1,1.0,0.0
11198,4,-1,1.0,0.0
11199,4,-1,1.0,0.0
11200,4,-1,1.0,0.0
11201,4,-1,1.0,0.0
11202,4,-1,1.0,0.0
11203,4,-1,1.0,0.0
11204,4,-1,1.0,0.0
11205,4,-1,1.0,0.0
11206,4,-1,1.0,0.0
11207,4,-1,1.0,0.0
11208,4,-1,1.0,0.0
11209,4,-1,1.0,0.0
11210,4,-1,1.0,0.0
11211,4,-1,1.0,0.0
11212,4,-1,1.0,0.0
11213,4,-1,1.0,0.0
11214,4,-1,1.0,0.0
11215,4,-1,1.0,0.0
11216,4,-1,1.0,0.0
11217,4,-1,1.0,0.0
11218,4,-1,1.0,0.0
11219,4,-1,1.0,0.0
11220,4,-1,1.0,0.0
11221,4,-1,1.0,0.0
11222,4,-1,1.0,0.0
11223,4,-1,1.0,0.0
11224,4,-1,1.0,0.0
11225,4,-1,1.0,0.0
11226,4,-1,1.0,0.0
11227,4,-1,1.0,0.0
11228,4,-1,1.0,0.0
11229,4,-1,1.0,0.0
11230,4,-1,1.0,0.0
11231,4,-1,1.0,0.0
11232,4,-1,1.0,0.0
11233,4,-1,1.0,0.0
11234,4,-1,1.0,0.0
11235,4,-1,1.0,0.0
11236,4,-1,1.0,0.0
11237,4,-1,1.0,0.0
11238,4,-1,1.0,0.0
11239,4,-1,1.0,0.0
11240,4,-1,1.0,0.0
11241,4,-1,1.0,0.0
11242,4,-1,1.0,0.0
11243,4,-1,1.0,0.0
11244,4,-1,1.0,0.0
11245,4,-1,1.0,0.0
11246,4,-1,1.0,0.0
11247,4,-1,1.0,0.0
11248,4,-1,1.0,0.0
11249,4,-1,1.0,0.0
11250,5,-1,1.0,0.0
11251,5,-1,1.0,0.0
11252,5,-1,1.0,0.0
11253,5,-1,1.0,0.0
11254,5,-1,1.0,0.0
11255,5,-1,1.0,0.0
11256,5,-1,1.0,0.0
11257,5,-1,1.0,0.0
11258,5,-1,1.0,0.0
11259,5,-1,1.0,0.0
11260,5,-1,1.0,0.0
11261,5,-1,1.0,0.0
11262,5,-1,1.0,0.0
11263,5,-1,1.0,0.0
11264,5,-1,1.0,0.0
11265,5,-1,1.0,0.0
11266,5,-1,1.0,0.0
11267,5,-1,1.0,0.0
11268,5,-1,1.0,0.0
11269,5,-1,1.0,0.0
11270,5,-1,1.0,0.0
11271,5,-1,1.0,0.0
11272,5,-1,1.0,0.0
11273,5,-1,1.0,0.0
11274,5,-1,1.0,0.0
11275,5,-1,1.0,0.0
11276,5,-1,1.0,0.0
11277,5,-1,1.0,0.0
11278,5,-1,1.0,0.0
11279,5,-1,1.0,0.0
11280,5,-1,1.0,0.0
11281,5,-1,1.0,0.0
11282,5,-1,1.0,0.0
11283,5,-1,1.0,0.0
11284,5,-1,1.0,0.0
11285,5,-1,1.0,0.0
11286,5,-1,1.0,0.0
11287,5,-1,1.0,0.0
11288,5,-1,1.0,0.0
11289,5,-1,1.0,0.0
11290,5,-1,1.0,0.0
11291,5,-1,1.0,0.0
11292,5,-1,1.0,0.0
11293,5,-1,1.0,0.0
11294,5,-1,1.0,0.0
11295,5,-1,1.0,0.0
11296,5,-1,1.0,0.0
11297,5,-1,1.0,0.0
11298,5,-1,1.0,0.0
11299,5,-1,1.0,0.0
11300,5,-1,1.0,0.0
11301,5,-1,1.0,0.0
11302,5,-1,1.0,0.0
11303,5,-1,1.0,0.0
11304,5,-1,1.0,0.0
11305,5,-1,1.0,0.0
11306,5,-1,1.0,0.0
11307,5,-1,1.0,0.0
11308,5,-1,1.0,0.0
11309,5,-1,1.0,0.0
11310,5,-1,1.0,0.0
11311,5,-1,1.0,0.0
11312,5,-1,1.0,0.0
11313,5,-1,1.0,0.0
11314,5,-1,1.0,0.0
11315,5,-1,1.0,0.0
11316,5,-1,1.0,0.0
11317,5,-1,1.0,0.0
11318,5,-1,1.0,0.0
11319,5,-1,1.0,0.0
11320,5,-1,1.0,0.0
11321,5,-1,1.0,0.0
11322,5,-1,1.0,0.0
11323,5,-1,1.0,0.0
11324,5,-1,1.0,0.0
11325,5,-1,1.0,0.0
11326,5,-1,1.0,0.0
11327,5,-1,1.0,0.0
11328,5,-1,1.0,0.0
11329,5,-1,1.0,0.0
11330,5,-1,1.0,0.0
11331,5,-1,1.0,0.0
11332,5,-1,1.0,0.0
11333,5,-1,1.0,0.0
11334,5,-1,1.0,0.0
11335,5,-1,1.0,0.0
11336,5,-1,1.0,0.0
11337,5,-1,1.0,0.0
11338,5,-1,1.0,0.0
11339,5,-1,1.0,0.0
11340,5,-1,1.0,0.0
11341,5,-1,1.0,0.0
11342,5,-1,1.0,0.0
11343,5,-1,1.0,0.0
11344,5,-1,1.0,0.0
11345,5,-1,1.0,0.0
11346,5,-1,1.0,0.0
11347,5,-1,1.0,0.0
11348,5,-1,1.0,0.0
11349,5,-1,1.0,0.0
11350,5,-1,1.0,0.0
11351,5,-1,1.0,0.0
11352,5,-1,1.0,0.0
11353,5,-1,1.0,0.0
11354,5,-1,1.0,0.0
11355,5,-1,1.0,0.0
11356,5,-1,1.0,0.0
11357,5,-1,1.0,0.0
11358,5,-1,1.0,0.0
11359,5,-1,1.0,0.0
11360,5,-1,1.0,0.0
11361,5,-1,1.0,0.0
11362,5,-1,1.0,0.0
11363,5,-1,1.0,0.0
11364,5,-1,1.0,0.0
11365,5,-1,1.0,0.0
11366,5,-1,1.0,0.0
11367,5,-1,1.0,0.0
11368,5,-1,1.0,0.0
11369,5,-1,1.0,0.0
11370,5,-1,1.0,0.0
11371,5,-1,1.0,0.0
11372,5,-1,1.0,0.0
11373,5,-1,1.0,0.0
11374,5,-1,1.0,0.0
11375,5,-1,1.0,0.0
11376,5,-1,1.0,0.0
11377,5,-1,1.0,0.0
11378,5,-1,1.0,0.0
11379,5,-1,1.0,0.0
11380,5,-1,1.0,0.0
11381,5,-1,1.0,0.0
11382,5,-1,1.0,0.0
11383,5,-1,1.0,0.0
11384,5,-1,1.0,0.0
11385,5,-1,1.0,0.0
11386,5,-1,1.0,0.0
11387,5,-1,1.0,0.0
11388,5,-1,1.0,0.0
11389,5,-1,1.0,0.0
11390,5,-1,1.0,0.0
11391,5,-1,1.0,0.0
11392,5,-1,1.0,0.0
11393,5,-1,1.0,0.0
11394,5,-1,1.0,0.0
11395,5,-1,1.0,0.0
11396,5,-1,1.0,0.0
11397,5,-1,1.0,0.0
11398,5,-1,1.0,0.0
11399,5,-1,1.0,0.0
11400,6,-1,1.0,0.0
11401,6,-1,1.0,0.0
11402,6,-1,1.0,0.0
11403,6,-1,1.0,0.0
11404,6,-1,1.0,0.0
11405,6,-1,1.0,0.0
11406,6,-1,1.0,0.0
11407,6,-1,1.0,0.0
11408,6,-1,1.0,0.0
11409,6,-1,1.0,0.0
11410,6,-1,1.0,0.0
11411,6,-1,1.0,0.0
11412,6,-1,1.0,0.0
11413,6,-1,1.0,0.0
11414,6,-1,1.0,0.0
11415,6,-1,1.0,0.0
11416,6,-1,1.0,0.0
11417,6,-1,1.0,0.0
11418,6,-1,1.0,0.0
11419,6,-1,1.0,0.0
11420,6,-1,1.0,0.0
11421,6,-1,1.0,0.0
11422,6,-1,1.0,0.0
11423,6,-1,1.0,0.0
11424,6,-1,1.0,0.0
11425,6,-1,1.0,0.0
11426,6,-1,1.0,0.0
11427,6,-1,1.0,0.0
11428,6,-1,1.0,0.0
11429,6,-1,1.0,0.0
11430,6,-1,1.0,0.0
11431,6,-1,1.0,0.0
11432,6,-1,1.0,0.0
11433,6,-1,1.0,0.0
11434,6,-1,1.0,0.0
11435,6,-1,1.0,0.0
11436,6,-1,1.0,0.0
11437,6,-1,1.0,0.0
11438,6,-1,1.0,0.0
11439,6,-1,1.0,0.0
11440,6,-1,1.0,0.0
11441,6,-1,1.0,0.0
11442,6,-1,1.0,0.0
11443,6,-1,1.0,0.0
11444,6,-1,1.0,0.0
11445,6,-1,1.0,0.0
11446,6,-1,1.0,0.0
11447,6,-1,1.0,0.0
11448,6,-1,1.0,0.0
11449,6,-1,1.0,0.0
11450,6,-1,1.0,0.0
11451,6,-1,1.0,0.0
11452,6,-1,1.0,0.0
11453,6,-1,1.0,0.0
11454,6,-1,1.0,0.0
11455,6,-1,1.0,0.0
11456,6,-1,1.0,0.0
11457,6,-1,1.0,0.0
11458,6,-1,1.0,0.0
11459,6,-1,1.0,0.0
11460,6,-1,1.0,0.0
11461,6,-1,1.0,0.0
11462,6,-1,1.0,0.0
11463,6,-1,1.0,0.0
11464,6,-1,1.0,0.0
11465,6,-1,1.0,0.0
11466,6,-1,1.0,0.0
11467,6,-1,1.0,0.0
11468,6,-1,1.0,0.0
11469,6,-1,1.0,0.0
11470,6,-1,1.0,0.0
11471,6,-1,1.0,0.0
11472,6,-1,1.0,0.0
11473,6,-1,1.0,0.0
11474,6,-1,1.0,0.0
11475,6,-1,1.0,0.0
11476,6,-1,1.0,0.0
11477,6,-1,1.0,0.0
11478,6,-1,1.0,0.0
11479,6,-1,1.0,0.0
11480,6,-1,1.0,0.0
11481,6,-1,1.0,0.0
11482,6,-1,1.0,0.0
11483,6,-1,1.0,0.0
11484,6,-1,1.0,0.0
11485,6,-1,1.0,0.0
11486,6,-1,1.0,0.0
11487,6,-1,1.0,0.0
11488,6,-1,1.0,0.0
11489,6,-1,1.0,0.0
11490,6,-1,1.0,0.0
11491,6,-1,1.0,0.0
11492,6,-1,1.0,0.0
11493,6,-1,1.0,0.0
11494,6,-1,1.0,0.0
11495,6,-1,1.0,0.0
11496,6,-1,1.0,0.0
11497,6,-1,1.0,0.0
11498,6,-1,1.0,0.0
11499,6,-1,1.0,0.0
11500,6,-1,1.0,0.0
11501,6,-1,1.0,0.0
11502,6,-1,1.0,0.0
11503,6,-1,1.0,0.0
11504,6,-1,1.0,0.0
11505,6,-1,1.0,0.0
11506,6,-1,1.0,0.0
11507,6,-1,1.0,0.0
11508,6,-1,1.0,0.0
11509,6,-1,1.0,0.0
11510,6,-1,1.0,0.0
11511,6,-1,1.0,0.0
11512,6,-1,1.0,0.0
11513,6,-1,1.0,0.0
11514,6,-1,1.0,0.0
11515,6,-1,1.0,0.0
11516,6,-1,1.0,0.0
11517,6,-1,1.0,0.0
11518,6,-1,1.0,0.0
11519,6,-1,1.0,0.0
11520,6,-1,1.0,0.0
11521,6,-1,1.0,0.0
11522,6,-1,1.0,0.0
11523,6,-1,1.0,0.0
11524,6,-1,1.0,0.0
11525,6,-1,1.0,0.0
11526,6,-1,1.0,0.0
11527,6,-1,1.0,0.0
11528,6,-1,1.0,0.0
11529,6,-1,1.0,0.0
11530,6,-1,1.0,0.0
11531,6,-1,1.0,0.0
11532,6,-1,1.0,0.0
11533,6,-1,1.0,0.0
11534,6,-1,1.0,0.0
11535,6,-1,1.0,0.0
11536,6,-1,1.0,0.0
11537,6,-1,1.0,0.0
11538,6,-1,1.0,0.0
11539,6,-1,1.0,0.0
11540,6,-1,1.0,0.0
11541,6,-1,1.0,0.0
11542,6,-1,1.0,0.0
11543,6,-1,1.0,0.0
11544,6,-1,1.0,0.0
11545,6,-1,1.0,0.0
11546,6,-1,1.0,0.0
11547,6,-1,1.0,0.0
11548,6,-1,1.0,0.0
11549,6,-1,1.0,0.0
11550,7,-1,1.0,0.0
11551,7,-1,1.0,0.0
11552,7,-1,1.0,0.0
11553,7,-1,1.0,0.0
11554,7,-1,1.0,0.0
11555,7,-1,1.0,0.0
11556,7,-1,1.0,0.0
11557,7,-1,1.0,0.0
11558,7,-1,1.0,0.0
11559,7,-1,1.0,0.0
11560,7,-1,1.0,0.0
11561,7,-1,1.0,0.0
11562,7,-1,1.0,0.0
11563,7,-1,1.0,0.0
11564,7,-1,1.0,0.0
11565,7,-1,1.0,0.0
11566,7,-1,1.0,0.0
11567,7,-1,1.0,0.0
11568,7,-1,1.0,0.0
11569,7,-1,1.0,0.0
11570,7,-1,1.0,0.0
11571,7,-1,1.0,0.0
11572,7,-1,1.0,0.0
11573,7,-1,1.0,0.0
11574,7,-1,1.0,0.0
11575,7,-1,1.0,0.0
11576,7,-1,1.0,0.0
11577,7,-1,1.0,0.0
11578,7,-1,1.0,0.0
11579,7,-1,1.0,0.0
11580,7,-1,1.0,0.0
11581,7,-1,1.0,0.0
11582,7,-1,1.0,0.0
11583,7,-1,1.0,0.0
11584,7,-1,1.0,0.0
11585,7,-1,1.0,0.0
11586,7,-1,1.0,0.0
11587,7,-1,1.0,0.0
11588,7,-1,1.0,0.0
11589,7,-1,1.0,0.0
11590,7,-1,1.0,0.0
11591,7,-1,1.0,0.0
11592,7,-1,1.0,0.0
11593,7,-1,1.0,0.0
11594,7,-1,1.0,0.0
11595,7,-1,1.0,0.0
11596,7,-1,1.0,0.0
11597,7,-1,1.0,0.0
11598,7,-1,1.0,0.0
11599,7,-1,1.0,0.0
11600,7,-1,1.0,0.0
11601,7,-1,1.0,0.0
11602,7,-1,1.0,0.0
11603,7,-1,1.0,0.0
11604,7,-1,1.0,0.0
11605,7,-1,1.0,0.0
11606,7,-1,1.0,0.0
11607,7,-1,1.0,0.0
11608,7,-1,1.0,0.0
11609,7,-1,1.0,0.0
11610,7,-1,1.0,0.0
11611,7,-1,1.0,0.0
11612,7,-1,1.0,0.0
11613,7,-1,1.0,0.0
11614,7,-1,1.0,0.0
11615,7,-1,1.0,0.0
11616,7,-1,1.0,0.0
11617,7,-1,1.0,0.0
11618,7,-1,1.0,0.0
11619,7,-1,1.0,0.0
11620,7,-1,1.0,0.0
11621,7,-1,1.0,0.0
11622,7,-1,1.0,0.0
11623,7,-1,1.0,0.0
11624,7,-1,1.0,0.0
11625,7,-1,1.0,0.0
11626,7,-1,1.0,0.0
11627,7,-1,1.0,0.0
11628,7,-1,1.0,0.0
11629,7,-1,1.0,0.0
11630,7,-1,1.0,0.0
11631,7,-1,1.0,0.0
11632,7,-1,1.0,0.0
11633,7,-1,1.0,0.0
11634,7,-1,1.0,0.0
11635,7,-1,1.0,0.0
11636,7,-1,1.0,0.0
11637,7,-1,1.0,0.0
11638,7,-1,1.0,0.0
11639,7,-1,1.0,0.0
11640,7,-1,1.0,0.0
11641,7,-1,1.0,0.0
11642,7,-1,1.0,0.0
11643,7,-1,1.0,0.0
11644,7,-1,1.0,0.0
11645,7,-1,1.0,0.0
11646,7,-1,1.0,0.0
11647,7,-1,1.0,0.0
11648,7,-1,1.0,0.0
11649,7,-1,1.0,0.0
11650,7,-1,1.0,0.0
11651,7,-1,1.0,0.0
11652,7,-1,1.0,0.0
11653,7,-1,1.0,0.0
11654,7,-1,1.0,0.0
11655,7,-1,1.0,0.0
11656,7,-1,1.0,0.0
11657,7,-1,1.0,0.0
11658,7,-1,1.0,0.0
11659,7,-1,1.0,0.0
11660,7,-1,1.0,0.0
11661,7,-1,1.0,0.0
11662,7,-1,1.0,0.0
11663,7,-1,1.0,0.0
11664,7,-1,1.0,0.0
11665,7,-1,1.0,0.0
11666,7,-1,1.0,0.0
11667,7,-1,1.0,0.0
11668,7,-1,1.0,0.0
11669,7,-1,1.0,0.0
11670,7,-1,1.0,0.0
11671,7,-1,1.0,0.0
11672,7,-1,1.0,0.0
11673,7,-1,1.0,0.0
11674,7,-1,1.0,0.0
11675,7,-1,1.0,0.0
11676,7,-1,1.0,0.0
11677,7,-1,1.0,0.0
11678,7,-1,1.0,0.0
11679,7,-1,1.0,0.0
11680,7,-1,1.0,0.0
11681,7,-1,1.0,0.0
11682,7,-1,1.0,0.0
11683,7,-1,1.0,0.0
11684,7,-1,1.0,0.0
11685,7,-1,1.0,0.0
11686,7,-1,1.0,0.0
11687,7,-1,1.0,0.0
11688,7,-1,1.0,0.0
11689,7,-1,1.0,0.0
11690,7,-1,1.0,0.0
11691,7,-1,1.0,0.0
11692,7,-1,1.0,0.0
11693,7,-1,1.0,0.0
11694,7,-1,1.0,0.0
11695,7,-1,1.0,0.0
11696,7,-1,1.0,0.0
11697,7,-1,1.0,0.0
11698,7,-1,1.0,0.0
11699,7,-1,1.0,0.0
11700,8,-1,1.0,0.0
11701,8,-1,1.0,0.0
11702,8,-1,1.0,0.0
11703,8,-1,1.0,0.0
11704,8,-1,1.0,0.0
11705,8,-1,1.0,0.0
11706,8,-1,1.0,0.0
11707,8,-1,1.0,0.0
11708,8,-1,1.0,0.0
11709,8,-1,1.0,0.0
11710,8,-1,1.0,0.0
11711,8,-1,1.0,0.0
11712,8,-1,1.0,0.0
11713,8,-1,1.0,0.0
11714,8,-1,1.0,0.0
11715,8,-1,1.0,0.0
11716,8,-1,1.0,0.0
11717,8,-1,1.0,0.0
11718,8,-1,1.0,0.0
11719,8,-1,1.0,0.0
11720,8,-1,1.0,0.0
11721,8,-1,1.0,0.0
11722,8,-1,1.0,0.0
11723,8,-1,1.0,0.0
11724,8,-1,1.0,0.0
11725,8,-1,1.0,0.0
11726,8,-1,1.0,0.0
11727,8,-1,1.0,0.0
11728,8,-1,1.0,0.0
11729,8,-1,1.0,0.0
11730,8,-1,1.0,0.0
11731,8,-1,1.0,0.0
11732,8,-1,1.0,0.0
11733,8,-1,1.0,0.0
11734,8,-1,1.0,0.0
11735,8,-1,1.0,0.0
11736,8,-1,1.0,0.0
11737,8,-1,1.0,0.0
11738,8,-1,1.0,0.0
11739,8,-1,1.0,0.0
11740,8,-1,1.0,0.0
11741,8,-1,1.0,0.0
11742,8,-1,1.0,0.0
11743,8,-1,1.0,0.0
11744,8,-1,1.0,0.0
11745,8,-1,1.0,0.0
11746,8,-1,1.0,0.0
11747,8,-1,1.0,0.0
11748,8,-1,1.0,0.0
11749,8,-1,1.0,0.0
11750,8,-1,1.0,0.0
11751,8,-1,1.0,0.0
11752,8,-1,1.0,0.0
11753,8,-1,1.0,0.0
11754,8,-1,1.0,0.0
11755,8,-1,1.0,0.0
11756,8,-1,1.0,0.0
11757,8,-1,1.0,0.0
11758,8,-1,1.0,0.0
11759,8,-1,1.0,0.0
11760,8,-1,1.0,0.0
11761,8,-1,1.0,0.0
11762,8,-1,1.0,0.0
11763,8,-1,1.0,0.0
11764,8,-1,1.0,0.0
11765,8,-1,1.0,0.0
11766,8,-1,1.0,0.0
11767,8,-1,1.0,0.0
11768,8,-1,1.0,0.0
11769,8,-1,1.0,0.0
11770,8,-1,1.0,0.0
11771,8,-1,1.0,0.0
11772,8,-1,1.0,0.0
11773,8,-1,1.0,0.0
11774,8,-1,1.0,0.0
11775,8,-1,1.0,0.0
11776,8,-1,1.0,0.0
11777,8,-1,1.0,0.0
11778,8,-1,1.0,0.0
11779,8,-1,1.0,0.0
11780,8,-1,1.0,0.0
11781,8,-1,1.0,0.0
11782,8,-1,1.0,0.0
11783,8,-1,1.0,0.0
11784,8,-1,1.0,0.0
11785,8,-1,1.0,0.0
11786,8,-1,1.0,0.0
11787,8,-1,1.0,0.0
11788,8,-1,1.0,0.0
11789,8,-1,1.0,0.0
11790,8,-1,1.0,0.0
11791,8,-1,1.0,0.0
11792,8,-1,1.0,0.0
11793,8,-1,1.0,0.0
11794,8,-1,1.0,0.0
11795,8,-1,1.0,0.0
11796,8,-1,1.0,0.0
11797,8,-1,1.0,0.0
11798,8,-1,1.0,0.0
11799,8,-1,1.0,0.0
11800,8,-1,1.0,0.0
11801,8,-1,1.0,0.0
11802,8,-1,1.0,0.0
11803,8,-1,1.0,0.0
11804,8,-1,1.0,0.0
11805,8,-1,1.0,0.0
11806,8,-1,1.0,0.0
11807,8,-1,1.0,0.0
11808,8,-1,1.0,0.0
11809,8,-1,1.0,0.0
11810,8,-1,1.0,0.0
11811,8,-1,1.0,0.0
11812,8,-1,1.0,0.0
11813,8,-1,1.0,0.0
11814,8,-1,1.0,0.0
11815,8,-1,1.0,0.0
11816,8,-1,1.0,0.0
11817,8,-1,1.0,0.0
11818,8,-1,1.0,0.0
11819,8,-1,1.0,0.0
11820,8,-1,1.0,0.0
11821,8,-1,1.0,0.0
11822,8,-1,1.0,0.0
11823,8,-1,1.0,0.0
11824,8,-1,1.0,0.0
11825,8,-1,1.0,0.0
11826,8,-1,1.0,0.0
11827,8,-1,1.0,0.0
11828,8,-1,1.0,0.0
11829,8,-1,1.0,0.0
11830,8,-1,1.0,0.0
11831,8,-1,1.0,0.0
11832,8,-1,1.0,0.0
11833,8,-1,1.0,0.0
11834,8,-1,1.0,0.0
11835,8,-1,1.0,0.0
11836,8,-1,1.0,0.0
11837,8,-1,1.0,0.0
11838,8,-1,1.0,0.0
11839,8,-1,1.0,0.0
11840,8,-1,1.0,0.0
11841,8,-1,1.0,0.0
11842,8,-1,1.0,0.0
11843,8,-1,1.0,0.0
11844,8,-1,1.0,0.0
11845,8,-1,1.0,0.0
11846,8,-1,1.0,0.0
11847,8,-1,1.0,0.0
11848,8,-1,1.0,0.0
11849,8,-1,1.0,0.0
11850,9,-1,1.0,0.0
11851,9,-1,1.0,0.0
11852,9,-1,1.0,0.0
11853,9,-1,1.0,0.0
11854,9,-1,1.0,0.0
11855,9,-1,1.0,0.0
11856,9,-1,1.0,0.0
11857,9,-1,1.0,0.0
11858,9,-1,1.0,0.0
11859,9,-1,1.0,0.0
11860,9,-1,1.0,0.0
11861,9,-1,1.0,0.0
11862,9,-1,1.0,0.0
11863,9,-1,1.0,0.0
11864,9,-1,1.0,0.0
11865,9,-1,1.0,0.0
11866,9,-1,1.0,0.0
11867,9,-1,1.0,0.0
11868,9,-1,1.0,0.0
11869,9,-1,1.0,0.0
11870,9,-1,1.0,0.0
11871,9,-1,1.0,0.0
11872,9,-1,1.0,0.0
11873,9,-1,1.0,0.0
11874,9,-1,1.0,0.0
11875,9,-1,1.0,0.0
11876,9,-1,1.0,0.0
11877,9,-1,1.0,0.0
11878,9,-1,1.0,0.0
11879,9,-1,1.0,0.0
11880,9,-1,1.0,0.0
11881,9,-1,1.0,0.0
11882,9,-1,1.0,0.0
11883,9,-1,1.0,0.0
11884,9,-1,1.0,0.0
11885,9,-1,1.0,0.0
11886,9,-1,1.0,0.0
11887,9,-1,1.0,0.0
11888,9,-1,1.0,0.0
11889,9,-1,1.0,0.0
11890,9,-1,1.0,0.0
11891,9,-1,1.0,0.0
11892,9,-1,1.0,0.0
11893,9,-1,1.0,0.0
11894,9,-1,1.0,0.0
11895,9,-1,1.0,0.0
11896,9,-1,1.0,0.0
11897,9,-1,1.0,0.0
11898,9,-1,1.0,0.0
11899,9,-1,1.0,0.0
11900,9,-1,1.0,0.0
11901,9,-1,1.0,0.0
11902,9,-1,1.0,0.0
11903,9,-1,1.0,0.0
11904,9,-1,1.0,0.0
11905,9,-1,1.0,0.0
11906,9,-1,1.0,0.0
11907,9,-1,1.0,0.0
11908,9,-1,1.0,0.0
11909,9,-1,1.0,0.0
11910,9,-1,1.0,0.0
11911,9,-1,1.0,0.0
11912,9,-1,1.0,0.0
11913,9,-1,1.0,0.0
11914,9,-1,1.0,0.0
11915,9,-1,1.0,0.0
11916,9,-1,1.0,0.0
11917,9,-1,1.0,0.0
11918,9,-1,1.0,0.0
11919,9,-1,1.0,0.0
11920,9,-1,1.0,0.0
11921,9,-1,1.0,0.0
11922,9,-1,1.0,0.0
11923,9,-1,1.0,0.0
11924,9,-1,1.0,0.0
11925,9,-1,1.0,0.0
11926,9,-1,1.0,0.0
11927,9,-1,1.0,0.0
11928,9,-1,1.0,0.0
11929,9,-1,1.0,0.0
11930,9,-1,1.0,0.0
11931,9,-1,1.0,0.0
11932,9,-1,1.0,0.0
11933,9,-1,1.0,0.0
11934,9,-1,1.0,0.0
11935,9,-1,1.0,0.0
11936,9,-1,1.0,0.0
11937,9,-1,1.0,0.0
11938,9,-1,1.0,0.0
11939,9,-1,1.0,0.0
11940,9,-1,1.0,0.0
11941,9,-1,1.0,0.0
11942,9,-1,1.0,0.0
11943,9,-1,1.0,0.0
11944,9,-1,1.0,0.0
11945,9,-1,1.0,0.0
11946,9,-1,1.0,0.0
11947,9,-1,1.0,0.0
11948,9,-1,1.0,0.0
11949,9,-1,1.0,0.0
11950,9,-1,1.0,0.0
11951,9,-1,1.0,0.0
11952,9,-1,1.0,0.0
11953,9,-1,1.0,0.0
11954,9,-1,1.0,0.0
11955,9,-1,1.0,0.0
11956,9,-1,1.0,0.0
11957,9,-1,1.0,0.0
11958,9,-1,1.0,0.0
11959,9,-1,1.0,0.0
11960,9,-1,1.0,0.0
11961,9,-1,1.0,0.0
11962,9,-1,1.0,0.0
11963,9,-1,1.0,0.0
11964,9,-1,1.0,0.0
11965,9,-1,1.0,0.0
11966,9,-1,1.0,0.0
11967,9,-1,1.0,0.0
11968,9,-1,1.0,0.0
11969,9,-1,1.0,0.0
11970,9,-1,1.0,0.0
11971,9,-1,1.0,0.0
11972,9,-1,1.0,0.0
11973,9,-1,1.0,0.0
11974,9,-1,1.0,0.0
11975,9,-1,1.0,0.0
11976,9,-1,1.0,0.0
11977,9,-1,1.0,0.0
11978,9,-1,1.0,0.0
11979,9,-1,1.0,0.0
11980,9,-1,1.0,0.0
11981,9,-1,1.0,0.0
11982,9,-1,1.0,0.0
11983,9,-1,1.0,0.0
11984,9,-1,1.0,0.0
11985,9,-1,1.0,0.0
11986,9,-1,1.0,0.0
11987,9,-1,1.0,0.0
11988,9,-1,1.0,0.0
11989,9,-1,1.0,0.0
11990,9,-1,1.0,0.0
11991,9,-1,1.0,0.0
11992,9,-1,1.0,0.0
11993,9,-1,1.0,0.0
11994,9,-1,1.0,0.0
11995,9,-1,1.0,0.0
11996,9,-1,1.0,0.0
11997,9,-1,1.0,0.0
11998,9,-1,1.0,0.0
11999,9,-1,1.0,0.0
12000,2,0,1.0,0.0
12001,2,0,1.0,0.0
12002,2,0,1.0,0.0
12003,2,0,1.0,0.0
12004,2,0,1.0,0.0
12005,2,0,1.0,0.0
12006,2,0,1.0,0.0
12007,2,0,1.0,0.0
12008,2,0,1.0,0.0
12009,2,0,1.0,0.0
12010,2,0,1.0,0.0
12011,2,0,1.0,0.0
12012,2,0,1.0,0.0
12013,2,0,1.0,0.0
12014,2,0,1.0,0.0
12015,2,0,1.0,0.0
12016,2,0,1.0,0.0
12017,2,0,1.0,0.0
12018,2,0,1.0,0.0
12019,2,0,1.0,0.0
12020,2,0,1.0,0.0
12021,2,0,1.0,0.0
12022,2,0,1.0,0.0
12023,2,0,1.0,0.0
12024,2,0,1.0,0.0
12025,2,0,1.0,0.0
12026,2,0,1.0,0.0
12027,2,0,1.0,0.0
12028,2,0,1.0,0.0
12029,2,0,1.0,0.0
12030,2,0,1.0,0.0
12031,2,0,1.0,0.0
12032,2,0,1.0,0.0
12033,2,0,1.0,0.0
12034,2,0,1.0,0.0
12035,2,0,1.0,0.0
12036,2,0,1.0,0.0
12037,2,0,1.0,0.0
12038,2,0,1.0,0.0
12039,2,0,1.0,0.0
12040,2,0,1.0,0.0
12041,2,0,1.0,0.0
12042,2,0,1.0,0.0
12043,2,0,1.0,0.0
12044,2,0,1.0,0.0
12045,2,0,1.0,0.0
12046,2,0,1.0,0.0
12047,2,0,1.0,0.0
12048,2,0,1.0,0.0
12049,2,0,1.0,0.0
12050,2,0,1.0,0.0
12051,2,0,1.0,0.0
12052,2,0,1.0,0.0
12053,2,0,1.0,0.0
12054,2,0,1.0,0.0
12055,2,0,1.0,0.0
12056,2,0,1.0,0.0
12057,2,0,1.0,0.0
12058,2,0,1.0,0.0
12059,2,0,1.0,0.0
12060,2,0,1.0,0.0
12061,2,0,1.0,0.0
12062,2,0,1.0,0.0
12063,2,0,1.0,0.0
12064,2,0,1.0,0.0
12065,2,0,1.0,0.0
12066,2,0,1.0,0.0
12067,2,0,1.0,0.0
12068,2,0,1.0,0.0
12069,2,0,1.0,0.0
12070,2,0,1.0,0.0
12071,2,0,1.0,0.0
12072,2,0,1.0,0.0
12073,2,0,1.0,0.0
12074,2,0,1.0,0.0
12075,2,0,1.0,0.0
12076,2,0,1.0,0.0
12077,2,0,1.0,0.0
12078,2,0,1.0,0.0
12079,2,0,1.0,0.0
12080,2,0,1.0,0.0
12081,2,0,1.0,0.0
12082,2,0,1.0,0.0
12083,2,0,1.0,0.0
12084,2,0,1.0,0.0
12085,2,0,1.0,0.0
12086,2,0,1.0,0.0
12087,2,0,1.0,0.0
12088,2,0,1.0,0.0
12089,2,0,1.0,0.0
12090,2,0,1.0,0.0
12091,2,0,1.0,0.0
12092,2,0,1.0,0.0
12093,2,0,1.0,0.0
12094,2,0,1.0,0.0
12095,2,0,1.0,0.0
12096,2,0,1.0,0.0
12097,2,0,1.0,0.0
12098,2,0,1.0,0.0
12099,2,0,1.0,0.0
12100,2,0,1.0,0.0
12101,2,0,1.0,0.0
12102,2,0,1.0,0.0
12103,2,0,1.0,0.0
12104,2,0,1.0,0.0
12105,2,0,1.0,0.0
12106,2,0,1.0,0.0
12107,2,0,1.0,0.0
12108,2,0,1.0,0.0
12109,2,0,1.0,0.0
12110,2,0,1.0,0.0
12111,2,0,1.0,0.0
12112,2,0,1.0,0.0
12113,2,0,1.0,0.0
12114,2,0,1.0,0.0
12115,2,0,1.0,0.0
12116,2,0,1.0,0.0
12117,2,0,1.0,0.0
12118,2,0,1.0,0.0
12119,2,0,1.0,0.0
12120,2,0,1.0,0.0
12121,2,0,1.0,0.0
12122,2,0,1.0,0.0
12123,2,0,1.0,0.0
12124,2,0,1.0,0.0
12125,2,0,1.0,0.0
12126,2,0,1.0,0.0
12127,2,0,1.0,0.0
12128,2,0,1.0,0.0
12129,2,0,1.0,0.0
12130,2,0,1.0,0.0
12131,2,0,1.0,0.0
12132,2,0,1.0,0.0
12133,2,0,1.0,0.0
12134,2,0,1.0,0.0
12135,2,0,1.0,0.0
12136,2,0,1.0,0.0
12137,2,0,1.0,0.0
12138,2,0,1.0,0.0
12139,2,0,1.0,0.0
12140,2,0,1.0,0.0
12141,2,0,1.0,0.0
12142,2,0,1.0,0.0
12143,2,0,1.0,0.0
12144,2,0,1.0,0.0
12145,2,0,1.0,0.0
12146,2,0,1.0,0.0
12147,2,0,1.0,0.0
12148,2,0,1.0,0.0
12149,2,0,1.0,0.0
12150,3,0,1.0,0.0
12151,3,0,1.0,0.0
12152,3,0,1.0,0.0
12153,3,0,1.0,0.0
12154,3,0,1.0,0.0
12155,3,0,1.0,0.0
12156,3,0,1.0,0.0
12157,3,0,1.0,0.0
12158,3,0,1.0,0.0
12159,3,0,1.0,0.0
12160,3,0,1.0,0.0
12161,3,0,1.0,0.0
12162,3,0,1.0,0.0
12163,3,0,1.0,0.0
12164,3,0,1.0,0.0
12165,3,0,1.0,0.0
12166,3,0,1.0,0.0
12167,3,0,1.0,0.0
12168,3,0,1.0,0.0
12169,3,0,1.0,0.0
12170,3,0,1.0,0.0
12171,3,0,1.0,0.0
12172,3,0,1.0,0.0
12173,3,0,1.0,0.0
12174,3,0,1.0,0.0
12175,3,0,1.0,0.0
12176,3,0,1.0,0.0
12177,3,0,1.0,0.0
12178,3,0,1.0,0.0
12179,3,0,1.0,0.0
12180,3,0,1.0,0.0
12181,3,0,1.0,0.0
12182,3,0,1.0,0.0
12183,3,0,1.0,0.0
12184,3,0,1.0,0.0
12185,3,0,1.0,0.0
12186,3,0,1.0,0.0
12187,3,0,1.0,0.0
12188,3,0,1.0,0.0
12189,3,0,1.0,0.0
12190,3,0,1.0,0.0
12191,3,0,1.0,0.0
12192,3,0,1.0,0.0
12193,3,0,1.0,0.0
12194,3,0,1.0,0.0
12195,3,0,1.0,0.0
12196,3,0,1.0,0.0
12197,3,0,1.0,0.0
12198,3,0,1.0,0.0
12199,3,0,1.0,0.0
12200,3,0,1.0,0.0
12201,3,0,1.0,0.0
12202,3,0,1.0,0.0
12203,3,0,1.0,0.0
12204,3,0,1.0,0.0
12205,3,0,1.0,0.0
12206,3,0,1.0,0.0
12207,3,0,1.0,0.0
12208,3,0,1.0,0.0
12209,3,0,1.0,0.0
12210,3,0,1.0,0.0
12211,3,0,1.0,0.0
12212,3,0,1.0,0.0
12213,3,0,1.0,0.0
12214,3,0,1.0,0.0
12215,3,0,1.0,0.0
12216,3,0,1.0,0.0
12217,3,0,1.0,0.0
12218,3,0,1.0,0.0
12219,3,0,1.0,0.0
12220,3,0,1.0,0.0
12221,3,0,1.0,0.0
12222,3,0,1.0,0.0
12223,3,0,1.0,0.0
12224,3,0,1.0,0.0
12225,3,0,1.0,0.0
12226,3,0,1.0,0.0
12227,3,0,1.0,0.0
12228,3,0,1.0,0.0
12229,3,0,1.0,0.0
12230,3,0,1.0,0.0
12231,3,0,1.0,0.0
12232,3,0,1.0,0.0
12233,3,0,1.0,0.0
12234,3,0,1.0,0.0
12235,3,0,1.0,0.0
12236,3,0,1.0,0.0
12237,3,0,1.0,0.0
12238,3,0,1.0,0.0
12239,3,0,1.0,0.0
12240,3,0,1.0,0.0
12241,3,0,1.0,0.0
12242,3,0,1.0,0.0
12243,3,0,1.0,0.0
12244,3,0,1.0,0.0
12245,3,0,1.0,0.0
12246,3,0,1.0,0.0
12247,3,0,1.0,0.0
12248,3,0,1.0,0.0
12249,3,0,1.0,0.0
12250,3,0,1.0,0.0
12251,3,0,1.0,0.0
12252,3,0,1.0,0.0
12253,3,0,1.0,0.0
12254,3,0,1.0,0.0
12255,3,0,1.0,0.0
12256,3,0,1.0,0.0
12257,3,0,1.0,0.0
12258,3,0,1.0,0.0
12259,3,0,1.0,0.0
12260,3,0,1.0,0.0
12261,3,0,1.0,0.0
12262,3,0,1.0,0.0
12263,3,0,1.0,0.0
12264,3,0,1.0,0.0
12265,3,0,1.0,0.0
12266,3,0,1.0,0.0
12267,3,0,1.0,0.0
12268,3,0,1.0,0.0
12269,3,0,1.0,0.0
12270,3,0,1.0,0.0
12271,3,0,1.0,0.0
12272,3,0,1.0,0.0
12273,3,0,1.0,0.0
12274,3,0,1.0,0.0
12275,3,0,1.0,0.0
12276,3,0,1.0,0.0
12277,3,0,1.0,0.0
12278,3,0,1.0,0.0
12279,3,0,1.0,0.0
12280,3,0,1.0,0.0
12281,3,0,1.0,0.0
12282,3,0,1.0,0.0
12283,3,0,1.0,0.0
12284,3,0,1.0,0.0
12285,3,0,1.0,0.0
12286,3,0,1.0,0.0
12287,3,0,1.0,0.0
12288,3,0,1.0,0.0
12289,3,0,1.0,0.0
12290,3,0,1.0,0.0
12291,3,0,1.0,0.0
12292,3,0,1.0,0.0
12293,3,0,1.0,0.0
12294,3,0,1.0,0.0
12295,3,0,1.0,0.0
12296,3,0,1.0,0.0
12297,3,0,1.0,0.0
12298,3,0,1.0,0.0
12299,3,0,1.0,0.0
12300,4,0,1.0,0.0
12301,4,0,1.0,0.0
12302,4,0,1.0,0.0
12303,4,0,1.0,0.0
12304,4,0,1.0,0.0
12305,4,0,1.0,0.0
12306,4,0,1.0,0.0
12307,4,0,1.0,0.0
12308,4,0,1.0,0.0
12309,4,0,1.0,0.0
12310,4,0,1.0,0.0
12311,4,0,1.0,0.0
12312,4,0,1.0,0.0
12313,4,0,1.0,0.0
12314,4,0,1.0,0.0
12315,4,0,1.0,0.0
12316,4,0,1.0,0.0
12317,4,0,1.0,0.0
12318,4,0,1.0,0.0
12319,4,0,1.0,0.0
12320,4,0,1.0,0.0
12321,4,0,1.0,0.0
12322,4,0,1.0,0.0
12323,4,0,1.0,0.0
12324,4,0,1.0,0.0
12325,4,0,1.0,0.0
12326,4,0,1.0,0.0
12327,4,0,1.0,0.0
12328,4,0,1.0,0.0
12329,4,0,1.0,0.0
12330,4,0,1.0,0.0
12331,4,0,1.0,0.0
12332,4,0,1.0,0.0
12333,4,0,1.0,0.0
12334,4,0,1.0,0.0
12335,4,0,1.0,0.0
12336,4,0,1.0,0.0
12337,4,0,1.0,0.0
12338,4,0,1.0,0.0
12339,4,0,1.0,0.0
12340,4,0,1.0,0.0
12341,4,0,1.0,0.0
12342,4,0,1.0,0.0
12343,4,0,1.0,0.0
12344,4,0,1.0,0.0
12345,4,0,1.0,0.0
12346,4,0,1.0,0.0
12347,4,0,1.0,0.0
12348,4,0,1.0,0.0
12349,4,0,1.0,0.0
12350,4,0,1.0,0.0
12351,4,0,1.0,0.0
12352,4,0,1.0,0.0
12353,4,0,1.0,0.0
12354,4,0,1.0,0.0
12355,4,0,1.0,0.0
12356,4,0,1.0,0.0
12357,4,0,1.0,0.0
12358,4,0,1.0,0.0
12359,4,0,1.0,0.0
12360,4,0,1.0,0.0
12361,4,0,1.0,0.0
12362,4,0,1.0,0.0
12363,4,0,1.0,0.0
12364,4,0,1.0,0.0
12365,4,0,1.0,0.0
12366,4,0,1.0,0.0
12367,4,0,1.0,0.0
12368,4,0,1.0,0.0
12369,4,0,1.0,0.0
12370,4,0,1.0,0.0
12371,4,0,1.0,0.0
12372,4,0,1.0,0.0
12373,4,0,1.0,0.0
12374,4,0,1.0,0.0
12375,4,0,1.0,0.0
12376,4,0,1.0,0.0
12377,4,0,1.0,0.0
12378,4,0,1.0,0.0
12379,4,0,1.0,0.0
12380,4,0,1.0,0.0
12381,4,0,1.0,0.0
12382,4,0,1.0,0.0
12383,4,0,1.0,0.0
12384,4,0,1.0,0.0
12385,4,0,1.0,0.0
12386,4,0,1.0,0.0
12387,4,0,1.0,0.0
12388,4,0,1.0,0.0
12389,4,0,1.0,0.0
12390,4,0,1.0,0.0
12391,4,0,1.0,0.0
12392,4,0,1.0,0.0
12393,4,0,1.0,0.0
12394,4,0,1.0,0.0
12395,4,0,1.0,0.0
12396,4,0,1.0,0.0
12397,4,0,1.0,0.0
12398,4,0,1.0,0.0
12399,4,0,1.0,0.0
12400,4,0,1.0,0.0
12401,4,0,1.0,0.0
12402,4,0,1.0,0.0
12403,4,0,1.0,0.0
12404,4,0,1.0,0.0
12405,4,0,1.0,0.0
12406,4,0,1.0,0.0
12407,4,0,1.0,0.0
12408,4,0,1.0,0.0
12409,4,0,1.0,0.0
12410,4,0,1.0,0.0
12411,4,0,1.0,0.0
12412,4,0,1.0,0.0
12413,4,0,1.0,0.0
12414,4,0,1.0,0.0
12415,4,0,1.0,0.0
12416,4,0,1.0,0.0
12417,4,0,1.0,0.0
12418,4,0,1.0,0.0
12419,4,0,1.0,0.0
12420,4,0,1.0,0.0
12421,4,0,1.0,0.0
12422,4,0,1.0,0.0
12423,4,0,1.0,0.0
12424,4,0,1.0,0.0
12425,4,0,1.0,0.0
12426,4,0,1.0,0.0
12427,4,0,1.0,0.0
12428,4,0,1.0,0.0
12429,4,0,1.0,0.0
12430,4,0,1.0,0.0
12431,4,0,1.0,0.0
12432,4,0,1.0,0.0
12433,4,0,1.0,0.0
12434,4,0,1.0,0.0
12435,4,0,1.0,0.0
12436,4,0,1.0,0.0
12437,4,0,1.0,0.0
12438,4,0,1.0,0.0
12439,4,0,1.0,0.0
12440,4,0,1.0,0.0
12441,4,0,1.0,0.0
12442,4,0,1.0,0.0
12443,4,0,1.0,0.0
12444,4,0,1.0,0.0
12445,4,0,1.0,0.0
12446,4,0,1.0,0.0
12447,4,0,1.0,0.0
12448,4,0,1.0,0.0
12449,4,0,1.0,0.0
12450,5,0,1.0,0.0
12451,5,0,1.0,0.0
12452,5,0,1.0,0.0
12453,5,0,1.0,0.0
12454,5,0,1.0,0.0
12455,5,0,1.0,0.0
12456,5,0,1.0,0.0
12457,5,0,1.0,0.0
12458,5,0,1.0,0.0
12459,5,0,1.0,0.0
12460,5,0,1.0,0.0
12461,5,0,1.0,0.0
12462,5,0,1.0,0.0
12463,5,0,1.0,0.0
12464,5,0,1.0,0.0
12465,5,0,1.0,0.0
12466,5,0,1.0,0.0
12467,5,0,1.0,0.0
12468,5,0,1.0,0.0
12469,5,0,1.0,0.0
12470,5,0,1.0,0.0
12471,5,0,1.0,0.0
12472,5,0,1.0,0.0
12473,5,0,1.0,0.0
12474,5,0,1.0,0.0
12475,5,0,1.0,0.0
12476,5,0,1.0,0.0
12477,5,0,1.0,0.0
12478,5,0,1.0,0.0
12479,5,0,1.0,0.0
12480,5,0,1.0,0.0
12481,5,0,1.0,0.0
12482,5,0,1.0,0.0
12483,5,0,1.0,0.0
12484,5,0,1.0,0.0
12485,5,0,1.0,0.0
12486,5,0,1.0,0.0
12487,5,0,1.0,0.0
12488,5,0,1.0,0.0
12489,5,0,1.0,0.0
12490,5,0,1.0,0.0
12491,5,0,1.0,0.0
12492,5,0,1.0,0.0
12493,5,0,1.0,0.0
12494,5,0,1.0,0.0
12495,5,0,1.0,0.0
12496,5,0,1.0,0.0
12497,5,0,1.0,0.0
12498,5,0,1.0,0.0
12499,5,0,1.0,0.0
12500,5,0,1.0,0.0
12501,5,0,1.0,0.0
12502,5,0,1.0,0.0
12503,5,0,1.0,0.0
12504,5,0,1.0,0.0
12505,5,0,1.0,0.0
12506,5,0,1.0,0.0
12507,5,0,1.0,0.0
12508,5,0,1.0,0.0
12509,5,0,1.0,0.0
12510,5,0,1.0,0.0
12511,5,0,1.0,0.0
12512,5,0,1.0,0.0
12513,5,0,1.0,0.0
12514,5,0,1.0,0.0
12515,5,0,1.0,0.0
12516,5,0,1.0,0.0
12517,5,0,1.0,0.0
12518,5,0,1.0,0.0
12519,5,0,1.0,0.0
12520,5,0,1.0,0.0
12521,5,0,1.0,0.0
12522,5,0,1.0,0.0
12523,5,0,1.0,0.0
12524,5,0,1.0,0.0
12525,5,0,1.0,0.0
12526,5,0,1.0,0.0
12527,5,0,1.0,0.0
12528,5,0,1.0,0.0
12529,5,0,1.0,0.0
12530,5,0,1.0,0.0
12531,5,0,1.0,0.0
12532,5,0,1.0,0.0
12533,5,0,1.0,0.0
12534,5,0,1.0,0.0
12535,5,0,1.0,0.0
12536,5,0,1.0,0.0
12537,5,0,1.0,0.0
12538,5,0,1.0,0.0
12539,5,0,1.0,0.0
12540,5,0,1.0,0.0
12541,5,0,1.0,0.0
12542,5,0,1.0,0.0
12543,5,0,1.0,0.0
12544,5,0,1.0,0.0
12545,5,0,1.0,0.0
12546,5,0,1.0,0.0
12547,5,0,1.0,0.0
12548,5,0,1.0,0.0
12549,5,0,1.0,0.0
12550,5,0,1.0,0.0
12551,5,0,1.0,0.0
12552,5,0,1.0,0.0
12553,5,0,1.0,0.0
12554,5,0,1.0,0.0
12555,5,0,1.0,0.0
12556,5,0,1.0,0.0
12557,5,0,1.0,0.0
12558,5,0,1.0,0.0
12559,5,0,1.0,0.0
12560,5,0,1.0,0.0
12561,5,0,1.0,0.0
12562,5,0,1.0,0.0
12563,5,0,1.0,0.0
12564,5,0,1.0,0.0
12565,5,0,1.0,0.0
12566,5,0,1.0,0.0
12567,5,0,1.0,0.0
12568,5,0,1.0,0.0
12569,5,0,1.0,0.0
12570,5,0,1.0,0.0
12571,5,0,1.0,0.0
12572,5,0,1.0,0.0
12573,5,0,1.0,0.0
12574,5,0,1.0,0.0
12575,5,0,1.0,0.0
12576,5,0,1.0,0.0
12577,5,0,1.0,0.0
12578,5,0,1.0,0.0
12579,5,0,1.0,0.0
12580,5,0,1.0,0.0
12581,5,0,1.0,0.0
12582,5,0,1.0,0.0
12583,5,0,1.0,0.0
12584,5,0,1.0,0.0
12585,5,0,1.0,0.0
12586,5,0,1.0,0.0
12587,5,0,1.0,0.0
12588,5,0,1.0,0.0
12589,5,0,1.0,0.0
12590,5,0,1.0,0.0
12591,5,0,1.0,0.0
12592,5,0,1.0,0.0
12593,5,0,1.0,0.0
12594,5,0,1.0,0.0
12595,5,0,1.0,0.0
12596,5,0,1.0,0.0
12597,5,0,1.0,0.0
12598,5,0,1.0,0.0
12599,5,0,1.0,0.0
12600,6,0,1.0,0.0
12601,6,0,1.0,0.0
12602,6,0,1.0,0.0
12603,6,0,1.0,0.0
12604,6,0,1.0,0.0
12605,6,0,1.0,0.0
12606,6,0,1.0,0.0
12607,6,0,1.0,0.0
12608,6,0,1.0,0.0
12609,6,0,1.0,0.0
12610,6,0,1.0,0.0
12611,6,0,1.0,0.0
12612,6,0,1.0,0.0
12613,6,0,1.0,0.0
12614,6,0,1.0,0.0
12615,6,0,1.0,0.0
12616,6,0,1.0,0.0
12617,6,0,1.0,0.0
12618,6,0,1.0,0.0
12619,6,0,1.0,0.0
12620,6,0,1.0,0.0
12621,6,0,1.0,0.0
12622,6,0,1.0,0.0
12623,6,0,1.0,0.0
12624,6,0,1.0,0.0
12625,6,0,1.0,0.0
12626,6,0,1.0,0.0
12627,6,0,1.0,0.0
12628,6,0,1.0,0.0
12629,6,0,1.0,0.0
12630,6,0,1.0,0.0
12631,6,0,1.0,0.0
12632,6,0,1.0,0.0
12633,6,0,1.0,0.0
12634,6,0,1.0,0.0
12635,6,0,1.0,0.0
12636,6,0,1.0,0.0
12637,6,0,1.0,0.0
12638,6,0,1.0,0.0
12639,6,0,1.0,0.0
12640,6,0,1.0,0.0
12641,6,0,1.0,0.0
12642,6,0,1.0,0.0
12643,6,0,1.0,0.0
12644,6,0,1.0,0.0
12645,6,0,1.0,0.0
12646,6,0,1.0,0.0
12647,6,0,1.0,0.0
12648,6,0,1.0,0.0
12649,6,0,1.0,0.0
12650,6,0,1.0,0.0
12651,6,0,1.0,0.0
12652,6,0,1.0,0.0
12653,6,0,1.0,0.0
12654,6,0,1.0,0.0
12655,6,0,1.0,0.0
12656,6,0,1.0,0.0
12657,6,0,1.0,0.0
12658,6,0,1.0,0.0
12659,6,0,1.0,0.0
12660,6,0,1.0,0.0
12661,6,0,1.0,0.0
12662,6,0,1.0,0.0
12663,6,0,1.0,0.0
12664,6,0,1.0,0.0
12665,6,0,1.0,0.0
12666,6,0,1.0,0.0
12667,6,0,1.0,0.0
12668,6,0,1.0,0.0
12669,6,0,1.0,0.0
12670,6,0,1.0,0.0
12671,6,0,1.0,0.0
12672,6,0,1.0,0.0
12673,6,0,1.0,0.0
12674,6,0,1.0,0.0
12675,6,0,1.0,0.0
12676,6,0,1.0,0.0
12677,6,0,1.0,0.0
12678,6,0,1.0,0.0
12679,6,0,1.0,0.0
12680,6,0,1.0,0.0
12681,6,0,1.0,0.0
12682,6,0,1.0,0.0
12683,6,0,1.0,0.0
12684,6,0,1.0,0.0
12685,6,0,1.0,0.0
12686,6,0,1.0,0.0
12687,6,0,1.0,0.0
12688,6,0,1.0,0.0
12689,6,0,1.0,0.0
12690,6,0,1.0,0.0
12691,6,0,1.0,0.0
12692,6,0,1.0,0.0
12693,6,0,1.0,0.0
12694,6,0,1.0,0.0
12695,6,0,1.0,0.0
12696,6,0,1.0,0.0
12697,6,0,1.0,0.0
12698,6,0,1.0,0.0
12699,6,0,1.0,0.0
12700,6,0,1.0,0.0
12701,6,0,1.0,0.0
12702,6,0,1.0,0.0
12703,6,0,1.0,0.0
12704,6,0,1.0,0.0
12705,6,0,1.0,0.0
12706,6,0,1.0,0.0
12707,6,0,1.0,0.0
12708,6,0,1.0,0.0
12709,6,0,1.0,0.0
12710,6,0,1.0,0.0
12711,6,0,1.0,0.0
12712,6,0,1.0,0.0
12713,6,0,1.0,0.0
12714,6,0,1.0,0.0
12715,6,0,1.0,0.0
12716,6,0,1.0,0.0
12717,6,0,1.0,0.0
12718,6,0,1.0,0.0
12719,6,0,1.0,0.0
12720,6,0,1.0,0.0
12721,6,0,1.0,0.0
12722,6,0,1.0,0.0
12723,6,0,1.0,0.0
12724,6,0,1.0,0.0
12725,6,0,1.0,0.0
12726,6,0,1.0,0.0
12727,6,0,1.0,0.0
12728,6,0,1.0,0.0
12729,6,0,1.0,0.0
12730,6,0,1.0,0.0
12731,6,0,1.0,0.0
12732,6,0,1.0,0.0
12733,6,0,1.0,0.0
12734,6,0,1.0,0.0
12735,6,0,1.0,0.0
12736,6,0,1.0,0.0
12737,6,0,1.0,0.0
12738,6,0,1.0,0.0
12739,6,0,1.0,0.0
12740,6,0,1.0,0.0
12741,6,0,1.0,0.0
12742,6,0,1.0,0.0
12743,6,0,1.0,0.0
12744,6,0,1.0,0.0
12745,6,0,1.0,0.0
12746,6,0,1.0,0.0
12747,6,0,1.0,0.0
12748,6,0,1.0,0.0
12749,6,0,1.0,0.0
12750,7,0,1.0,0.0
12751,7,0,1.0,0.0
12752,7,0,1.0,0.0
12753,7,0,1.0,0.0
12754,7,0,1.0,0.0
12755,7,0,1.0,0.0
12756,7,0,1.0,0.0
12757,7,0,1.0,0.0
12758,7,0,1.0,0.0
12759,7,0,1.0,0.0
12760,7,0,1.0,0.0
12761,7,0,1.0,0.0
12762,7,0,1.0,0.0
12763,7,0,1.0,0.0
12764,7,0,1.0,0.0
12765,7,0,1.0,0.0
12766,7,0,1.0,0.0
12767,7,0,1.0,0.0
12768,7,0,1.0,0.0
12769,7,0,1.0,0.0
12770,7,0,1.0,0.0
12771,7,0,1.0,0.0
12772,7,0,1.0,0.0
12773,7,0,1.0,0.0
12774,7,0,1.0,0.0
12775,7,0,1.0,0.0
12776,7,0,1.0,0.0
12777,7,0,1.0,0.0
12778,7,0,1.0,0.0
12779,7,0,1.0,0.0
12780,7,0,1.0,0.0
12781,7,0,1.0,0.0
12782,7,0,1.0,0.0
12783,7,0,1.0,0.0
12784,7,0,1.0,0.0
12785,7,0,1.0,0.0
12786,7,0,1.0,0.0
12787,7,0,1.0,0.0
12788,7,0,1.0,0.0
12789,7,0,1.0,0.0
12790,7,0,1.0,0.0
12791,7,0,1.0,0.0
12792,7,0,1.0,0.0
12793,7,0,1.0,0.0
12794,7,0,1.0,0.0
12795,7,0,1.0,0.0
12796,7,0,1.0,0.0
12797,7,0,1.0,0.0
12798,7,0,1.0,0.0
12799,7,0,1.0,0.0
12800,7,0,1.0,0.0
12801,7,0,1.0,0.0
12802,7,0,1.0,0.0
12803,7,0,1.0,0.0
12804,7,0,1.0,0.0
12805,7,0,1.0,0.0
12806,7,0,1.0,0.0
12807,7,0,1.0,0.0
12808,7,0,1.0,0.0
12809,7,0,1.0,0.0
12810,7,0,1.0,0.0
12811,7,0,1.0,0.0
12812,7,0,1.0,0.0
12813,7,0,1.0,0.0
12814,7,0,1.0,0.0
12815,7,0,1.0,0.0
12816,7,0,1.0,0.0
12817,7,0,1.0,0.0
12818,7,0,1.0,0.0
12819,7,0,1.0,0.0
12820,7,0,1.0,0.0
12821,7,0,1.0,0.0
12822,7,0,1.0,0.0
12823,7,0,1.0,0.0
12824,7,0,1.0,0.0
12825,7,0,1.0,0.0
12826,7,0,1.0,0.0
12827,7,0,1.0,0.0
12828,7,0,1.0,0.0
12829,7,0,1.0,0.0
12830,7,0,1.0,0.0
12831,7,0,1.0,0.0
12832,7,0,1.0,0.0
12833,7,0,1.0,0.0
12834,7,0,1.0,0.0
12835,7,0,1.0,0.0
12836,7,0,1.0,0.0
12837,7,0,1.0,0.0
12838,7,0,1.0,0.0
12839,7,0,1.0,0.0
12840,7,0,1.0,0.0
12841,7,0,1.0,0.0
12842,7,0,1.0,0.0
12843,7,0,1.0,0.0
12844,7,0,1.0,0.0
12845,7,0,1.0,0.0
12846,7,0,1.0,0.0
12847,7,0,1.0,0.0
12848,7,0,1.0,0.0
12849,7,0,1.0,0.0
12850,7,0,1.0,0.0
12851,7,0,1.0,0.0
12852,7,0,1.0,0.0
12853,7,0,1.0,0.0
12854,7,0,1.0,0.0
12855,7,0,1.0,0.0
12856,7,0,1.0,0.0
12857,7,0,1.0,0.0
12858,7,0,1.0,0.0
12859,7,0,1.0,0.0
12860,7,0,1.0,0.0
12861,7,0,1.0,0.0
12862,7,0,1.0,0.0
12863,7,0,1.0,0.0
12864,7,0,1.0,0.0
12865,7,0,1.0,0.0
12866,7,0,1.0,0.0
12867,7,0,1.0,0.0
12868,7,0,1.0,0.0
12869,7,0,1.0,0.0
12870,7,0,1.0,0.0
12871,7,0,1.0,0.0
12872,7,0,1.0,0.0
12873,7,0,1.0,0.0
12874,7,0,1.0,0.0
12875,7,0,1.0,0.0
12876,7,0,1.0,0.0
12877,7,0,1.0,0.0
12878,7,0,1.0,0.0
12879,7,0,1.0,0.0
12880,7,0,1.0,0.0
12881,7,0,1.0,0.0
12882,7,0,1.0,0.0
12883,7,0,1.0,0.0
12884,7,0,1.0,0.0
12885,7,0,1.0,0.0
12886,7,0,1.0,0.0
12887,7,0,1.0,0.0
12888,7,0,1.0,0.0
12889,7,0,1.0,0.0
12890,7,0,1.0,0.0
12891,7,0,1.0,0.0
12892,7,0,1.0,0.0
12893,7,0,1.0,0.0
12894,7,0,1.0,0.0
12895,7,0,1.0,0.0
12896,7,0,1.0,0.0
12897,7,0,1.0,0.0
12898,7,0,1.0,0.0
12899,7,0,1.0,0.0
12900,8,0,1.0,0.0
12901,8,0,1.0,0.0
12902,8,0,1.0,0.0
12903,8,0,1.0,0.0
12904,8,0,1.0,0.0
12905,8,0,1.0,0.0
12906,8,0,1.0,0.0
12907,8,0,1.0,0.0
12908,8,0,1.0,0.0
12909,8,0,1.0,0.0
12910,8,0,1.0,0.0
12911,8,0,1.0,0.0
12912,8,0,1.0,0.0
12913,8,0,1.0,0.0
12914,8,0,1.0,0.0
12915,8,0,1.0,0.0
12916,8,0,1.0,0.0
12917,8,0,1.0,0.0
12918,8,0,1.0,0.0
12919,8,0,1.0,0.0
12920,8,0,1.0,0.0
12921,8,0,1.0,0.0
12922,8,0,1.0,0.0
12923,8,0,1.0,0.0
12924,8,0,1.0,0.0
12925,8,0,1.0,0.0
12926,8,0,1.0,0.0
12927,8,0,1.0,0.0
12928,8,0,1.0,0.0
12929,8,0,1.0,0.0
12930,8,0,1.0,0.0
12931,8,0,1.0,0.0
12932,8,0,1.0,0.0
12933,8,0,1.0,0.0
12934,8,0,1.0,0.0
12935,8,0,1.0,0.0
12936,8,0,1.0,0.0
12937,8,0,1.0,0.0
12938,8,0,1.0,0.0
12939,8,0,1.0,0.0
12940,8,0,1.0,0.0
12941,8,0,1.0,0.0
12942,8,0,1.0,0.0
12943,8,0,1.0,0.0
12944,8,0,1.0,0.0
12945,8,0,1.0,0.0
12946,8,0,1.0,0.0
12947,8,0,1.0,0.0
12948,8,0,1.0,0.0
12949,8,0,1.0,0.0
12950,8,0,1.0,0.0
12951,8,0,1.0,0.0
12952,8,0,1.0,0.0
12953,8,0,1.0,0.0
12954,8,0,1.0,0.0
12955,8,0,1.0,0.0
12956,8,0,1.0,0.0
12957,8,0,1.0,0.0
12958,8,0,1.0,0.0
12959,8,0,1.0,0.0
12960,8,0,1.0,0.0
12961,8,0,1.0,0.0
12962,8,0,1.0,0.0
12963,8,0,1.0,0.0
12964,8,0,1.0,0.0
12965,8,0,1.0,0.0
12966,8,0,1.0,0.0
12967,8,0,1.0,0.0
12968,8,0,1.0,0.0
12969,8,0,1.0,0.0
12970,8,0,1.0,0.0
12971,8,0,1.0,0.0
12972,8,0,1.0,0.0
12973,8,0,1.0,0.0
12974,8,0,1.0,0.0
12975,8,0,1.0,0.0
12976,8,0,1.0,0.0
12977,8,0,1.0,0.0
12978,8,0,1.0,0.0
12979,8,0,1.0,0.0
12980,8,0,1.0,0.0
12981,8,0,1.0,0.0
12982,8,0,1.0,0.0
12983,8,0,1.0,0.0
12984,8,0,1.0,0.0
12985,8,0,1.0,0.0
12986,8,0,1.0,0.0
12987,8,0,1.0,0.0
12988,8,0,1.0,0.0
12989,8,0,1.0,0.0
12990,8,0,1.0,0.0
12991,8,0,1.0,0.0
12992,8,0,1.0,0.0
12993,8,0,1.0,0.0
12994,8,0,1.0,0.0
12995,8,0,1.0,0.0
12996,8,0,1.0,0.0
12997,8,0,1.0,0.0
12998,8,0,1.0,0.0
12999,8,0,1.0,0.0
13000,8,0,1.0,0.0
13001,8,0,1.0,0.0
13002,8,0,1.0,0.0
13003,8,0,1.0,0.0
13004,8,0,1.0,0.0
13005,8,0,1.0,0.0
13006,8,0,1.0,0.0
13007,8,0,1.0,0.0
13008,8,0,1.0,0.0
13009,8,0,1.0,0.0
13010,8,0,1.0,0.0
13011,8,0,1.0,0.0
13012,8,0,1.0,0.0
13013,8,0,1.0,0.0
13014,8,0,1.0,0.0
13015,8,0,1.0,0.0
13016,8,0,1.0,0.0
13017,8,0,1.0,0.0
13018,8,0,1.0,0.0
13019,8,0,1.0,0.0
13020,8,0,1.0,0.0
13021,8,0,1.0,0.0
13022,8,0,1.0,0.0
13023,8,0,1.0,0.0
13024,8,0,1.0,0.0
13025,8,0,1.0,0.0
13026,8,0,1.0,0.0
13027,8,0,1.0,0.0
13028,8,0,1.0,0.0
13029,8,0,1.0,0.0
13030,8,0,1.0,0.0
13031,8,0,1.0,0.0
13032,8,0,1.0,0.0
13033,8,0,1.0,0.0
13034,8,0,1.0,0.0
13035,8,0,1.0,0.0
13036,8,0,1.0,0.0
13037,8,0,1.0,0.0
13038,8,0,1.0,0.0
13039,8,0,1.0,0.0
13040,8,0,1.0,0.0
13041,8,0,1.0,0.0
13042,8,0,1.0,0.0
13043,8,0,1.0,0.0
13044,8,0,1.0,0.0
13045,8,0,1.0,0.0
13046,8,0,1.0,0.0
13047,8,0,1.0,0.0
13048,8,0,1.0,0.0
13049,8,0,1.0,0.0
13050,9,0,1.0,0.0
13051,9,0,1.0,0.0
13052,9,0,1.0,0.0
13053,9,0,1.0,0.0
13054,9,0,1.0,0.0
13055,9,0,1.0,0.0
13056,9,0,1.0,0.0
13057,9,0,1.0,0.0
13058,9,0,1.0,0.0
13059,9,0,1.0,0.0
13060,9,0,1.0,0.0
13061,9,0,1.0,0.0
13062,9,0,1.0,0.0
13063,9,0,1.0,0.0
13064,9,0,1.0,0.0
13065,9,0,1.0,0.0
13066,9,0,1.0,0.0
13067,9,0,1.0,0.0
13068,9,0,1.0,0.0
13069,9,0,1.0,0.0
13070,9,0,1.0,0.0
13071,9,0,1.0,0.0
13072,9,0,1.0,0.0
13073,9,0,1.0,0.0
13074,9,0,1.0,0.0
13075,9,0,1.0,0.0
13076,9,0,1.0,0.0
13077,9,0,1.0,0.0
13078,9,0,1.0,0.0
13079,9,0,1.0,0.0
13080,9,0,1.0,0.0
13081,9,0,1.0,0.0
13082,9,0,1.0,0.0
13083,9,0,1.0,0.0
13084,9,0,1.0,0.0
13085,9,0,1.0,0.0
13086,9,0,1.0,0.0
13087,9,0,1.0,0.0
13088,9,0,1.0,0.0
13089,9,0,1.0,0.0
13090,9,0,1.0,0.0
13091,9,0,1.0,0.0
13092,9,0,1.0,0.0
13093,9,0,1.0,0.0
13094,9,0,1.0,0.0
13095,9,0,1.0,0.0
13096,9,0,1.0,0.0
13097,9,0,1.0,0.0
13098,9,0,1.0,0.0
13099,9,0,1.0,0.0
13100,9,0,1.0,0.0
13101,9,0,1.0,0.0
13102,9,0,1.0,0.0
13103,9,0,1.0,0.0
13104,9,0,1.0,0.0
13105,9,0,1.0,0.0
13106,9,0,1.0,0.0
13107,9,0,1.0,0.0
13108,9,0,1.0,0.0
13109,9,0,1.0,0.0
13110,9,0,1.0,0.0
13111,9,0,1.0,0.0
13112,9,0,1.0,0.0
13113,9,0,1.0,0.0
13114,9,0,1.0,0.0
13115,9,0,1.0,0.0
13116,9,0,1.0,0.0
13117,9,0,1.0,0.0
13118,9,0,1.0,0.0
13119,9,0,1.0,0.0
13120,9,0,1.0,0.0
13121,9,0,1.0,0.0
13122,9,0,1.0,0.0
13123,9,0,1.0,0.0
13124,9,0,1.0,0.0
13125,9,0,1.0,0.0
13126,9,0,1.0,0.0
13127,9,0,1.0,0.0
13128,9,0,1.0,0.0
13129,9,0,1.0,0.0
13130,9,0,1.0,0.0
13131,9,0,1.0,0.0
13132,9,0,1.0,0.0
13133,9,0,1.0,0.0
13134,9,0,1.0,0.0
13135,9,0,1.0,0.0
13136,9,0,1.0,0.0
13137,9,0,1.0,0.0
13138,9,0,1.0,0.0
13139,9,0,1.0,0.0
13140,9,0,1.0,0.0
13141,9,0,1.0,0.0
13142,9,0,1.0,0.0
13143,9,0,1.0,0.0
13144,9,0,1.0,0.0
13145,9,0,1.0,0.0
13146,9,0,1.0,0.0
13147,9,0,1.0,0.0
13148,9,0,1.0,0.0
13149,9,0,1.0,0.0
13150,9,0,1.0,0.0
13151,9,0,1.0,0.0
13152,9,0,1.0,0.0
13153,9,0,1.0,0.0
13154,9,0,1.0,0.0
13155,9,0,1.0,0.0
13156,9,0,1.0,0.0
13157,9,0,1.0,0.0
13158,9,0,1.0,0.0
13159,9,0,1.0,0.0
13160,9,0,1.0,0.0
13161,9,0,1.0,0.0
13162,9,0,1.0,0.0
13163,9,0,1.0,0.0
13164,9,0,1.0,0.0
13165,9,0,1.0,0.0
13166,9,0,1.0,0.0
13167,9,0,1.0,0.0
13168,9,0,1.0,0.0
13169,9,0,1.0,0.0
13170,9,0,1.0,0.0
13171,9,0,1.0,0.0
13172,9,0,1.0,0.0
13173,9,0,1.0,0.0
13174,9,0,1.0,0.0
13175,9,0,1.0,0.0
13176,9,0,1.0,0.0
13177,9,0,1.0,0.0
13178,9,0,1.0,0.0
13179,9,0,1.0,0.0
13180,9,0,1.0,0.0
13181,9,0,1.0,0.0
13182,9,0,1.0,0.0
13183,9,0,1.0,0.0
13184,9,0,1.0,0.0
13185,9,0,1.0,0.0
13186,9,0,1.0,0.0
13187,9,0,1.0,0.0
13188,9,0,1.0,0.0
13189,9,0,1.0,0.0
13190,9,0,1.0,0.0
13191,9,0,1.0,0.0
13192,9,0,1.0,0.0
13193,9,0,1.0,0.0
13194,9,0,1.0,0.0
13195,9,0,1.0,0.0
13196,9,0,1.0,0.0
13197,9,0,1.0,0.0
13198,9,0,1.0,0.0
13199,9,0,1.0,0.0
13200,2,1,1.0,0.0
13201,2,1,1.0,0.0
13202,2,1,1.0,0.0
13203,2,1,1.0,0.0
13204,2,1,1.0,0.0
13205,2,1,1.0,0.0
13206,2,1,1.0,0.0
13207,2,1,1.0,0.0
13208,2,1,1.0,0.0
13209,2,1,1.0,0.0
13210,2,1,1.0,0.0
13211,2,1,1.0,0.0
13212,2,1,1.0,0.0
13213,2,1,1.0,0.0
13214,2,1,1.0,0.0
13215,2,1,1.0,0.0
13216,2,1,1.0,0.0
13217,2,1,1.0,0.0
13218,2,1,1.0,0.0
13219,2,1,1.0,0.0
13220,2,1,1.0,0.0
13221,2,1,1.0,0.0
13222,2,1,1.0,0.0
13223,2,1,1.0,0.0
13224,2,1,1.0,0.0
13225,2,1,1.0,0.0
13226,2,1,1.0,0.0
13227,2,1,1.0,0.0
13228,2,1,1.0,0.0
13229,2,1,1.0,0.0
13230,2,1,1.0,0.0
13231,2,1,1.0,0.0
13232,2,1,1.0,0.0
13233,2,1,1.0,0.0
13234,2,1,1.0,0.0
13235,2,1,1.0,0.0
13236,2,1,1.0,0.0
13237,2,1,1.0,0.0
13238,2,1,1.0,0.0
13239,2,1,1.0,0.0
13240,2,1,1.0,0.0
13241,2,1,1.0,0.0
13242,2,1,1.0,0.0
13243,2,1,1.0,0.0
13244,2,1,1.0,0.0
13245,2,1,1.0,0.0
13246,2,1,1.0,0.0
13247,2,1,1.0,0.0
13248,2,1,1.0,0.0
13249,2,1,1.0,0.0
13250,2,1,1.0,0.0
13251,2,1,1.0,0.0
13252,2,1,1.0,0.0
13253,2,1,1.0,0.0
13254,2,1,1.0,0.0
13255,2,1,1.0,0.0
13256,2,1,1.0,0.0
13257,2,1,1.0,0.0
13258,2,1,1.0,0.0
13259,2,1,1.0,0.0
13260,2,1,1.0,0.0
13261,2,1,1.0,0.0
13262,2,1,1.0,0.0
13263,2,1,1.0,0.0
13264,2,1,1.0,0.0
13265,2,1,1.0,0.0
13266,2,1,1.0,0.0
13267,2,1,1.0,0.0
13268,2,1,1.0,0.0
13269,2,1,1.0,0.0
13270,2,1,1.0,0.0
13271,2,1,1.0,0.0
13272,2,1,1.0,0.0
13273,2,1,1.0,0.0
13274,2,1,1.0,0.0
13275,2,1,1.0,0.0
13276,2,1,1.0,0.0
13277,2,1,1.0,0.0
13278,2,1,1.0,0.0
13279,2,1,1.0,0.0
13280,2,1,1.0,0.0
13281,2,1,1.0,0.0
13282,2,1,1.0,0.0
13283,2,1,1.0,0.0
13284,2,1,1.0,0.0
13285,2,1,1.0,0.0
13286,2,1,1.0,0.0
13287,2,1,1.0,0.0
13288,2,1,1.0,0.0
13289,2,1,1.0,0.0
13290,2,1,1.0,0.0
13291,2,1,1.0,0.0
13292,2,1,1.0,0.0
13293,2,1,1.0,0.0
13294,2,1,1.0,0.0
13295,2,1,1.0,0.0
13296,2,1,1.0,0.0
13297,2,1,1.0,0.0
13298,2,1,1.0,0.0
13299,2,1,1.0,0.0
13300,2,1,1.0,0.0
13301,2,1,1.0,0.0
13302,2,1,1.0,0.0
13303,2,1,1.0,0.0
13304,2,1,1.0,0.0
13305,2,1,1.0,0.0
13306,2,1,1.0,0.0
13307,2,1,1.0,0.0
13308,2,1,1.0,0.0
13309,2,1,1.0,0.0
13310,2,1,1.0,0.0
13311,2,1,1.0,0.0
13312,2,1,1.0,0.0
13313,2,1,1.0,0.0
13314,2,1,1.0,0.0
13315,2,1,1.0,0.0
13316,2,1,1.0,0.0
13317,2,1,1.0,0.0
13318,2,1,1.0,0.0
13319,2,1,1.0,0.0
13320,2,1,1.0,0.0
13321,2,1,1.0,0.0
13322,2,1,1.0,0.0
13323,2,1,1.0,0.0
13324,2,1,1.0,0.0
13325,2,1,1.0,0.0
13326,2,1,1.0,0.0
13327,2,1,1.0,0.0
13328,2,1,1.0,0.0
13329,2,1,1.0,0.0
13330,2,1,1.0,0.0
13331,2,1,1.0,0.0
13332,2,1,1.0,0.0
13333,2,1,1.0,0.0
13334,2,1,1.0,0.0
13335,2,1,1.0,0.0
13336,2,1,1.0,0.0
13337,2,1,1.0,0.0
13338,2,1,1.0,0.0
13339,2,1,1.0,0.0
13340,2,1,1.0,0.0
13341,2,1,1.0,0.0
13342,2,1,1.0,0.0
13343,2,1,1.0,0.0
13344,2,1,1.0,0.0
13345,2,1,1.0,0.0
13346,2,1,1.0,0.0
13347,2,1,1.0,0.0
13348,2,1,1.0,0.0
13349,2,1,1.0,0.0
13350,3,1,1.0,0.0
13351,3,1,1.0,0.0
13352,3,1,1.0,0.0
13353,3,1,1.0,0.0
13354,3,1,1.0,0.0
13355,3,1,1.0,0.0
13356,3,1,1.0,0.0
13357,3,1,1.0,0.0
13358,3,1,1.0,0.0
13359,3,1,1.0,0.0
13360,3,1,1.0,0.0
13361,3,1,1.0,0.0
13362,3,1,1.0,0.0
13363,3,1,1.0,0.0
13364,3,1,1.0,0.0
13365,3,1,1.0,0.0
13366,3,1,1.0,0.0
13367,3,1,1.0,0.0
13368,3,1,1.0,0.0
13369,3,1,1.0,0.0
13370,3,1,1.0,0.0
13371,3,1,1.0,0.0
13372,3,1,1.0,0.0
13373,3,1,1.0,0.0
13374,3,1,1.0,0.0
13375,3,1,1.0,0.0
13376,3,1,1.0,0.0
13377,3,1,1.0,0.0
13378,3,1,1.0,0.0
13379,3,1,1.0,0.0
13380,3,1,1.0,0.0
13381,3,1,1.0,0.0
13382,3,1,1.0,0.0
13383,3,1,1.0,0.0
13384,3,1,1.0,0.0
13385,3,1,1.0,0.0
13386,3,1,1.0,0.0
13387,3,1,1.0,0.0
13388,3,1,1.0,0.0
13389,3,1,1.0,0.0
13390,3,1,1.0,0.0
13391,3,1,1.0,0.0
13392,3,1,1.0,0.0
13393,3,1,1.0,0.0
13394,3,1,1.0,0.0
13395,3,1,1.0,0.0
13396,3,1,1.0,0.0
13397,3,1,1.0,0.0
13398,3,1,1.0,0.0
13399,3,1,1.0,0.0
13400,3,1,1.0,0.0
13401,3,1,1.0,0.0
13402,3,1,1.0,0.0
13403,3,1,1.0,0.0
13404,3,1,1.0,0.0
13405,3,1,1.0,0.0
13406,3,1,1.0,0.0
13407,3,1,1.0,0.0
13408,3,1,1.0,0.0
13409,3,1,1.0,0.0
13410,3,1,1.0,0.0
13411,3,1,1.0,0.0
13412,3,1,1.0,0.0
13413,3,1,1.0,0.0
13414,3,1,1.0,0.0
13415,3,1,1.0,0.0
13416,3,1,1.0,0.0
13417,3,1,1.0,0.0
13418,3,1,1.0,0.0
13419,3,1,1.0,0.0
13420,3,1,1.0,0.0
13421,3,1,1.0,0.0
13422,3,1,1.0,0.0
13423,3,1,1.0,0.0
13424,3,1,1.0,0.0
13425,3,1,1.0,0.0
13426,3,1,1.0,0.0
13427,3,1,1.0,0.0
13428,3,1,1.0,0.0
13429,3,1,1.0,0.0
13430,3,1,1.0,0.0
13431,3,1,1.0,0.0
13432,3,1,1.0,0.0
13433,3,1,1.0,0.0
13434,3,1,1.0,0.0
13435,3,1,1.0,0.0
13436,3,1,1.0,0.0
13437,3,1,1.0,0.0
13438,3,1,1.0,0.0
13439,3,1,1.0,0.0
13440,3,1,1.0,0.0
13441,3,1,1.0,0.0
13442,3,1,1.0,0.0
13443,3,1,1.0,0.0
13444,3,1,1.0,0.0
13445,3,1,1.0,0.0
13446,3,1,1.0,0.0
13447,3,1,1.0,0.0
13448,3,1,1.0,0.0
13449,3,1,1.0,0.0
13450,3,1,1.0,0.0
13451,3,1,1.0,0.0
13452,3,1,1.0,0.0
13453,3,1,1.0,0.0
13454,3,1,1.0,0.0
13455,3,1,1.0,0.0
13456,3,1,1.0,0.0
13457,3,1,1.0,0.0
13458,3,1,1.0,0.0
13459,3,1,1.0,0.0
13460,3,1,1.0,0.0
13461,3,1,1.0,0.0
13462,3,1,1.0,0.0
13463,3,1,1.0,0.0
13464,3,1,1.0,0.0
13465,3,1,1.0,0.0
13466,3,1,1.0,0.0
13467,3,1,1.0,0.0
13468,3,1,1.0,0.0
13469,3,1,1.0,0.0
13470,3,1,1.0,0.0
13471,3,1,1.0,0.0
13472,3,1,1.0,0.0
13473,3,1,1.0,0.0
13474,3,1,1.0,0.0
13475,3,1,1.0,0.0
13476,3,1,1.0,0.0
13477,3,1,1.0,0.0
13478,3,1,1.0,0.0
13479,3,1,1.0,0.0
13480,3,1,1.0,0.0
13481,3,1,1.0,0.0
13482,3,1,1.0,0.0
13483,3,1,1.0,0.0
13484,3,1,1.0,0.0
13485,3,1,1.0,0.0
13486,3,1,1.0,0.0
13487,3,1,1.0,0.0
13488,3,1,1.0,0.0
13489,3,1,1.0,0.0
13490,3,1,1.0,0.0
13491,3,1,1.0,0.0
13492,3,1,1.0,0.0
13493,3,1,1.0,0.0
13494,3,1,1.0,0.0
13495,3,1,1.0,0.0
13496,3,1,1.0,0.0
13497,3,1,1.0,0.0
13498,3,1,1.0,0.0
13499,3,1,1.0,0.0
13500,4,1,1.0,0.0
13501,4,1,1.0,0.0
13502,4,1,1.0,0.0
13503,4,1,1.0,0.0
13504,4,1,1.0,0.0
13505,4,1,1.0,0.0
13506,4,1,1.0,0.0
13507,4,1,1.0,0.0
13508,4,1,1.0,0.0
13509,4,1,1.0,0.0
13510,4,1,1.0,0.0
13511,4,1,1.0,0.0
13512,4,1,1.0,0.0
13513,4,1,1.0,0.0
13514,4,1,1.0,0.0
13515,4,1,1.0,0.0
13516,4,1,1.0,0.0
13517,4,1,1.0,0.0
13518,4,1,1.0,0.0
13519,4,1,1.0,0.0
13520,4,1,1.0,0.0
13521,4,1,1.0,0.0
13522,4,1,1.0,0.0
13523,4,1,1.0,0.0
13524,4,1,1.0,0.0
13525,4,1,1.0,0.0
13526,4,1,1.0,0.0
13527,4,1,1.0,0.0
13528,4,1,1.0,0.0
13529,4,1,1.0,0.0
13530,4,1,1.0,0.0
13531,4,1,1.0,0.0
13532,4,1,1.0,0.0
13533,4,1,1.0,0.0
13534,4,1,1.0,0.0
13535,4,1,1.0,0.0
13536,4,1,1.0,0.0
13537,4,1,1.0,0.0
13538,4,1,1.0,0.0
13539,4,1,1.0,0.0
13540,4,1,1.0,0.0
13541,4,1,1.0,0.0
13542,4,1,1.0,0.0
13543,4,1,1.0,0.0
13544,4,1,1.0,0.0
13545,4,1,1.0,0.0
13546,4,1,1.0,0.0
13547,4,1,1.0,0.0
13548,4,1,1.0,0.0
13549,4,1,1.0,0.0
13550,4,1,1.0,0.0
13551,4,1,1.0,0.0
13552,4,1,1.0,0.0
13553,4,1,1.0,0.0
13554,4,1,1.0,0.0
13555,4,1,1.0,0.0
13556,4,1,1.0,0.0
13557,4,1,1.0,0.0
13558,4,1,1.0,0.0
13559,4,1,1.0,0.0
13560,4,1,1.0,0.0
13561,4,1,1.0,0.0
13562,4,1,1.0,0.0
13563,4,1,1.0,0.0
13564,4,1,1.0,0.0
13565,4,1,1.0,0.0
13566,4,1,1.0,0.0
13567,4,1,1.0,0.0
13568,4,1,1.0,0.0
13569,4,1,1.0,0.0
13570,4,1,1.0,0.0
13571,4,1,1.0,0.0
13572,4,1,1.0,0.0
13573,4,1,1.0,0.0
13574,4,1,1.0,0.0
13575,4,1,1.0,0.0
13576,4,1,1.0,0.0
13577,4,1,1.0,0.0
13578,4,1,1.0,0.0
13579,4,1,1.0,0.0
13580,4,1,1.0,0.0
13581,4,1,1.0,0.0
13582,4,1,1.0,0.0
13583,4,1,1.0,0.0
13584,4,1,1.0,0.0
13585,4,1,1.0,0.0
13586,4,1,1.0,0.0
13587,4,1,1.0,0.0
13588,4,1,1.0,0.0
13589,4,1,1.0,0.0
13590,4,1,1.0,0.0
13591,4,1,1.0,0.0
13592,4,1,1.0,0.0
13593,4,1,1.0,0.0
13594,4,1,1.0,0.0
13595,4,1,1.0,0.0
13596,4,1,1.0,0.0
13597,4,1,1.0,0.0
13598,4,1,1.0,0.0
13599,4,1,1.0,0.0
13600,4,1,1.0,0.0
13601,4,1,1.0,0.0
13602,4,1,1.0,0.0
13603,4,1,1.0,0.0
13604,4,1,1.0,0.0
13605,4,1,1.0,0.0
13606,4,1,1.0,0.0
13607,4,1,1.0,0.0
13608,4,1,1.0,0.0
13609,4,1,1.0,0.0
13610,4,1,1.0,0.0
13611,4,1,1.0,0.0
13612,4,1,1.0,0.0
13613,4,1,1.0,0.0
13614,4,1,1.0,0.0
13615,4,1,1.0,0.0
13616,4,1,1.0,0.0
13617,4,1,1.0,0.0
13618,4,1,1.0,0.0
13619,4,1,1.0,0.0
13620,4,1,1.0,0.0
13621,4,1,1.0,0.0
13622,4,1,1.0,0.0
13623,4,1,1.0,0.0
13624,4,1,1.0,0.0
13625,4,1,1.0,0.0
13626,4,1,1.0,0.0
13627,4,1,1.0,0.0
13628,4,1,1.0,0.0
13629,4,1,1.0,0.0
13630,4,1,1.0,0.0
13631,4,1,1.0,0.0
13632,4,1,1.0,0.0
13633,4,1,1.0,0.0
13634,4,1,1.0,0.0
13635,4,1,1.0,0.0
13636,4,1,1.0,0.0
13637,4,1,1.0,0.0
13638,4,1,1.0,0.0
13639,4,1,1.0,0.0
13640,4,1,1.0,0.0
13641,4,1,1.0,0.0
13642,4,1,1.0,0.0
13643,4,1,1.0,0.0
13644,4,1,1.0,0.0
13645,4,1,1.0,0.0
13646,4,1,1.0,0.0
13647,4,1,1.0,0.0
13648,4,1,1.0,0.0
13649,4,1,1.0,0.0
13650,5,1,1.0,0.0
13651,5,1,1.0,0.0
13652,5,1,1.0,0.0
13653,5,1,1.0,0.0
13654,5,1,1.0,0.0
13655,5,1,1.0,0.0
13656,5,1,1.0,0.0
13657,5,1,1.0,0.0
13658,5,1,1.0,0.0
13659,5,1,1.0,0.0
13660,5,1,1.0,0.0
13661,5,1,1.0,0.0
13662,5,1,1.0,0.0
13663,5,1,1.0,0.0
13664,5,1,1.0,0.0
13665,5,1,1.0,0.0
13666,5,1,1.0,0.0
13667,5,1,1.0,0.0
13668,5,1,1.0,0.0
13669,5,1,1.0,0.0
13670,5,1,1.0,0.0
13671,5,1,1.0,0.0
13672,5,1,1.0,0.0
13673,5,1,1.0,0.0
13674,5,1,1.0,0.0
13675,5,1,1.0,0.0
13676,5,1,1.0,0.0
13677,5,1,1.0,0.0
13678,5,1,1.0,0.0
13679,5,1,1.0,0.0
13680,5,1,1.0,0.0
13681,5,1,1.0,0.0
13682,5,1,1.0,0.0
13683,5,1,1.0,0.0
13684,5,1,1.0,0.0
13685,5,1,1.0,0.0
13686,5,1,1.0,0.0
13687,5,1,1.0,0.0
13688,5,1,1.0,0.0
13689,5,1,1.0,0.0
13690,5,1,1.0,0.0
13691,5,1,1.0,0.0
13692,5,1,1.0,0.0
13693,5,1,1.0,0.0
13694,5,1,1.0,0.0
13695,5,1,1.0,0.0
13696,5,1,1.0,0.0
13697,5,1,1.0,0.0
13698,5,1,1.0,0.0
13699,5,1,1.0,0.0
13700,5,1,1.0,0.0
13701,5,1,1.0,0.0
13702,5,1,1.0,0.0
13703,5,1,1.0,0.0
13704,5,1,1.0,0.0
13705,5,1,1.0,0.0
13706,5,1,1.0,0.0
13707,5,1,1.0,0.0
13708,5,1,1.0,0.0
13709,5,1,1.0,0.0
13710,5,1,1.0,0.0
13711,5,1,1.0,0.0
13712,5,1,1.0,0.0
13713,5,1,1.0,0.0
13714,5,1,1.0,0.0
13715,5,1,1.0,0.0
13716,5,1,1.0,0.0
13717,5,1,1.0,0.0
13718,5,1,1.0,0.0
13719,5,1,1.0,0.0
13720,5,1,1.0,0.0
13721,5,1,1.0,0.0
13722,5,1,1.0,0.0
13723,5,1,1.0,0.0
13724,5,1,1.0,0.0
13725,5,1,1.0,0.0
13726,5,1,1.0,0.0
13727,5,1,1.0,0.0
13728,5,1,1.0,0.0
13729,5,1,1.0,0.0
13730,5,1,1.0,0.0
13731,5,1,1.0,0.0
13732,5,1,1.0,0.0
13733,5,1,1.0,0.0
13734,5,1,1.0,0.0
13735,5,1,1.0,0.0
13736,5,1,1.0,0.0
13737,5,1,1.0,0.0
13738,5,1,1.0,0.0
13739,5,1,1.0,0.0
13740,5,1,1.0,0.0
13741,5,1,1.0,0.0
13742,5,1,1.0,0.0
13743,5,1,1.0,0.0
13744,5,1,1.0,0.0
13745,5,1,1.0,0.0
13746,5,1,1.0,0.0
13747,5,1,1.0,0.0
13748,5,1,1.0,0.0
13749,5,1,1.0,0.0
13750,5,1,1.0,0.0
13751,5,1,1.0,0.0
13752,5,1,1.0,0.0
13753,5,1,1.0,0.0
13754,5,1,1.0,0.0
13755,5,1,1.0,0.0
13756,5,1,1.0,0.0
13757,5,1,1.0,0.0
13758,5,1,1.0,0.0
13759,5,1,1.0,0.0
13760,5,1,1.0,0.0
13761,5,1,1.0,0.0
13762,5,1,1.0,0.0
13763,5,1,1.0,0.0
13764,5,1,1.0,0.0
13765,5,1,1.0,0.0
13766,5,1,1.0,0.0
13767,5,1,1.0,0.0
13768,5,1,1.0,0.0
13769,5,1,1.0,0.0
13770,5,1,1.0,0.0
13771,5,1,1.0,0.0
13772,5,1,1.0,0.0
13773,5,1,1.0,0.0
13774,5,1,1.0,0.0
13775,5,1,1.0,0.0
13776,5,1,1.0,0.0
13777,5,1,1.0,0.0
13778,5,1,1.0,0.0
13779,5,1,1.0,0.0
13780,5,1,1.0,0.0
13781,5,1,1.0,0.0
13782,5,1,1.0,0.0
13783,5,1,1.0,0.0
13784,5,1,1.0,0.0
13785,5,1,1.0,0.0
13786,5,1,1.0,0.0
13787,5,1,1.0,0.0
13788,5,1,1.0,0.0
13789,5,1,1.0,0.0
13790,5,1,1.0,0.0
13791,5,1,1.0,0.0
13792,5,1,1.0,0.0
13793,5,1,1.0,0.0
13794,5,1,1.0,0.0
13795,5,1,1.0,0.0
13796,5,1,1.0,0.0
13797,5,1,1.0,0.0
13798,5,1,1.0,0.0
13799,5,1,1.0,0.0
13800,6,1,1.0,0.0
13801,6,1,1.0,0.0
13802,6,1,1.0,0.0
13803,6,1,1.0,0.0
13804,6,1,1.0,0.0
13805,6,1,1.0,0.0
13806,6,1,1.0,0.0
13807,6,1,1.0,0.0
13808,6,1,1.0,0.0
13809,6,1,1.0,0.0
13810,6,1,1.0,0.0
13811,6,1,1.0,0.0
13812,6,1,1.0,0.0
13813,6,1,1.0,0.0
13814,6,1,1.0,0.0
13815,6,1,1.0,0.0
13816,6,1,1.0,0.0
13817,6,1,1.0,0.0
13818,6,1,1.0,0.0
13819,6,1,1.0,0.0
13820,6,1,1.0,0.0
13821,6,1,1.0,0.0
13822,6,1,1.0,0.0
13823,6,1,1.0,0.0
13824,6,1,1.0,0.0
13825,6,1,1.0,0.0
13826,6,1,1.0,0.0
13827,6,1,1.0,0.0
13828,6,1,1.0,0.0
13829,6,1,1.0,0.0
13830,6,1,1.0,0.0
13831,6,1,1.0,0.0
13832,6,1,1.0,0.0
13833,6,1,1.0,0.0
13834,6,1,1.0,0.0
13835,6,1,1.0,0.0
13836,6,1,1.0,0.0
13837,6,1,1.0,0.0
13838,6,1,1.0,0.0
13839,6,1,1.0,0.0
13840,6,1,1.0,0.0
13841,6,1,1.0,0.0
13842,6,1,1.0,0.0
13843,6,1,1.0,0.0
13844,6,1,1.0,0.0
13845,6,1,1.0,0.0
13846,6,1,1.0,0.0
13847,6,1,1.0,0.0
13848,6,1,1.0,0.0
13849,6,1,1.0,0.0
13850,6,1,1.0,0.0
13851,6,1,1.0,0.0
13852,6,1,1.0,0.0
13853,6,1,1.0,0.0
13854,6,1,1.0,0.0
13855,6,1,1.0,0.0
13856,6,1,1.0,0.0
13857,6,1,1.0,0.0
13858,6,1,1.0,0.0
13859,6,1,1.0,0.0
13860,6,1,1.0,0.0
13861,6,1,1.0,0.0
13862,6,1,1.0,0.0
13863,6,1,1.0,0.0
13864,6,1,1.0,0.0
13865,6,1,1.0,0.0
13866,6,1,1.0,0.0
13867,6,1,1.0,0.0
13868,6,1,1.0,0.0
13869,6,1,1.0,0.0
13870,6,1,1.0,0.0
13871,6,1,1.0,0.0
13872,6,1,1.0,0.0
13873,6,1,1.0,0.0
13874,6,1,1.0,0.0
13875,6,1,1.0,0.0
13876,6,1,1.0,0.0
13877,6,1,1.0,0.0
13878,6,1,1.0,0.0
13879,6,1,1.0,0.0
13880,6,1,1.0,0.0
13881,6,1,1.0,0.0
13882,6,1,1.0,0.0
13883,6,1,1.0,0.0
13884,6,1,1.0,0.0
13885,6,1,1.0,0.0
13886,6,1,1.0,0.0
13887,6,1,1.0,0.0
13888,6,1,1.0,0.0
13889,6,1,1.0,0.0
13890,6,1,1.0,0.0
13891,6,1,1.0,0.0
13892,6,1,1.0,0.0
13893,6,1,1.0,0.0
13894,6,1,1.0,0.0
13895,6,1,1.0,0.0
13896,6,1,1.0,0.0
13897,6,1,1.0,0.0
13898,6,1,1.0,0.0
13899,6,1,1.0,0.0
13900,6,1,1.0,0.0
13901,6,1,1.0,0.0
13902,6,1,1.0,0.0
13903,6,1,1.0,0.0
13904,6,1,1.0,0.0
13905,6,1,1.0,0.0
13906,6,1,1.0,0.0
13907,6,1,1.0,0.0
13908,6,1,1.0,0.0
13909,6,1,1.0,0.0
13910,6,1,1.0,0.0
13911,6,1,1.0,0.0
13912,6,1,1.0,0.0
13913,6,1,1.0,0.0
13914,6,1,1.0,0.0
13915,6,1,1.0,0.0
13916,6,1,1.0,0.0
13917,6,1,1.0,0.0
13918,6,1,1.0,0.0
13919,6,1,1.0,0.0
13920,6,1,1.0,0.0
13921,6,1,1.0,0.0
13922,6,1,1.0,0.0
13923,6,1,1.0,0.0
13924,6,1,1.0,0.0
13925,6,1,1.0,0.0
13926,6,1,1.0,0.0
13927,6,1,1.0,0.0
13928,6,1,1.0,0.0
13929,6,1,1.0,0.0
13930,6,1,1.0,0.0
13931,6,1,1.0,0.0
13932,6,1,1.0,0.0
13933,6,1,1.0,0.0
13934,6,1,1.0,0.0
13935,6,1,1.0,0.0
13936,6,1,1.0,0.0
13937,6,1,1.0,0.0
13938,6,1,1.0,0.0
13939,6,1,1.0,0.0
13940,6,1,1.0,0.0
13941,6,1,1.0,0.0
13942,6,1,1.0,0.0
13943,6,1,1.0,0.0
13944,6,1,1.0,0.0
13945,6,1,1.0,0.0
13946,6,1,1.0,0.0
13947,6,1,1.0,0.0
13948,6,1,1.0,0.0
13949,6,1,1.0,0.0
13950,7,1,1.0,0.0
13951,7,1,1.0,0.0
13952,7,1,1.0,0.0
13953,7,1,1.0,0.0
13954,7,1,1.0,0.0
13955,7,1,1.0,0.0
13956,7,1,1.0,0.0
13957,7,1,1.0,0.0
13958,7,1,1.0,0.0
13959,7,1,1.0,0.0
13960,7,1,1.0,0.0
13961,7,1,1.0,0.0
13962,7,1,1.0,0.0
13963,7,1,1.0,0.0
13964,7,1,1.0,0.0
13965,7,1,1.0,0.0
13966,7,1,1.0,0.0
13967,7,1,1.0,0.0
13968,7,1,1.0,0.0
13969,7,1,1.0,0.0
13970,7,1,1.0,0.0
13971,7,1,1.0,0.0
13972,7,1,1.0,0.0
13973,7,1,1.0,0.0
13974,7,1,1.0,0.0
13975,7,1,1.0,0.0
13976,7,1,1.0,0.0
13977,7,1,1.0,0.0
13978,7,1,1.0,0.0
13979,7,1,1.0,0.0
13980,7,1,1.0,0.0
13981,7,1,1.0,0.0
13982,7,1,1.0,0.0
13983,7,1,1.0,0.0
13984,7,1,1.0,0.0
13985,7,1,1.0,0.0
13986,7,1,1.0,0.0
13987,7,1,1.0,0.0
13988,7,1,1.0,0.0
13989,7,1,1.0,0.0
13990,7,1,1.0,0.0
13991,7,1,1.0,0.0
13992,7,1,1.0,0.0
13993,7,1,1.0,0.0
13994,7,1,1.0,0.0
13995,7,1,1.0,0.0
13996,7,1,1.0,0.0
13997,7,1,1.0,0.0
13998,7,1,1.0,0.0
13999,7,1,1.0,0.0
14000,7,1,1.0,0.0
14001,7,1,1.0,0.0
14002,7,1,1.0,0.0
14003,7,1,1.0,0.0
14004,7,1,1.0,0.0
14005,7,1,1.0,0.0
14006,7,1,1.0,0.0
14007,7,1,1.0,0.0
14008,7,1,1.0,0.0
14009,7,1,1.0,0.0
14010,7,1,1.0,0.0
14011,7,1,1.0,0.0
14012,7,1,1.0,0.0
14013,7,1,1.0,0.0
14014,7,1,1.0,0.0
14015,7,1,1.0,0.0
14016,7,1,1.0,0.0
14017,7,1,1.0,0.0
14018,7,1,1.0,0.0
14019,7,1,1.0,0.0
14020,7,1,1.0,0.0
14021,7,1,1.0,0.0
14022,7,1,1.0,0.0
14023,7,1,1.0,0.0
14024,7,1,1.0,0.0
14025,7,1,1.0,0.0
14026,7,1,1.0,0.0
14027,7,1,1.0,0.0
14028,7,1,1.0,0.0
14029,7,1,1.0,0.0
14030,7,1,1.0,0.0
14031,7,1,1.0,0.0
14032,7,1,1.0,0.0
14033,7,1,1.0,0.0
14034,7,1,1.0,0.0
14035,7,1,1.0,0.0
14036,7,1,1.0,0.0
14037,7,1,1.0,0.0
14038,7,1,1.0,0.0
14039,7,1,1.0,0.0
14040,7,1,1.0,0.0
14041,7,1,1.0,0.0
14042,7,1,1.0,0.0
14043,7,1,1.0,0.0
14044,7,1,1.0,0.0
14045,7,1,1.0,0.0
14046,7,1,1.0,0.0
14047,7,1,1.0,0.0
14048,7,1,1.0,0.0
14049,7,1,1.0,0.0
14050,7,1,1.0,0.0
14051,7,1,1.0,0.0
14052,7,1,1.0,0.0
14053,7,1,1.0,0.0
14054,7,1,1.0,0.0
14055,7,1,1.0,0.0
14056,7,1,1.0,0.0
14057,7,1,1.0,0.0
14058,7,1,1.0,0.0
14059,7,1,1.0,0.0
14060,7,1,1.0,0.0
14061,7,1,1.0,0.0
14062,7,1,1.0,0.0
14063,7,1,1.0,0.0
14064,7,1,1.0,0.0
14065,7,1,1.0,0.0
14066,7,1,1.0,0.0
14067,7,1,1.0,0.0
14068,7,1,1.0,0.0
14069,7,1,1.0,0.0
14070,7,1,1.0,0.0
14071,7,1,1.0,0.0
14072,7,1,1.0,0.0
14073,7,1,1.0,0.0
14074,7,1,1.0,0.0
14075,7,1,1.0,0.0
14076,7,1,1.0,0.0
14077,7,1,1.0,0.0
14078,7,1,1.0,0.0
14079,7,1,1.0,0.0
14080,7,1,1.0,0.0
14081,7,1,1.0,0.0
14082,7,1,1.0,0.0
14083,7,1,1.0,0.0
14084,7,1,1.0,0.0
14085,7,1,1.0,0.0
14086,7,1,1.0,0.0
14087,7,1,1.0,0.0
14088,7,1,1.0,0.0
14089,7,1,1.0,0.0
14090,7,1,1.0,0.0
14091,7,1,1.0,0.0
14092,7,1,1.0,0.0
14093,7,1,1.0,0.0
14094,7,1,1.0,0.0
14095,7,1,1.0,0.0
14096,7,1,1.0,0.0
14097,7,1,1.0,0.0
14098,7,1,1.0,0.0
14099,7,1,1.0,0.0
14100,8,1,1.0,0.0
14101,8,1,1.0,0.0
14102,8,1,1.0,0.0
14103,8,1,1.0,0.0
14104,8,1,1.0,0.0
14105,8,1,1.0,0.0
14106,8,1,1.0,0.0
14107,8,1,1.0,0.0
14108,8,1,1.0,0.0
14109,8,1,1.0,0.0
14110,8,1,1.0,0.0
14111,8,1,1.0,0.0
14112,8,1,1.0,0.0
14113,8,1,1.0,0.0
14114,8,1,1.0,0.0
14115,8,1,1.0,0.0
14116,8,1,1.0,0.0
14117,8,1,1.0,0.0
14118,8,1,1.0,0.0
14119,8,1,1.0,0.0
14120,8,1,1.0,0.0
14121,8,1,1.0,0.0
14122,8,1,1.0,0.0
14123,8,1,1.0,0.0
14124,8,1,1.0,0.0
14125,8,1,1.0,0.0
14126,8,1,1.0,0.0
14127,8,1,1.0,0.0
14128,8,1,1.0,0.0
14129,8,1,1.0,0.0
14130,8,1,1.0,0.0
14131,8,1,1.0,0.0
14132,8,1,1.0,0.0
14133,8,1,1.0,0.0
14134,8,1,1.0,0.0
14135,8,1,1.0,0.0
14136,8,1,1.0,0.0
14137,8,1,1.0,0.0
14138,8,1,1.0,0.0
14139,8,1,1.0,0.0
14140,8,1,1.0,0.0
14141,8,1,1.0,0.0
14142,8,1,1.0,0.0
14143,8,1,1.0,0.0
14144,8,1,1.0,0.0
14145,8,1,1.0,0.0
14146,8,1,1.0,0.0
14147,8,1,1.0,0.0
14148,8,1,1.0,0.0
14149,8,1,1.0,0.0
14150,8,1,1.0,0.0
14151,8,1,1.0,0.0
14152,8,1,1.0,0.0
14153,8,1,1.0,0.0
14154,8,1,1.0,0.0
14155,8,1,1.0,0.0
14156,8,1,1.0,0.0
14157,8,1,1.0,0.0
14158,8,1,1.0,0.0
14159,8,1,1.0,0.0
14160,8,1,1.0,0.0
14161,8,1,1.0,0.0
14162,8,1,1.0,0.0
14163,8,1,1.0,0.0
14164,8,1,1.0,0.0
14165,8,1,1.0,0.0
14166,8,1,1.0,0.0
14167,8,1,1.0,0.0
14168,8,1,1.0,0.0
14169,8,1,1.0,0.0
14170,8,1,1.0,0.0
14171,8,1,1.0,0.0
14172,8,1,1.0,0.0
14173,8,1,1.0,0.0
14174,8,1,1.0,0.0
14175,8,1,1.0,0.0
14176,8,1,1.0,0.0
14177,8,1,1.0,0.0
14178,8,1,1.0,0.0
14179,8,1,1.0,0.0
14180,8,1,1.0,0.0
14181,8,1,1.0,0.0
14182,8,1,1.0,0.0
14183,8,1,1.0,0.0
14184,8,1,1.0,0.0
14185,8,1,1.0,0.0
14186,8,1,1.0,0.0
14187,8,1,1.0,0.0
14188,8,1,1.0,0.0
14189,8,1,1.0,0.0
14190,8,1,1.0,0.0
14191,8,1,1.0,0.0
14192,8,1,1.0,0.0
14193,8,1,1.0,0.0
14194,8,1,1.0,0.0
14195,8,1,1.0,0.0
14196,8,1,1.0,0.0
14197,8,1,1.0,0.0
14198,8,1,1.0,0.0
14199,8,1,1.0,0.0
14200,8,1,1.0,0.0
14201,8,1,1.0,0.0
14202,8,1,1.0,0.0
14203,8,1,1.0,0.0
14204,8,1,1.0,0.0
14205,8,1,1.0,0.0
14206,8,1,1.0,0.0
14207,8,1,1.0,0.0
14208,8,1,1.0,0.0
14209,8,1,1.0,0.0
14210,8,1,1.0,0.0
14211,8,1,1.0,0.0
14212,8,1,1.0,0.0
14213,8,1,1.0,0.0
14214,8,1,1.0,0.0
14215,8,1,1.0,0.0
14216,8,1,1.0,0.0
14217,8,1,1.0,0.0
14218,8,1,1.0,0.0
14219,8,1,1.0,0.0
14220,8,1,1.0,0.0
14221,8,1,1.0,0.0
14222,8,1,1.0,0.0
14223,8,1,1.0,0.0
14224,8,1,1.0,0.0
14225,8,1,1.0,0.0
14226,8,1,1.0,0.0
14227,8,1,1.0,0.0
14228,8,1,1.0,0.0
14229,8,1,1.0,0.0
14230,8,1,1.0,0.0
14231,8,1,1.0,0.0
14232,8,1,1.0,0.0
14233,8,1,1.0,0.0
14234,8,1,1.0,0.0
14235,8,1,1.0,0.0
14236,8,1,1.0,0.0
14237,8,1,1.0,0.0
14238,8,1,1.0,0.0
14239,8,1,1.0,0.0
14240,8,1,1.0,0.0
14241,8,1,1.0,0.0
14242,8,1,1.0,0.0
14243,8,1,1.0,0.0
14244,8,1,1.0,0.0
14245,8,1,1.0,0.0
14246,8,1,1.0,0.0
14247,8,1,1.0,0.0
14248,8,1,1.0,0.0
14249,8,1,1.0,0.0
14250,9,1,1.0,0.0
14251,9,1,1.0,0.0
14252,9,1,1.0,0.0
14253,9,1,1.0,0.0
14254,9,1,1.0,0.0
14255,9,1,1.0,0.0
14256,9,1,1.0,0.0
14257,9,1,1.0,0.0
14258,9,1,1.0,0.0
14259,9,1,1.0,0.0
14260,9,1,1.0,0.0
14261,9,1,1.0,0.0
14262,9,1,1.0,0.0
14263,9,1,1.0,0.0
14264,9,1,1.0,0.0
14265,9,1,1.0,0.0
14266,9,1,1.0,0.0
14267,9,1,1.0,0.0
14268,9,1,1.0,0.0
14269,9,1,1.0,0.0
14270,9,1,1.0,0.0
14271,9,1,1.0,0.0
14272,9,1,1.0,0.0
14273,9,1,1.0,0.0
14274,9,1,1.0,0.0
14275,9,1,1.0,0.0
14276,9,1,1.0,0.0
14277,9,1,1.0,0.0
14278,9,1,1.0,0.0
14279,9,1,1.0,0.0
14280,9,1,1.0,0.0
14281,9,1,1.0,0.0
14282,9,1,1.0,0.0
14283,9,1,1.0,0.0
14284,9,1,1.0,0.0
14285,9,1,1.0,0.0
14286,9,1,1.0,0.0
14287,9,1,1.0,0.0
14288,9,1,1.0,0.0
14289,9,1,1.0,0.0
14290,9,1,1.0,0.0
14291,9,1,1.0,0.0
14292,9,1,1.0,0.0
14293,9,1,1.0,0.0
14294,9,1,1.0,0.0
14295,9,1,1.0,0.0
14296,9,1,1.0,0.0
14297,9,1,1.0,0.0
14298,9,1,1.0,0.0
14299,9,1,1.0,0.0
14300,9,1,1.0,0.0
14301,9,1,1.0,0.0
14302,9,1,1.0,0.0
14303,9,1,1.0,0.0
14304,9,1,1.0,0.0
14305,9,1,1.0,0.0
14306,9,1,1.0,0.0
14307,9,1,1.0,0.0
14308,9,1,1.0,0.0
14309,9,1,1.0,0.0
14310,9,1,1.0,0.0
14311,9,1,1.0,0.0
14312,9,1,1.0,0.0
14313,9,1,1.0,0.0
14314,9,1,1.0,0.0
14315,9,1,1.0,0.0
14316,9,1,1.0,0.0
14317,9,1,1.0,0.0
14318,9,1,1.0,0.0
14319,9,1,1.0,0.0
14320,9,1,1.0,0.0
14321,9,1,1.0,0.0
14322,9,1,1.0,0.0
14323,9,1,1.0,0.0
14324,9,1,1.0,0.0
14325,9,1,1.0,0.0
14326,9,1,1.0,0.0
14327,9,1,1.0,0.0
14328,9,1,1.0,0.0
14329,9,1,1.0,0.0
14330,9,1,1.0,0.0
14331,9,1,1.0,0.0
14332,9,1,1.0,0.0
14333,9,1,1.0,0.0
14334,9,1,1.0,0.0
14335,9,1,1.0,0.0
14336,9,1,1.0,0.0
14337,9,1,1.0,0.0
14338,9,1,1.0,0.0
14339,9,1,1.0,0.0
14340,9,1,1.0,0.0
14341,9,1,1.0,0.0
14342,9,1,1.0,0.0
14343,9,1,1.0,0.0
14344,9,1,1.0,0.0
14345,9,1,1.0,0.0
14346,9,1,1.0,0.0
14347,9,1,1.0,0.0
14348,9,1,1.0,0.0
14349,9,1,1.0,0.0
14350,9,1,1.0,0.0
14351,9,1,1.0,0.0
14352,9,1,1.0,0.0
14353,9,1,1.0,0.0
14354,9,1,1.0,0.0
14355,9,1,1.0,0.0
14356,9,1,1.0,0.0
14357,9,1,1.0,0.0
14358,9,1,1.0,0.0
14359,9,1,1.0,0.0
14360,9,1,1.0,0.0
14361,9,1,1.0,0.0
14362,9,1,1.0,0.0
14363,9,1,1.0,0.0
14364,9,1,1.0,0.0
14365,9,1,1.0,0.0
14366,9,1,1.0,0.0
14367,9,1,1.0,0.0
14368,9,1,1.0,0.0
14369,9,1,1.0,0.0
14370,9,1,1.0,0.0
14371,9,1,1.0,0.0
14372,9,1,1.0,0.0
14373,9,1,1.0,0.0
14374,9,1,1.0,0.0
14375,9,1,1.0,0.0
14376,9,1,1.0,0.0
14377,9,1,1.0,0.0
14378,9,1,1.0,0.0
14379,9,1,1.0,0.0
14380,9,1,1.0,0.0
14381,9,1,1.0,0.0
14382,9,1,1.0,0.0
14383,9,1,1.0,0.0
14384,9,1,1.0,0.0
14385,9,1,1.0,0.0
14386,9,1,1.0,0.0
14387,9,1,1.0,0.0
14388,9,1,1.0,0.0
14389,9,1,1.0,0.0
14390,9,1,1.0,0.0
14391,9,1,1.0,0.0
14392,9,1,1.0,0.0
14393,9,1,1.0,0.0
14394,9,1,1.0,0.0
14395,9,1,1.0,0.0
14396,9,1,1.0,0.0
14397,9,1,1.0,0.0
14398,9,1,1.0,0.0
14399,9,1,1.0,0.0
14400,2,2,1.0,0.0
14401,2,2,1.0,0.0
14402,2,2,1.0,0.0
14403,2,2,1.0,0.0
14404,2,2,1.0,0.0
14405,2,2,1.0,0.0
14406,2,2,1.0,0.0
14407,2,2,1.0,0.0
14408,2,2,1.0,0.0
14409,2,2,1.0,0.0
14410,2,2,1.0,0.0
14411,2,2,1.0,0.0
14412,2,2,1.0,0.0
14413,2,2,1.0,0.0
14414,2,2,1.0,0.0
14415,2,2,1.0,0.0
14416,2,2,1.0,0.0
14417,2,2,1.0,0.0
14418,2,2,1.0,0.0
14419,2,2,1.0,0.0
14420,2,2,1.0,0.0
14421,2,2,1.0,0.0
14422,2,2,1.0,0.0
14423,2,2,1.0,0.0
14424,2,2,1.0,0.0
14425,2,2,1.0,0.0
14426,2,2,1.0,0.0
14427,2,2,1.0,0.0
14428,2,2,1.0,0.0
14429,2,2,1.0,0.0
14430,2,2,1.0,0.0
14431,2,2,1.0,0.0
14432,2,2,1.0,0.0
14433,2,2,1.0,0.0
14434,2,2,1.0,0.0
14435,2,2,1.0,0.0
14436,2,2,1.0,0.0
14437,2,2,1.0,0.0
14438,2,2,1.0,0.0
14439,2,2,1.0,0.0
14440,2,2,1.0,0.0
14441,2,2,1.0,0.0
14442,2,2,1.0,0.0
14443,2,2,1.0,0.0
14444,2,2,1.0,0.0
14445,2,2,1.0,0.0
14446,2,2,1.0,0.0
14447,2,2,1.0,0.0
14448,2,2,1.0,0.0
14449,2,2,1.0,0.0
14450,2,2,1.0,0.0
14451,2,2,1.0,0.0
14452,2,2,1.0,0.0
14453,2,2,1.0,0.0
14454,2,2,1.0,0.0
14455,2,2,1.0,0.0
14456,2,2,1.0,0.0
14457,2,2,1.0,0.0
14458,2,2,1.0,0.0
14459,2,2,1.0,0.0
14460,2,2,1.0,0.0
14461,2,2,1.0,0.0
14462,2,2,1.0,0.0
14463,2,2,1.0,0.0
14464,2,2,1.0,0.0
14465,2,2,1.0,0.0
14466,2,2,1.0,0.0
14467,2,2,1.0,0.0
14468,2,2,1.0,0.0
14469,2,2,1.0,0.0
14470,2,2,1.0,0.0
14471,2,2,1.0,0.0
14472,2,2,1.0,0.0
14473,2,2,1.0,0.0
14474,2,2,1.0,0.0
14475,2,2,1.0,0.0
14476,2,2,1.0,0.0
14477,2,2,1.0,0.0
14478,2,2,1.0,0.0
14479,2,2,1.0,0.0
14480,2,2,1.0,0.0
14481,2,2,1.0,0.0
14482,2,2,1.0,0.0
14483,2,2,1.0,0.0
14484,2,2,1.0,0.0
14485,2,2,1.0,0.0
14486,2,2,1.0,0.0
14487,2,2,1.0,0.0
14488,2,2,1.0,0.0
14489,2,2,1.0,0.0
14490,2,2,1.0,0.0
14491,2,2,1.0,0.0
14492,2,2,1.0,0.0
14493,2,2,1.0,0.0
14494,2,2,1.0,0.0
14495,2,2,1.0,0.0
14496,2,2,1.0,0.0
14497,2,2,1.0,0.0
14498,2,2,1.0,0.0
14499,2,2,1.0,0.0
14500,2,2,1.0,0.0
14501,2,2,1.0,0.0
14502,2,2,1.0,0.0
14503,2,2,1.0,0.0
14504,2,2,1.0,0.0
14505,2,2,1.0,0.0
14506,2,2,1.0,0.0
14507,2,2,1.0,0.0
14508,2,2,1.0,0.0
14509,2,2,1.0,0.0
14510,2,2,1.0,0.0
14511,2,2,1.0,0.0
14512,2,2,1.0,0.0
14513,2,2,1.0,0.0
14514,2,2,1.0,0.0
14515,2,2,1.0,0.0
14516,2,2,1.0,0.0
14517,2,2,1.0,0.0
14518,2,2,1.0,0.0
14519,2,2,1.0,0.0
14520,2,2,1.0,0.0
14521,2,2,1.0,0.0
14522,2,2,1.0,0.0
14523,2,2,1.0,0.0
14524,2,2,1.0,0.0
14525,2,2,1.0,0.0
14526,2,2,1.0,0.0
14527,2,2,1.0,0.0
14528,2,2,1.0,0.0
14529,2,2,1.0,0.0
14530,2,2,1.0,0.0
14531,2,2,1.0,0.0
14532,2,2,1.0,0.0
14533,2,2,1.0,0.0
14534,2,2,1.0,0.0
14535,2,2,1.0,0.0
14536,2,2,1.0,0.0
14537,2,2,1.0,0.0
14538,2,2,1.0,0.0
14539,2,2,1.0,0.0
14540,2,2,1.0,0.0
14541,2,2,1.0,0.0
14542,2,2,1.0,0.0
14543,2,2,1.0,0.0
14544,2,2,1.0,0.0
14545,2,2,1.0,0.0
14546,2,2,1.0,0.0
14547,2,2,1.0,0.0
14548,2,2,1.0,0.0
14549,2,2,1.0,0.0
14550,3,2,1.0,0.0
14551,3,2,1.0,0.0
14552,3,2,1.0,0.0
14553,3,2,1.0,0.0
14554,3,2,1.0,0.0
14555,3,2,1.0,0.0
14556,3,2,1.0,0.0
14557,3,2,1.0,0.0
14558,3,2,1.0,0.0
14559,3,2,1.0,0.0
14560,3,2,1.0,0.0
14561,3,2,1.0,0.0
14562,3,2,1.0,0.0
14563,3,2,1.0,0.0
14564,3,2,1.0,0.0
14565,3,2,1.0,0.0
14566,3,2,1.0,0.0
14567,3,2,1.0,0.0
14568,3,2,1.0,0.0
14569,3,2,1.0,0.0
14570,3,2,1.0,0.0
14571,3,2,1.0,0.0
14572,3,2,1.0,0.0
14573,3,2,1.0,0.0
14574,3,2,1.0,0.0
14575,3,2,1.0,0.0
14576,3,2,1.0,0.0
14577,3,2,1.0,0.0
14578,3,2,1.0,0.0
14579,3,2,1.0,0.0
14580,3,2,1.0,0.0
14581,3,2,1.0,0.0
14582,3,2,1.0,0.0
14583,3,2,1.0,0.0
14584,3,2,1.0,0.0
14585,3,2,1.0,0.0
14586,3,2,1.0,0.0
14587,3,2,1.0,0.0
14588,3,2,1.0,0.0
14589,3,2,1.0,0.0
14590,3,2,1.0,0.0
14591,3,2,1.0,0.0
14592,3,2,1.0,0.0
14593,3,2,1.0,0.0
14594,3,2,1.0,0.0
14595,3,2,1.0,0.0
14596,3,2,1.0,0.0
14597,3,2,1.0,0.0
14598,3,2,1.0,0.0
14599,3,2,1.0,0.0
14600,3,2,1.0,0.0
14601,3,2,1.0,0.0
14602,3,2,1.0,0.0
14603,3,2,1.0,0.0
14604,3,2,1.0,0.0
14605,3,2,1.0,0.0
14606,3,2,1.0,0.0
14607,3,2,1.0,0.0
14608,3,2,1.0,0.0
14609,3,2,1.0,0.0
14610,3,2,1.0,0.0
14611,3,2,1.0,0.0
14612,3,2,1.0,0.0
14613,3,2,1.0,0.0
14614,3,2,1.0,0.0
14615,3,2,1.0,0.0
14616,3,2,1.0,0.0
14617,3,2,1.0,0.0
14618,3,2,1.0,0.0
14619,3,2,1.0,0.0
14620,3,2,1.0,0.0
14621,3,2,1.0,0.0
14622,3,2,1.0,0.0
14623,3,2,1.0,0.0
14624,3,2,1.0,0.0
14625,3,2,1.0,0.0
14626,3,2,1.0,0.0
14627,3,2,1.0,0.0
14628,3,2,1.0,0.0
14629,3,2,1.0,0.0
14630,3,2,1.0,0.0
14631,3,2,1.0,0.0
14632,3,2,1.0,0.0
14633,3,2,1.0,0.0
14634,3,2,1.0,0.0
14635,3,2,1.0,0.0
14636,3,2,1.0,0.0
14637,3,2,1.0,0.0
14638,3,2,1.0,0.0
14639,3,2,1.0,0.0
14640,3,2,1.0,0.0
14641,3,2,1.0,0.0
14642,3,2,1.0,0.0
14643,3,2,1.0,0.0
14644,3,2,1.0,0.0
14645,3,2,1.0,0.0
14646,3,2,1.0,0.0
14647,3,2,1.0,0.0
14648,3,2,1.0,0.0
14649,3,2,1.0,0.0
14650,3,2,1.0,0.0
14651,3,2,1.0,0.0
14652,3,2,1.0,0.0
14653,3,2,1.0,0.0
14654,3,2,1.0,0.0
14655,3,2,1.0,0.0
14656,3,2,1.0,0.0
14657,3,2,1.0,0.0
14658,3,2,1.0,0.0
14659,3,2,1.0,0.0
14660,3,2,1.0,0.0
14661,3,2,1.0,0.0
14662,3,2,1.0,0.0
14663,3,2,1.0,0.0
14664,3,2,1.0,0.0
14665,3,2,1.0,0.0
14666,3,2,1.0,0.0
14667,3,2,1.0,0.0
14668,3,2,1.0,0.0
14669,3,2,1.0,0.0
14670,3,2,1.0,0.0
14671,3,2,1.0,0.0
14672,3,2,1.0,0.0
14673,3,2,1.0,0.0
14674,3,2,1.0,0.0
14675,3,2,1.0,0.0
14676,3,2,1.0,0.0
14677,3,2,1.0,0.0
14678,3,2,1.0,0.0
14679,3,2,1.0,0.0
14680,3,2,1.0,0.0
14681,3,2,1.0,0.0
14682,3,2,1.0,0.0
14683,3,2,1.0,0.0
14684,3,2,1.0,0.0
14685,3,2,1.0,0.0
14686,3,2,1.0,0.0
14687,3,2,1.0,0.0
14688,3,2,1.0,0.0
14689,3,2,1.0,0.0
14690,3,2,1.0,0.0
14691,3,2,1.0,0.0
14692,3,2,1.0,0.0
14693,3,2,1.0,0.0
14694,3,2,1.0,0.0
14695,3,2,1.0,0.0
14696,3,2,1.0,0.0
14697,3,2,1.0,0.0
14698,3,2,1.0,0.0
14699,3,2,1.0,0.0
14700,4,2,1.0,0.0
14701,4,2,1.0,0.0
14702,4,2,1.0,0.0
14703,4,2,1.0,0.0
14704,4,2,1.0,0.0
14705,4,2,1.0,0.0
14706,4,2,1.0,0.0
14707,4,2,1.0,0.0
14708,4,2,1.0,0.0
14709,4,2,1.0,0.0
14710,4,2,1.0,0.0
14711,4,2,1.0,0.0
14712,4,2,1.0,0.0
14713,4,2,1.0,0.0
14714,4,2,1.0,0.0
14715,4,2,1.0,0.0
14716,4,2,1.0,0.0
14717,4,2,1.0,0.0
14718,4,2,1.0,0.0
14719,4,2,1.0,0.0
14720,4,2,1.0,0.0
14721,4,2,1.0,0.0
14722,4,2,1.0,0.0
14723,4,2,1.0,0.0
14724,4,2,1.0,0.0
14725,4,2,1.0,0.0
14726,4,2,1.0,0.0
14727,4,2,1.0,0.0
14728,4,2,1.0,0.0
14729,4,2,1.0,0.0
14730,4,2,1.0,0.0
14731,4,2,1.0,0.0
14732,4,2,1.0,0.0
14733,4,2,1.0,0.0
14734,4,2,1.0,0.0
14735,4,2,1.0,0.0
14736,4,2,1.0,0.0
14737,4,2,1.0,0.0
14738,4,2,1.0,0.0
14739,4,2,1.0,0.0
14740,4,2,1.0,0.0
14741,4,2,1.0,0.0
14742,4,2,1.0,0.0
14743,4,2,1.0,0.0
14744,4,2,1.0,0.0
14745,4,2,1.0,0.0
14746,4,2,1.0,0.0
14747,4,2,1.0,0.0
14748,4,2,1.0,0.0
14749,4,2,1.0,0.0
14750,4,2,1.0,0.0
14751,4,2,1.0,0.0
14752,4,2,1.0,0.0
14753,4,2,1.0,0.0
14754,4,2,1.0,0.0
14755,4,2,1.0,0.0
14756,4,2,1.0,0.0
14757,4,2,1.0,0.0
14758,4,2,1.0,0.0
14759,4,2,1.0,0.0
14760,4,2,1.0,0.0
14761,4,2,1.0,0.0
14762,4,2,1.0,0.0
14763,4,2,1.0,0.0
14764,4,2,1.0,0.0
14765,4,2,1.0,0.0
14766,4,2,1.0,0.0
14767,4,2,1.0,0.0
14768,4,2,1.0,0.0
14769,4,2,1.0,0.0
14770,4,2,1.0,0.0
14771,4,2,1.0,0.0
14772,4,2,1.0,0.0
14773,4,2,1.0,0.0
14774,4,2,1.0,0.0
14775,4,2,1.0,0.0
14776,4,2,1.0,0.0
14777,4,2,1.0,0.0
14778,4,2,1.0,0.0
14779,4,2,1.0,0.0
14780,4,2,1.0,0.0
14781,4,2,1.0,0.0
14782,4,2,1.0,0.0
14783,4,2,1.0,0.0
14784,4,2,1.0,0.0
14785,4,2,1.0,0.0
14786,4,2,1.0,0.0
14787,4,2,1.0,0.0
14788,4,2,1.0,0.0
14789,4,2,1.0,0.0
14790,4,2,1.0,0.0
14791,4,2,1.0,0.0
14792,4,2,1.0,0.0
14793,4,2,1.0,0.0
14794,4,2,1.0,0.0
14795,4,2,1.0,0.0
14796,4,2,1.0,0.0
14797,4,2,1.0,0.0
14798,4,2,1.0,0.0
14799,4,2,1.0,0.0
14800,4,2,1.0,0.0
14801,4,2,1.0,0.0
14802,4,2,1.0,0.0
14803,4,2,1.0,0.0
14804,4,2,1.0,0.0
14805,4,2,1.0,0.0
14806,4,2,1.0,0.0
14807,4,2,1.0,0.0
14808,4,2,1.0,0.0
14809,4,2,1.0,0.0
14810,4,2,1.0,0.0
14811,4,2,1.0,0.0
14812,4,2,1.0,0.0
14813,4,2,1.0,0.0
14814,4,2,1.0,0.0
14815,4,2,1.0,0.0
14816,4,2,1.0,0.0
14817,4,2,1.0,0.0
14818,4,2,1.0,0.0
14819,4,2,1.0,0.0
14820,4,2,1.0,0.0
14821,4,2,1.0,0.0
14822,4,2,1.0,0.0
14823,4,2,1.0,0.0
14824,4,2,1.0,0.0
14825,4,2,1.0,0.0
14826,4,2,1.0,0.0
14827,4,2,1.0,0.0
14828,4,2,1.0,0.0
14829,4,2,1.0,0.0
14830,4,2,1.0,0.0
14831,4,2,1.0,0.0
14832,4,2,1.0,0.0
14833,4,2,1.0,0.0
14834,4,2,1.0,0.0
14835,4,2,1.0,0.0
14836,4,2,1.0,0.0
14837,4,2,1.0,0.0
14838,4,2,1.0,0.0
14839,4,2,1.0,0.0
14840,4,2,1.0,0.0
14841,4,2,1.0,0.0
14842,4,2,1.0,0.0
14843,4,2,1.0,0.0
14844,4,2,1.0,0.0
14845,4,2,1.0,0.0
14846,4,2,1.0,0.0
14847,4,2,1.0,0.0
14848,4,2,1.0,0.0
14849,4,2,1.0,0.0
14850,5,2,1.0,0.0
14851,5,2,1.0,0.0
14852,5,2,1.0,0.0
14853,5,2,1.0,0.0
14854,5,2,1.0,0.0
14855,5,2,1.0,0.0
14856,5,2,1.0,0.0
14857,5,2,1.0,0.0
14858,5,2,1.0,0.0
14859,5,2,1.0,0.0
14860,5,2,1.0,0.0
14861,5,2,1.0,0.0
14862,5,2,1.0,0.0
14863,5,2,1.0,0.0
14864,5,2,1.0,0.0
14865,5,2,1.0,0.0
14866,5,2,1.0,0.0
14867,5,2,1.0,0.0
14868,5,2,1.0,0.0
14869,5,2,1.0,0.0
14870,5,2,1.0,0.0
14871,5,2,1.0,0.0
14872,5,2,1.0,0.0
14873,5,2,1.0,0.0
14874,5,2,1.0,0.0
14875,5,2,1.0,0.0
14876,5,2,1.0,0.0
14877,5,2,1.0,0.0
14878,5,2,1.0,0.0
14879,5,2,1.0,0.0
14880,5,2,1.0,0.0
14881,5,2,1.0,0.0
14882,5,2,1.0,0.0
14883,5,2,1.0,0.0
14884,5,2,1.0,0.0
14885,5,2,1.0,0.0
14886,5,2,1.0,0.0
14887,5,2,1.0,0.0
14888,5,2,1.0,0.0
14889,5,2,1.0,0.0
14890,5,2,1.0,0.0
14891,5,2,1.0,0.0
14892,5,2,1.0,0.0
14893,5,2,1.0,0.0
14894,5,2,1.0,0.0
14895,5,2,1.0,0.0
14896,5,2,1.0,0.0
14897,5,2,1.0,0.0
14898,5,2,1.0,0.0
14899,5,2,1.0,0.0
14900,5,2,1.0,0.0
14901,5,2,1.0,0.0
14902,5,2,1.0,0.0
14903,5,2,1.0,0.0
14904,5,2,1.0,0.0
14905,5,2,1.0,0.0
14906,5,2,1.0,0.0
14907,5,2,1.0,0.0
14908,5,2,1.0,0.0
14909,5,2,1.0,0.0
14910,5,2,1.0,0.0
14911,5,2,1.0,0.0
14912,5,2,1.0,0.0
14913,5,2,1.0,0.0
14914,5,2,1.0,0.0
14915,5,2,1.0,0.0
14916,5,2,1.0,0.0
14917,5,2,1.0,0.0
14918,5,2,1.0,0.0
14919,5,2,1.0,0.0
14920,5,2,1.0,0.0
14921,5,2,1.0,0.0
14922,5,2,1.0,0.0
14923,5,2,1.0,0.0
14924,5,2,1.0,0.0
14925,5,2,1.0,0.0
14926,5,2,1.0,0.0
14927,5,2,1.0,0.0
14928,5,2,1.0,0.0
14929,5,2,1.0,0.0
14930,5,2,1.0,0.0
14931,5,2,1.0,0.0
14932,5,2,1.0,0.0
14933,5,2,1.0,0.0
14934,5,2,1.0,0.0
14935,5,2,1.0,0.0
14936,5,2,1.0,0.0
14937,5,2,1.0,0.0
14938,5,2,1.0,0.0
14939,5,2,1.0,0.0
14940,5,2,1.0,0.0
14941,5,2,1.0,0.0
14942,5,2,1.0,0.0
14943,5,2,1.0,0.0
14944,5,2,1.0,0.0
14945,5,2,1.0,0.0
14946,5,2,1.0,0.0
14947,5,2,1.0,0.0
14948,5,2,1.0,0.0
14949,5,2,1.0,0.0
14950,5,2,1.0,0.0
14951,5,2,1.0,0.0
14952,5,2,1.0,0.0
14953,5,2,1.0,0.0
14954,5,2,1.0,0.0
14955,5,2,1.0,0.0
14956,5,2,1.0,0.0
14957,5,2,1.0,0.0
14958,5,2,1.0,0.0
14959,5,2,1.0,0.0
14960,5,2,1.0,0.0
14961,5,2,1.0,0.0
14962,5,2,1.0,0.0
14963,5,2,1.0,0.0
14964,5,2,1.0,0.0
14965,5,2,1.0,0.0
14966,5,2,1.0,0.0
14967,5,2,1.0,0.0
14968,5,2,1.0,0.0
14969,5,2,1.0,0.0
14970,5,2,1.0,0.0
14971,5,2,1.0,0.0
14972,5,2,1.0,0.0
14973,5,2,1.0,0.0
14974,5,2,1.0,0.0
14975,5,2,1.0,0.0
14976,5,2,1.0,0.0
14977,5,2,1.0,0.0
14978,5,2,1.0,0.0
14979,5,2,1.0,0.0
14980,5,2,1.0,0.0
14981,5,2,1.0,0.0
14982,5,2,1.0,0.0
14983,5,2,1.0,0.0
14984,5,2,1.0,0.0
14985,5,2,1.0,0.0
14986,5,2,1.0,0.0
14987,5,2,1.0,0.0
14988,5,2,1.0,0.0
14989,5,2,1.0,0.0
14990,5,2,1.0,0.0
14991,5,2,1.0,0.0
14992,5,2,1.0,0.0
14993,5,2,1.0,0.0
14994,5,2,1.0,0.0
14995,5,2,1.0,0.0
14996,5,2,1.0,0.0
14997,5,2,1.0,0.0
14998,5,2,1.0,0.0
14999,5,2,1.0,0.0
15000,6,2,1.0,0.0
15001,6,2,1.0,0.0
15002,6,2,1.0,0.0
15003,6,2,1.0,0.0
15004,6,2,1.0,0.0
15005,6,2,1.0,0.0
15006,6,2,1.0,0.0
15007,6,2,1.0,0.0
15008,6,2,1.0,0.0
15009,6,2,1.0,0.0
15010,6,2,1.0,0.0
15011,6,2,1.0,0.0
15012,6,2,1.0,0.0
15013,6,2,1.0,0.0
15014,6,2,1.0,0.0
15015,6,2,1.0,0.0
15016,6,2,1.0,0.0
15017,6,2,1.0,0.0
15018,6,2,1.0,0.0
15019,6,2,1.0,0.0
15020,6,2,1.0,0.0
15021,6,2,1.0,0.0
15022,6,2,1.0,0.0
15023,6,2,1.0,0.0
15024,6,2,1.0,0.0
15025,6,2,1.0,0.0
15026,6,2,1.0,0.0
15027,6,2,1.0,0.0
15028,6,2,1.0,0.0
15029,6,2,1.0,0.0
15030,6,2,1.0,0.0
15031,6,2,1.0,0.0
15032,6,2,1.0,0.0
15033,6,2,1.0,0.0
15034,6,2,1.0,0.0
15035,6,2,1.0,0.0
15036,6,2,1.0,0.0
15037,6,2,1.0,0.0
15038,6,2,1.0,0.0
15039,6,2,1.0,0.0
15040,6,2,1.0,0.0
15041,6,2,1.0,0.0
15042,6,2,1.0,0.0
15043,6,2,1.0,0.0
15044,6,2,1.0,0.0
15045,6,2,1.0,0.0
15046,6,2,1.0,0.0
15047,6,2,1.0,0.0
15048,6,2,1.0,0.0
15049,6,2,1.0,0.0
15050,6,2,1.0,0.0
15051,6,2,1.0,0.0
15052,6,2,1.0,0.0
15053,6,2,1.0,0.0
15054,6,2,1.0,0.0
15055,6,2,1.0,0.0
15056,6,2,1.0,0.0
15057,6,2,1.0,0.0
15058,6,2,1.0,0.0
15059,6,2,1.0,0.0
15060,6,2,1.0,0.0
15061,6,2,1.0,0.0
15062,6,2,1.0,0.0
15063,6,2,1.0,0.0
15064,6,2,1.0,0.0
15065,6,2,1.0,0.0
15066,6,2,1.0,0.0
15067,6,2,1.0,0.0
15068,6,2,1.0,0.0
15069,6,2,1.0,0.0
15070,6,2,1.0,0.0
15071,6,2,1.0,0.0
15072,6,2,1.0,0.0
15073,6,2,1.0,0.0
15074,6,2,1.0,0.0
15075,6,2,1.0,0.0
15076,6,2,1.0,0.0
15077,6,2,1.0,0.0
15078,6,2,1.0,0.0
15079,6,2,1.0,0.0
15080,6,2,1.0,0.0
15081,6,2,1.0,0.0
15082,6,2,1.0,0.0
15083,6,2,1.0,0.0
15084,6,2,1.0,0.0
15085,6,2,1.0,0.0
15086,6,2,1.0,0.0
15087,6,2,1.0,0.0
15088,6,2,1.0,0.0
15089,6,2,1.0,0.0
15090,6,2,1.0,0.0
15091,6,2,1.0,0.0
15092,6,2,1.0,0.0
15093,6,2,1.0,0.0
15094,6,2,1.0,0.0
15095,6,2,1.0,0.0
15096,6,2,1.0,0.0
15097,6,2,1.0,0.0
15098,6,2,1.0,0.0
15099,6,2,1.0,0.0
15100,6,2,1.0,0.0
15101,6,2,1.0,0.0
15102,6,2,1.0,0.0
15103,6,2,1.0,0.0
15104,6,2,1.0,0.0
15105,6,2,1.0,0.0
15106,6,2,1.0,0.0
15107,6,2,1.0,0.0
15108,6,2,1.0,0.0
15109,6,2,1.0,0.0
15110,6,2,1.0,0.0
15111,6,2,1.0,0.0
15112,6,2,1.0,0.0
15113,6,2,1.0,0.0
15114,6,2,1.0,0.0
15115,6,2,1.0,0.0
15116,6,2,1.0,0.0
15117,6,2,1.0,0.0
15118,6,2,1.0,0.0
15119,6,2,1.0,0.0
15120,6,2,1.0,0.0
15121,6,2,1.0,0.0
15122,6,2,1.0,0.0
15123,6,2,1.0,0.0
15124,6,2,1.0,0.0
15125,6,2,1.0,0.0
15126,6,2,1.0,0.0
15127,6,2,1.0,0.0
15128,6,2,1.0,0.0
15129,6,2,1.0,0.0
15130,6,2,1.0,0.0
15131,6,2,1.0,0.0
15132,6,2,1.0,0.0
15133,6,2,1.0,0.0
15134,6,2,1.0,0.0
15135,6,2,1.0,0.0
15136,6,2,1.0,0.0
15137,6,2,1.0,0.0
15138,6,2,1.0,0.0
15139,6,2,1.0,0.0
15140,6,2,1.0,0.0
15141,6,2,1.0,0.0
15142,6,2,1.0,0.0
15143,6,2,1.0,0.0
15144,6,2,1.0,0.0
15145,6,2,1.0,0.0
15146,6,2,1.0,0.0
15147,6,2,1.0,0.0
15148,6,2,1.0,0.0
15149,6,2,1.0,0.0
15150,7,2,1.0,0.0
15151,7,2,1.0,0.0
15152,7,2,1.0,0.0
15153,7,2,1.0,0.0
15154,7,2,1.0,0.0
15155,7,2,1.0,0.0
15156,7,2,1.0,0.0
15157,7,2,1.0,0.0
15158,7,2,1.0,0.0
15159,7,2,1.0,0.0
15160,7,2,1.0,0.0
15161,7,2,1.0,0.0
15162,7,2,1.0,0.0
15163,7,2,1.0,0.0
15164,7,2,1.0,0.0
15165,7,2,1.0,0.0
15166,7,2,1.0,0.0
15167,7,2,1.0,0.0
15168,7,2,1.0,0.0
15169,7,2,1.0,0.0
15170,7,2,1.0,0.0
15171,7,2,1.0,0.0
15172,7,2,1.0,0.0
15173,7,2,1.0,0.0
15174,7,2,1.0,0.0
15175,7,2,1.0,0.0
15176,7,2,1.0,0.0
15177,7,2,1.0,0.0
15178,7,2,1.0,0.0
15179,7,2,1.0,0.0
15180,7,2,1.0,0.0
15181,7,2,1.0,0.0
15182,7,2,1.0,0.0
15183,7,2,1.0,0.0
15184,7,2,1.0,0.0
15185,7,2,1.0,0.0
15186,7,2,1.0,0.0
15187,7,2,1.0,0.0
15188,7,2,1.0,0.0
15189,7,2,1.0,0.0
15190,7,2,1.0,0.0
15191,7,2,1.0,0.0
15192,7,2,1.0,0.0
15193,7,2,1.0,0.0
15194,7,2,1.0,0.0
15195,7,2,1.0,0.0
15196,7,2,1.0,0.0
15197,7,2,1.0,0.0
15198,7,2,1.0,0.0
15199,7,2,1.0,0.0
15200,7,2,1.0,0.0
15201,7,2,1.0,0.0
15202,7,2,1.0,0.0
15203,7,2,1.0,0.0
15204,7,2,1.0,0.0
15205,7,2,1.0,0.0
15206,7,2,1.0,0.0
15207,7,2,1.0,0.0
15208,7,2,1.0,0.0
15209,7,2,1.0,0.0
15210,7,2,1.0,0.0
15211,7,2,1.0,0.0
15212,7,2,1.0,0.0
15213,7,2,1.0,0.0
15214,7,2,1.0,0.0
15215,7,2,1.0,0.0
15216,7,2,1.0,0.0
15217,7,2,1.0,0.0
15218,7,2,1.0,0.0
15219,7,2,1.0,0.0
15220,7,2,1.0,0.0
15221,7,2,1.0,0.0
15222,7,2,1.0,0.0
15223,7,2,1.0,0.0
15224,7,2,1.0,0.0
15225,7,2,1.0,0.0
15226,7,2,1.0,0.0
15227,7,2,1.0,0.0
15228,7,2,1.0,0.0
15229,7,2,1.0,0.0
15230,7,2,1.0,0.0
15231,7,2,1.0,0.0
15232,7,2,1.0,0.0
15233,7,2,1.0,0.0
15234,7,2,1.0,0.0
15235,7,2,1.0,0.0
15236,7,2,1.0,0.0
15237,7,2,1.0,0.0
15238,7,2,1.0,0.0
15239,7,2,1.0,0.0
15240,7,2,1.0,0.0
15241,7,2,1.0,0.0
15242,7,2,1.0,0.0
15243,7,2,1.0,0.0
15244,7,2,1.0,0.0
15245,7,2,1.0,0.0
15246,7,2,1.0,0.0
15247,7,2,1.0,0.0
15248,7,2,1.0,0.0
15249,7,2,1.0,0.0
15250,7,2,1.0,0.0
15251,7,2,1.0,0.0
15252,7,2,1.0,0.0
15253,7,2,1.0,0.0
15254,7,2,1.0,0.0
15255,7,2,1.0,0.0
15256,7,2,1.0,0.0
15257,7,2,1.0,0.0
15258,7,2,1.0,0.0
15259,7,2,1.0,0.0
15260,7,2,1.0,0.0
15261,7,2,1.0,0.0
15262,7,2,1.0,0.0
15263,7,2,1.0,0.0
15264,7,2,1.0,0.0
15265,7,2,1.0,0.0
15266,7,2,1.0,0.0
15267,7,2,1.0,0.0
15268,7,2,1.0,0.0
15269,7,2,1.0,0.0
15270,7,2,1.0,0.0
15271,7,2,1.0,0.0
15272,7,2,1.0,0.0
15273,7,2,1.0,0.0
15274,7,2,1.0,0.0
15275,7,2,1.0,0.0
15276,7,2,1.0,0.0
15277,7,2,1.0,0.0
15278,7,2,1.0,0.0
15279,7,2,1.0,0.0
15280,7,2,1.0,0.0
15281,7,2,1.0,0.0
15282,7,2,1.0,0.0
15283,7,2,1.0,0.0
15284,7,2,1.0,0.0
15285,7,2,1.0,0.0
15286,7,2,1.0,0.0
15287,7,2,1.0,0.0
15288,7,2,1.0,0.0
15289,7,2,1.0,0.0
15290,7,2,1.0,0.0
15291,7,2,1.0,0.0
15292,7,2,1.0,0.0
15293,7,2,1.0,0.0
15294,7,2,1.0,0.0
15295,7,2,1.0,0.0
15296,7,2,1.0,0.0
15297,7,2,1.0,0.0
15298,7,2,1.0,0.0
15299,7,2,1.0,0.0
15300,8,2,1.0,0.0
15301,8,2,1.0,0.0
15302,8,2,1.0,0.0
15303,8,2,1.0,0.0
15304,8,2,1.0,0.0
15305,8,2,1.0,0.0
15306,8,2,1.0,0.0
15307,8,2,1.0,0.0
15308,8,2,1.0,0.0
15309,8,2,1.0,0.0
15310,8,2,1.0,0.0
15311,8,2,1.0,0.0
15312,8,2,1.0,0.0
15313,8,2,1.0,0.0
15314,8,2,1.0,0.0
15315,8,2,1.0,0.0
15316,8,2,1.0,0.0
15317,8,2,1.0,0.0
15318,8,2,1.0,0.0
15319,8,2,1.0,0.0
15320,8,2,1.0,0.0
15321,8,2,1.0,0.0
15322,8,2,1.0,0.0
15323,8,2,1.0,0.0
15324,8,2,1.0,0.0
15325,8,2,1.0,0.0
15326,8,2,1.0,0.0
15327,8,2,1.0,0.0
15328,8,2,1.0,0.0
15329,8,2,1.0,0.0
15330,8,2,1.0,0.0
15331,8,2,1.0,0.0
15332,8,2,1.0,0.0
15333,8,2,1.0,0.0
15334,8,2,1.0,0.0
15335,8,2,1.0,0.0
15336,8,2,1.0,0.0
15337,8,2,1.0,0.0
15338,8,2,1.0,0.0
15339,8,2,1.0,0.0
15340,8,2,1.0,0.0
15341,8,2,1.0,0.0
15342,8,2,1.0,0.0
15343,8,2,1.0,0.0
15344,8,2,1.0,0.0
15345,8,2,1.0,0.0
15346,8,2,1.0,0.0
15347,8,2,1.0,0.0
15348,8,2,1.0,0.0
15349,8,2,1.0,0.0
15350,8,2,1.0,0.0
15351,8,2,1.0,0.0
15352,8,2,1.0,0.0
15353,8,2,1.0,0.0
15354,8,2,1.0,0.0
15355,8,2,1.0,0.0
15356,8,2,1.0,0.0
15357,8,2,1.0,0.0
15358,8,2,1.0,0.0
15359,8,2,1.0,0.0
15360,8,2,1.0,0.0
15361,8,2,1.0,0.0
15362,8,2,1.0,0.0
15363,8,2,1.0,0.0
15364,8,2,1.0,0.0
15365,8,2,1.0,0.0
15366,8,2,1.0,0.0
15367,8,2,1.0,0.0
15368,8,2,1.0,0.0
15369,8,2,1.0,0.0
15370,8,2,1.0,0.0
15371,8,2,1.0,0.0
15372,8,2,1.0,0.0
15373,8,2,1.0,0.0
15374,8,2,1.0,0.0
15375,8,2,1.0,0.0
15376,8,2,1.0,0.0
15377,8,2,1.0,0.0
15378,8,2,1.0,0.0
15379,8,2,1.0,0.0
15380,8,2,1.0,0.0
15381,8,2,1.0,0.0
15382,8,2,1.0,0.0
15383,8,2,1.0,0.0
15384,8,2,1.0,0.0
15385,8,2,1.0,0.0
15386,8,2,1.0,0.0
15387,8,2,1.0,0.0
15388,8,2,1.0,0.0
15389,8,2,1.0,0.0
15390,8,2,1.0,0.0
15391,8,2,1.0,0.0
15392,8,2,1.0,0.0
15393,8,2,1.0,0.0
15394,8,2,1.0,0.0
15395,8,2,1.0,0.0
15396,8,2,1.0,0.0
15397,8,2,1.0,0.0
15398,8,2,1.0,0.0
15399,8,2,1.0,0.0
15400,8,2,1.0,0.0
15401,8,2,1.0,0.0
15402,8,2,1.0,0.0
15403,8,2,1.0,0.0
15404,8,2,1.0,0.0
15405,8,2,1.0,0.0
15406,8,2,1.0,0.0
15407,8,2,1.0,0.0
15408,8,2,1.0,0.0
15409,8,2,1.0,0.0
15410,8,2,1.0,0.0
15411,8,2,1.0,0.0
15412,8,2,1.0,0.0
15413,8,2,1.0,0.0
15414,8,2,1.0,0.0
15415,8,2,1.0,0.0
15416,8,2,1.0,0.0
15417,8,2,1.0,0.0
15418,8,2,1.0,0.0
15419,8,2,1.0,0.0
15420,8,2,1.0,0.0
15421,8,2,1.0,0.0
15422,8,2,1.0,0.0
15423,8,2,1.0,0.0
15424,8,2,1.0,0.0
15425,8,2,1.0,0.0
15426,8,2,1.0,0.0
15427,8,2,1.0,0.0
15428,8,2,1.0,0.0
15429,8,2,1.0,0.0
15430,8,2,1.0,0.0
15431,8,2,1.0,0.0
15432,8,2,1.0,0.0
15433,8,2,1.0,0.0
15434,8,2,1.0,0.0
15435,8,2,1.0,0.0
15436,8,2,1.0,0.0
15437,8,2,1.0,0.0
15438,8,2,1.0,0.0
15439,8,2,1.0,0.0
15440,8,2,1.0,0.0
15441,8,2,1.0,0.0
15442,8,2,1.0,0.0
15443,8,2,1.0,0.0
15444,8,2,1.0,0.0
15445,8,2,1.0,0.0
15446,8,2,1.0,0.0
15447,8,2,1.0,0.0
15448,8,2,1.0,0.0
15449,8,2,1.0,0.0
15450,9,2,1.0,0.0
15451,9,2,1.0,0.0
15452,9,2,1.0,0.0
15453,9,2,1.0,0.0
15454,9,2,1.0,0.0
15455,9,2,1.0,0.0
15456,9,2,1.0,0.0
15457,9,2,1.0,0.0
15458,9,2,1.0,0.0
15459,9,2,1.0,0.0
15460,9,2,1.0,0.0
15461,9,2,1.0,0.0
15462,9,2,1.0,0.0
15463,9,2,1.0,0.0
15464,9,2,1.0,0.0
15465,9,2,1.0,0.0
15466,9,2,1.0,0.0
15467,9,2,1.0,0.0
15468,9,2,1.0,0.0
15469,9,2,1.0,0.0
15470,9,2,1.0,0.0
15471,9,2,1.0,0.0
15472,9,2,1.0,0.0
15473,9,2,1.0,0.0
15474,9,2,1.0,0.0
15475,9,2,1.0,0.0
15476,9,2,1.0,0.0
15477,9,2,1.0,0.0
15478,9,2,1.0,0.0
15479,9,2,1.0,0.0
15480,9,2,1.0,0.0
15481,9,2,1.0,0.0
15482,9,2,1.0,0.0
15483,9,2,1.0,0.0
15484,9,2,1.0,0.0
15485,9,2,1.0,0.0
15486,9,2,1.0,0.0
15487,9,2,1.0,0.0
15488,9,2,1.0,0.0
15489,9,2,1.0,0.0
15490,9,2,1.0,0.0
15491,9,2,1.0,0.0
15492,9,2,1.0,0.0
15493,9,2,1.0,0.0
15494,9,2,1.0,0.0
15495,9,2,1.0,0.0
15496,9,2,1.0,0.0
15497,9,2,1.0,0.0
15498,9,2,1.0,0.0
15499,9,2,1.0,0.0
15500,9,2,1.0,0.0
15501,9,2,1.0,0.0
15502,9,2,1.0,0.0
15503,9,2,1.0,0.0
15504,9,2,1.0,0.0
15505,9,2,1.0,0.0
15506,9,2,1.0,0.0
15507,9,2,1.0,0.0
15508,9,2,1.0,0.0
15509,9,2,1.0,0.0
15510,9,2,1.0,0.0
15511,9,2,1.0,0.0
15512,9,2,1.0,0.0
15513,9,2,1.0,0.0
15514,9,2,1.0,0.0
15515,9,2,1.0,0.0
15516,9,2,1.0,0.0
15517,9,2,1.0,0.0
15518,9,2,1.0,0.0
15519,9,2,1.0,0.0
15520,9,2,1.0,0.0
15521,9,2,1.0,0.0
15522,9,2,1.0,0.0
15523,9,2,1.0,0.0
15524,9,2,1.0,0.0
15525,9,2,1.0,0.0
15526,9,2,1.0,0.0
15527,9,2,1.0,0.0
15528,9,2,1.0,0.0
15529,9,2,1.0,0.0
15530,9,2,1.0,0.0
15531,9,2,1.0,0.0
15532,9,2,1.0,0.0
15533,9,2,1.0,0.0
15534,9,2,1.0,0.0
15535,9,2,1.0,0.0
15536,9,2,1.0,0.0
15537,9,2,1.0,0.0
15538,9,2,1.0,0.0
15539,9,2,1.0,0.0
15540,9,2,1.0,0.0
15541,9,2,1.0,0.0
15542,9,2,1.0,0.0
15543,9,2,1.0,0.0
15544,9,2,1.0,0.0
15545,9,2,1.0,0.0
15546,9,2,1.0,0.0
15547,9,2,1.0,0.0
15548,9,2,1.0,0.0
15549,9,2,1.0,0.0
15550,9,2,1.0,0.0
15551,9,2,1.0,0.0
15552,9,2,1.0,0.0
15553,9,2,1.0,0.0
15554,9,2,1.0,0.0
15555,9,2,1.0,0.0
15556,9,2,1.0,0.0
15557,9,2,1.0,0.0
15558,9,2,1.0,0.0
15559,9,2,1.0,0.0
15560,9,2,1.0,0.0
15561,9,2,1.0,0.0
15562,9,2,1.0,0.0
15563,9,2,1.0,0.0
15564,9,2,1.0,0.0
15565,9,2,1.0,0.0
15566,9,2,1.0,0.0
15567,9,2,1.0,0.0
15568,9,2,1.0,0.0
15569,9,2,1.0,0.0
15570,9,2,1.0,0.0
15571,9,2,1.0,0.0
15572,9,2,1.0,0.0
15573,9,2,1.0,0.0
15574,9,2,1.0,0.0
15575,9,2,1.0,0.0
15576,9,2,1.0,0.0
15577,9,2,1.0,0.0
15578,9,2,1.0,0.0
15579,9,2,1.0,0.0
15580,9,2,1.0,0.0
15581,9,2,1.0,0.0
15582,9,2,1.0,0.0
15583,9,2,1.0,0.0
15584,9,2,1.0,0.0
15585,9,2,1.0,0.0
15586,9,2,1.0,0.0
15587,9,2,1.0,0.0
15588,9,2,1.0,0.0
15589,9,2,1.0,0.0
15590,9,2,1.0,0.0
15591,9,2,1.0,0.0
15592,9,2,1.0,0.0
15593,9,2,1.0,0.0
15594,9,2,1.0,0.0
15595,9,2,1.0,0.0
15596,9,2,1.0,0.0
15597,9,2,1.0,0.0
15598,9,2,1.0,0.0
15599,9,2,1.0,0.0
15600,2,3,1.0,0.0
15601,2,3,1.0,0.0
15602,2,3,1.0,0.0
15603,2,3,1.0,0.0
15604,2,3,1.0,0.0
15605,2,3,1.0,0.0
15606,2,3,1.0,0.0
15607,2,3,1.0,0.0
15608,2,3,1.0,0.0
15609,2,3,1.0,0.0
15610,2,3,1.0,0.0
15611,2,3,1.0,0.0
15612,2,3,1.0,0.0
15613,2,3,1.0,0.0
15614,2,3,1.0,0.0
15615,2,3,1.0,0.0
15616,2,3,1.0,0.0
15617,2,3,1.0,0.0
15618,2,3,1.0,0.0
15619,2,3,1.0,0.0
15620,2,3,1.0,0.0
15621,2,3,1.0,0.0
15622,2,3,1.0,0.0
15623,2,3,1.0,0.0
15624,2,3,1.0,0.0
15625,2,3,1.0,0.0
15626,2,3,1.0,0.0
15627,2,3,1.0,0.0
15628,2,3,1.0,0.0
15629,2,3,1.0,0.0
15630,2,3,1.0,0.0
15631,2,3,1.0,0.0
15632,2,3,1.0,0.0
15633,2,3,1.0,0.0
15634,2,3,1.0,0.0
15635,2,3,1.0,0.0
15636,2,3,1.0,0.0
15637,2,3,1.0,0.0
15638,2,3,1.0,0.0
15639,2,3,1.0,0.0
15640,2,3,1.0,0.0
15641,2,3,1.0,0.0
15642,2,3,1.0,0.0
15643,2,3,1.0,0.0
15644,2,3,1.0,0.0
15645,2,3,1.0,0.0
15646,2,3,1.0,0.0
15647,2,3,1.0,0.0
15648,2,3,1.0,0.0
15649,2,3,1.0,0.0
15650,2,3,1.0,0.0
15651,2,3,1.0,0.0
15652,2,3,1.0,0.0
15653,2,3,1.0,0.0
15654,2,3,1.0,0.0
15655,2,3,1.0,0.0
15656,2,3,1.0,0.0
15657,2,3,1.0,0.0
15658,2,3,1.0,0.0
15659,2,3,1.0,0.0
15660,2,3,1.0,0.0
15661,2,3,1.0,0.0
15662,2,3,1.0,0.0
15663,2,3,1.0,0.0
15664,2,3,1.0,0.0
15665,2,3,1.0,0.0
15666,2,3,1.0,0.0
15667,2,3,1.0,0.0
15668,2,3,1.0,0.0
15669,2,3,1.0,0.0
15670,2,3,1.0,0.0
15671,2,3,1.0,0.0
15672,2,3,1.0,0.0
15673,2,3,1.0,0.0
15674,2,3,1.0,0.0
15675,2,3,1.0,0.0
15676,2,3,1.0,0.0
15677,2,3,1.0,0.0
15678,2,3,1.0,0.0
15679,2,3,1.0,0.0
15680,2,3,1.0,0.0
15681,2,3,1.0,0.0
15682,2,3,1.0,0.0
15683,2,3,1.0,0.0
15684,2,3,1.0,0.0
15685,2,3,1.0,0.0
15686,2,3,1.0,0.0
15687,2,3,1.0,0.0
15688,2,3,1.0,0.0
15689,2,3,1.0,0.0
15690,2,3,1.0,0.0
15691,2,3,1.0,0.0
15692,2,3,1.0,0.0
15693,2,3,1.0,0.0
15694,2,3,1.0,0.0
15695,2,3,1.0,0.0
15696,2,3,1.0,0.0
15697,2,3,1.0,0.0
15698,2,3,1.0,0.0
15699,2,3,1.0,0.0
15700,2,3,1.0,0.0
15701,2,3,1.0,0.0
15702,2,3,1.0,0.0
15703,2,3,1.0,0.0
15704,2,3,1.0,0.0
15705,2,3,1.0,0.0
15706,2,3,1.0,0.0
15707,2,3,1.0,0.0
15708,2,3,1.0,0.0
15709,2,3,1.0,0.0
15710,2,3,1.0,0.0
15711,2,3,1.0,0.0
15712,2,3,1.0,0.0
15713,2,3,1.0,0.0
15714,2,3,1.0,0.0
15715,2,3,1.0,0.0
15716,2,3,1.0,0.0
15717,2,3,1.0,0.0
15718,2,3,1.0,0.0
15719,2,3,1.0,0.0
15720,2,3,1.0,0.0
15721,2,3,1.0,0.0
15722,2,3,1.0,0.0
15723,2,3,1.0,0.0
15724,2,3,1.0,0.0
15725,2,3,1.0,0.0
15726,2,3,1.0,0.0
15727,2,3,1.0,0.0
15728,2,3,1.0,0.0
15729,2,3,1.0,0.0
15730,2,3,1.0,0.0
15731,2,3,1.0,0.0
15732,2,3,1.0,0.0
15733,2,3,1.0,0.0
15734,2,3,1.0,0.0
15735,2,3,1.0,0.0
15736,2,3,1.0,0.0
15737,2,3,1.0,0.0
15738,2,3,1.0,0.0
15739,2,3,1.0,0.0
15740,2,3,1.0,0.0
15741,2,3,1.0,0.0
15742,2,3,1.0,0.0
15743,2,3,1.0,0.0
15744,2,3,1.0,0.0
15745,2,3,1.0,0.0
15746,2,3,1.0,0.0
15747,2,3,1.0,0.0
15748,2,3,1.0,0.0
15749,2,3,1.0,0.0
15750,3,3,1.0,0.0
15751,3,3,1.0,0.0
15752,3,3,1.0,0.0
15753,3,3,1.0,0.0
15754,3,3,1.0,0.0
15755,3,3,1.0,0.0
15756,3,3,1.0,0.0
15757,3,3,1.0,0.0
15758,3,3,1.0,0.0
15759,3,3,1.0,0.0
15760,3,3,1.0,0.0
15761,3,3,1.0,0.0
15762,3,3,1.0,0.0
15763,3,3,1.0,0.0
15764,3,3,1.0,0.0
15765,3,3,1.0,0.0
15766,3,3,1.0,0.0
15767,3,3,1.0,0.0
15768,3,3,1.0,0.0
15769,3,3,1.0,0.0
15770,3,3,1.0,0.0
15771,3,3,1.0,0.0
15772,3,3,1.0,0.0
15773,3,3,1.0,0.0
15774,3,3,1.0,0.0
15775,3,3,1.0,0.0
15776,3,3,1.0,0.0
15777,3,3,1.0,0.0
15778,3,3,1.0,0.0
15779,3,3,1.0,0.0
15780,3,3,1.0,0.0
15781,3,3,1.0,0.0
15782,3,3,1.0,0.0
15783,3,3,1.0,0.0
15784,3,3,1.0,0.0
15785,3,3,1.0,0.0
15786,3,3,1.0,0.0
15787,3,3,1.0,0.0
15788,3,3,1.0,0.0
15789,3,3,1.0,0.0
15790,3,3,1.0,0.0
15791,3,3,1.0,0.0
15792,3,3,1.0,0.0
15793,3,3,1.0,0.0
15794,3,3,1.0,0.0
15795,3,3,1.0,0.0
15796,3,3,1.0,0.0
15797,3,3,1.0,0.0
15798,3,3,1.0,0.0
15799,3,3,1.0,0.0
15800,3,3,1.0,0.0
15801,3,3,1.0,0.0
15802,3,3,1.0,0.0
15803,3,3,1.0,0.0
15804,3,3,1.0,0.0
15805,3,3,1.0,0.0
15806,3,3,1.0,0.0
15807,3,3,1.0,0.0
15808,3,3,1.0,0.0
15809,3,3,1.0,0.0
15810,3,3,1.0,0.0
15811,3,3,1.0,0.0
15812,3,3,1.0,0.0
15813,3,3,1.0,0.0
15814,3,3,1.0,0.0
15815,3,3,1.0,0.0
15816,3,3,1.0,0.0
15817,3,3,1.0,0.0
15818,3,3,1.0,0.0
15819,3,3,1.0,0.0
15820,3,3,1.0,0.0
15821,3,3,1.0,0.0
15822,3,3,1.0,0.0
15823,3,3,1.0,0.0
15824,3,3,1.0,0.0
15825,3,3,1.0,0.0
15826,3,3,1.0,0.0
15827,3,3,1.0,0.0
15828,3,3,1.0,0.0
15829,3,3,1.0,0.0
15830,3,3,1.0,0.0
15831,3,3,1.0,0.0
15832,3,3,1.0,0.0
15833,3,3,1.0,0.0
15834,3,3,1.0,0.0
15835,3,3,1.0,0.0
15836,3,3,1.0,0.0
15837,3,3,1.0,0.0
15838,3,3,1.0,0.0
15839,3,3,1.0,0.0
15840,3,3,1.0,0.0
15841,3,3,1.0,0.0
15842,3,3,1.0,0.0
15843,3,3,1.0,0.0
15844,3,3,1.0,0.0
15845,3,3,1.0,0.0
15846,3,3,1.0,0.0
15847,3,3,1.0,0.0
15848,3,3,1.0,0.0
15849,3,3,1.0,0.0
15850,3,3,1.0,0.0
15851,3,3,1.0,0.0
15852,3,3,1.0,0.0
15853,3,3,1.0,0.0
15854,3,3,1.0,0.0
15855,3,3,1.0,0.0
15856,3,3,1.0,0.0
15857,3,3,1.0,0.0
15858,3,3,1.0,0.0
15859,3,3,1.0,0.0
15860,3,3,1.0,0.0
15861,3,3,1.0,0.0
15862,3,3,1.0,0.0
15863,3,3,1.0,0.0
15864,3,3,1.0,0.0
15865,3,3,1.0,0.0
15866,3,3,1.0,0.0
15867,3,3,1.0,0.0
15868,3,3,1.0,0.0
15869,3,3,1.0,0.0
15870,3,3,1.0,0.0
15871,3,3,1.0,0.0
15872,3,3,1.0,0.0
15873,3,3,1.0,0.0
15874,3,3,1.0,0.0
15875,3,3,1.0,0.0
15876,3,3,1.0,0.0
15877,3,3,1.0,0.0
15878,3,3,1.0,0.0
15879,3,3,1.0,0.0
15880,3,3,1.0,0.0
15881,3,3,1.0,0.0
15882,3,3,1.0,0.0
15883,3,3,1.0,0.0
15884,3,3,1.0,0.0
15885,3,3,1.0,0.0
15886,3,3,1.0,0.0
15887,3,3,1.0,0.0
15888,3,3,1.0,0.0
15889,3,3,1.0,0.0
15890,3,3,1.0,0.0
15891,3,3,1.0,0.0
15892,3,3,1.0,0.0
15893,3,3,1.0,0.0
15894,3,3,1.0,0.0
15895,3,3,1.0,0.0
15896,3,3,1.0,0.0
15897,3,3,1.0,0.0
15898,3,3,1.0,0.0
15899,3,3,1.0,0.0
15900,4,3,1.0,0.0
15901,4,3,1.0,0.0
15902,4,3,1.0,0.0
15903,4,3,1.0,0.0
15904,4,3,1.0,0.0
15905,4,3,1.0,0.0
15906,4,3,1.0,0.0
15907,4,3,1.0,0.0
15908,4,3,1.0,0.0
15909,4,3,1.0,0.0
15910,4,3,1.0,0.0
15911,4,3,1.0,0.0
15912,4,3,1.0,0.0
15913,4,3,1.0,0.0
15914,4,3,1.0,0.0
15915,4,3,1.0,0.0
15916,4,3,1.0,0.0
15917,4,3,1.0,0.0
15918,4,3,1.0,0.0
15919,4,3,1.0,0.0
15920,4,3,1.0,0.0
15921,4,3,1.0,0.0
15922,4,3,1.0,0.0
15923,4,3,1.0,0.0
15924,4,3,1.0,0.0
15925,4,3,1.0,0.0
15926,4,3,1.0,0.0
15927,4,3,1.0,0.0
15928,4,3,1.0,0.0
15929,4,3,1.0,0.0
15930,4,3,1.0,0.0
15931,4,3,1.0,0.0
15932,4,3,1.0,0.0
15933,4,3,1.0,0.0
15934,4,3,1.0,0.0
15935,4,3,1.0,0.0
15936,4,3,1.0,0.0
15937,4,3,1.0,0.0
15938,4,3,1.0,0.0
15939,4,3,1.0,0.0
15940,4,3,1.0,0.0
15941,4,3,1.0,0.0
15942,4,3,1.0,0.0
15943,4,3,1.0,0.0
15944,4,3,1.0,0.0
15945,4,3,1.0,0.0
15946,4,3,1.0,0.0
15947,4,3,1.0,0.0
15948,4,3,1.0,0.0
15949,4,3,1.0,0.0
15950,4,3,1.0,0.0
15951,4,3,1.0,0.0
15952,4,3,1.0,0.0
15953,4,3,1.0,0.0
15954,4,3,1.0,0.0
15955,4,3,1.0,0.0
15956,4,3,1.0,0.0
15957,4,3,1.0,0.0
15958,4,3,1.0,0.0
15959,4,3,1.0,0.0
15960,4,3,1.0,0.0
15961,4,3,1.0,0.0
15962,4,3,1.0,0.0
15963,4,3,1.0,0.0
15964,4,3,1.0,0.0
15965,4,3,1.0,0.0
15966,4,3,1.0,0.0
15967,4,3,1.0,0.0
15968,4,3,1.0,0.0
15969,4,3,1.0,0.0
15970,4,3,1.0,0.0
15971,4,3,1.0,0.0
15972,4,3,1.0,0.0
15973,4,3,1.0,0.0
15974,4,3,1.0,0.0
15975,4,3,1.0,0.0
15976,4,3,1.0,0.0
15977,4,3,1.0,0.0
15978,4,3,1.0,0.0
15979,4,3,1.0,0.0
15980,4,3,1.0,0.0
15981,4,3,1.0,0.0
15982,4,3,1.0,0.0
15983,4,3,1.0,0.0
15984,4,3,1.0,0.0
15985,4,3,1.0,0.0
15986,4,3,1.0,0.0
15987,4,3,1.0,0.0
15988,4,3,1.0,0.0
15989,4,3,1.0,0.0
15990,4,3,1.0,0.0
15991,4,3,1.0,0.0
15992,4,3,1.0,0.0
15993,4,3,1.0,0.0
15994,4,3,1.0,0.0
15995,4,3,1.0,0.0
15996,4,3,1.0,0.0
15997,4,3,1.0,0.0
15998,4,3,1.0,0.0
15999,4,3,1.0,0.0
16000,4,3,1.0,0.0
16001,4,3,1.0,0.0
16002,4,3,1.0,0.0
16003,4,3,1.0,0.0
16004,4,3,1.0,0.0
16005,4,3,1.0,0.0
16006,4,3,1.0,0.0
16007,4,3,1.0,0.0
16008,4,3,1.0,0.0
16009,4,3,1.0,0.0
16010,4,3,1.0,0.0
16011,4,3,1.0,0.0
16012,4,3,1.0,0.0
16013,4,3,1.0,0.0
16014,4,3,1.0,0.0
16015,4,3,1.0,0.0
16016,4,3,1.0,0.0
16017,4,3,1.0,0.0
16018,4,3,1.0,0.0
16019,4,3,1.0,0.0
16020,4,3,1.0,0.0
16021,4,3,1.0,0.0
16022,4,3,1.0,0.0
16023,4,3,1.0,0.0
16024,4,3,1.0,0.0
16025,4,3,1.0,0.0
16026,4,3,1.0,0.0
16027,4,3,1.0,0.0
16028,4,3,1.0,0.0
16029,4,3,1.0,0.0
16030,4,3,1.0,0.0
16031,4,3,1.0,0.0
16032,4,3,1.0,0.0
16033,4,3,1.0,0.0
16034,4,3,1.0,0.0
16035,4,3,1.0,0.0
16036,4,3,1.0,0.0
16037,4,3,1.0,0.0
16038,4,3,1.0,0.0
16039,4,3,1.0,0.0
16040,4,3,1.0,0.0
16041,4,3,1.0,0.0
16042,4,3,1.0,0.0
16043,4,3,1.0,0.0
16044,4,3,1.0,0.0
16045,4,3,1.0,0.0
16046,4,3,1.0,0.0
16047,4,3,1.0,0.0
16048,4,3,1.0,0.0
16049,4,3,1.0,0.0
16050,5,3,1.0,0.0
16051,5,3,1.0,0.0
16052,5,3,1.0,0.0
16053,5,3,1.0,0.0
16054,5,3,1.0,0.0
16055,5,3,1.0,0.0
16056,5,3,1.0,0.0
16057,5,3,1.0,0.0
16058,5,3,1.0,0.0
16059,5,3,1.0,0.0
16060,5,3,1.0,0.0
16061,5,3,1.0,0.0
16062,5,3,1.0,0.0
16063,5,3,1.0,0.0
16064,5,3,1.0,0.0
16065,5,3,1.0,0.0
16066,5,3,1.0,0.0
16067,5,3,1.0,0.0
16068,5,3,1.0,0.0
16069,5,3,1.0,0.0
16070,5,3,1.0,0.0
16071,5,3,1.0,0.0
16072,5,3,1.0,0.0
16073,5,3,1.0,0.0
16074,5,3,1.0,0.0
16075,5,3,1.0,0.0
16076,5,3,1.0,0.0
16077,5,3,1.0,0.0
16078,5,3,1.0,0.0
16079,5,3,1.0,0.0
16080,5,3,1.0,0.0
16081,5,3,1.0,0.0
16082,5,3,1.0,0.0
16083,5,3,1.0,0.0
16084,5,3,1.0,0.0
16085,5,3,1.0,0.0
16086,5,3,1.0,0.0
16087,5,3,1.0,0.0
16088,5,3,1.0,0.0
16089,5,3,1.0,0.0
16090,5,3,1.0,0.0
16091,5,3,1.0,0.0
16092,5,3,1.0,0.0
16093,5,3,1.0,0.0
16094,5,3,1.0,0.0
16095,5,3,1.0,0.0
16096,5,3,1.0,0.0
16097,5,3,1.0,0.0
16098,5,3,1.0,0.0
16099,5,3,1.0,0.0
16100,5,3,1.0,0.0
16101,5,3,1.0,0.0
16102,5,3,1.0,0.0
16103,5,3,1.0,0.0
16104,5,3,1.0,0.0
16105,5,3,1.0,0.0
16106,5,3,1.0,0.0
16107,5,3,1.0,0.0
16108,5,3,1.0,0.0
16109,5,3,1.0,0.0
16110,5,3,1.0,0.0
16111,5,3,1.0,0.0
16112,5,3,1.0,0.0
16113,5,3,1.0,0.0
16114,5,3,1.0,0.0
16115,5,3,1.0,0.0
16116,5,3,1.0,0.0
16117,5,3,1.0,0.0
16118,5,3,1.0,0.0
16119,5,3,1.0,0.0
16120,5,3,1.0,0.0
16121,5,3,1.0,0.0
16122,5,3,1.0,0.0
16123,5,3,1.0,0.0
16124,5,3,1.0,0.0
16125,5,3,1.0,0.0
16126,5,3,1.0,0.0
16127,5,3,1.0,0.0
16128,5,3,1.0,0.0
16129,5,3,1.0,0.0
16130,5,3,1.0,0.0
16131,5,3,1.0,0.0
16132,5,3,1.0,0.0
16133,5,3,1.0,0.0
16134,5,3,1.0,0.0
16135,5,3,1.0,0.0
16136,5,3,1.0,0.0
16137,5,3,1.0,0.0
16138,5,3,1.0,0.0
16139,5,3,1.0,0.0
16140,5,3,1.0,0.0
16141,5,3,1.0,0.0
16142,5,3,1.0,0.0
16143,5,3,1.0,0.0
16144,5,3,1.0,0.0
16145,5,3,1.0,0.0
16146,5,3,1.0,0.0
16147,5,3,1.0,0.0
16148,5,3,1.0,0.0
16149,5,3,1.0,0.0
16150,5,3,1.0,0.0
16151,5,3,1.0,0.0
16152,5,3,1.0,0.0
16153,5,3,1.0,0.0
16154,5,3,1.0,0.0
16155,5,3,1.0,0.0
16156,5,3,1.0,0.0
16157,5,3,1.0,0.0
16158,5,3,1.0,0.0
16159,5,3,1.0,0.0
16160,5,3,1.0,0.0
16161,5,3,1.0,0.0
16162,5,3,1.0,0.0
16163,5,3,1.0,0.0
16164,5,3,1.0,0.0
16165,5,3,1.0,0.0
16166,5,3,1.0,0.0
16167,5,3,1.0,0.0
16168,5,3,1.0,0.0
16169,5,3,1.0,0.0
16170,5,3,1.0,0.0
16171,5,3,1.0,0.0
16172,5,3,1.0,0.0
16173,5,3,1.0,0.0
16174,5,3,1.0,0.0
16175,5,3,1.0,0.0
16176,5,3,1.0,0.0
16177,5,3,1.0,0.0
16178,5,3,1.0,0.0
16179,5,3,1.0,0.0
16180,5,3,1.0,0.0
16181,5,3,1.0,0.0
16182,5,3,1.0,0.0
16183,5,3,1.0,0.0
16184,5,3,1.0,0.0
16185,5,3,1.0,0.0
16186,5,3,1.0,0.0
16187,5,3,1.0,0.0
16188,5,3,1.0,0.0
16189,5,3,1.0,0.0
16190,5,3,1.0,0.0
16191,5,3,1.0,0.0
16192,5,3,1.0,0.0
16193,5,3,1.0,0.0
16194,5,3,1.0,0.0
16195,5,3,1.0,0.0
16196,5,3,1.0,0.0
16197,5,3,1.0,0.0
16198,5,3,1.0,0.0
16199,5,3,1.0,0.0
16200,6,3,1.0,0.0
16201,6,3,1.0,0.0
16202,6,3,1.0,0.0
16203,6,3,1.0,0.0
16204,6,3,1.0,0.0
16205,6,3,1.0,0.0
16206,6,3,1.0,0.0
16207,6,3,1.0,0.0
16208,6,3,1.0,0.0
16209,6,3,1.0,0.0
16210,6,3,1.0,0.0
16211,6,3,1.0,0.0
16212,6,3,1.0,0.0
16213,6,3,1.0,0.0
16214,6,3,1.0,0.0
16215,6,3,1.0,0.0
16216,6,3,1.0,0.0
16217,6,3,1.0,0.0
16218,6,3,1.0,0.0
16219,6,3,1.0,0.0
16220,6,3,1.0,0.0
16221,6,3,1.0,0.0
16222,6,3,1.0,0.0
16223,6,3,1.0,0.0
16224,6,3,1.0,0.0
16225,6,3,1.0,0.0
16226,6,3,1.0,0.0
16227,6,3,1.0,0.0
16228,6,3,1.0,0.0
16229,6,3,1.0,0.0
16230,6,3,1.0,0.0
16231,6,3,1.0,0.0
16232,6,3,1.0,0.0
16233,6,3,1.0,0.0
16234,6,3,1.0,0.0
16235,6,3,1.0,0.0
16236,6,3,1.0,0.0
16237,6,3,1.0,0.0
16238,6,3,1.0,0.0
16239,6,3,1.0,0.0
16240,6,3,1.0,0.0
16241,6,3,1.0,0.0
16242,6,3,1.0,0.0
16243,6,3,1.0,0.0
16244,6,3,1.0,0.0
16245,6,3,1.0,0.0
16246,6,3,1.0,0.0
16247,6,3,1.0,0.0
16248,6,3,1.0,0.0
16249,6,3,1.0,0.0
16250,6,3,1.0,0.0
16251,6,3,1.0,0.0
16252,6,3,1.0,0.0
16253,6,3,1.0,0.0
16254,6,3,1.0,0.0
16255,6,3,1.0,0.0
16256,6,3,1.0,0.0
16257,6,3,1.0,0.0
16258,6,3,1.0,0.0
16259,6,3,1.0,0.0
16260,6,3,1.0,0.0
16261,6,3,1.0,0.0
16262,6,3,1.0,0.0
16263,6,3,1.0,0.0
16264,6,3,1.0,0.0
16265,6,3,1.0,0.0
16266,6,3,1.0,0.0
16267,6,3,1.0,0.0
16268,6,3,1.0,0.0
16269,6,3,1.0,0.0
16270,6,3,1.0,0.0
16271,6,3,1.0,0.0
16272,6,3,1.0,0.0
16273,6,3,1.0,0.0
16274,6,3,1.0,0.0
16275,6,3,1.0,0.0
16276,6,3,1.0,0.0
16277,6,3,1.0,0.0
16278,6,3,1.0,0.0
16279,6,3,1.0,0.0
16280,6,3,1.0,0.0
16281,6,3,1.0,0.0
16282,6,3,1.0,0.0
16283,6,3,1.0,0.0
16284,6,3,1.0,0.0
16285,6,3,1.0,0.0
16286,6,3,1.0,0.0
16287,6,3,1.0,0.0
16288,6,3,1.0,0.0
16289,6,3,1.0,0.0
16290,6,3,1.0,0.0
16291,6,3,1.0,0.0
16292,6,3,1.0,0.0
16293,6,3,1.0,0.0
16294,6,3,1.0,0.0
16295,6,3,1.0,0.0
16296,6,3,1.0,0.0
16297,6,3,1.0,0.0
16298,6,3,1.0,0.0
16299,6,3,1.0,0.0
16300,6,3,1.0,0.0
16301,6,3,1.0,0.0
16302,6,3,1.0,0.0
16303,6,3,1.0,0.0
16304,6,3,1.0,0.0
16305,6,3,1.0,0.0
16306,6,3,1.0,0.0
16307,6,3,1.0,0.0
16308,6,3,1.0,0.0
16309,6,3,1.0,0.0
16310,6,3,1.0,0.0
16311,6,3,1.0,0.0
16312,6,3,1.0,0.0
16313,6,3,1.0,0.0
16314,6,3,1.0,0.0
16315,6,3,1.0,0.0
16316,6,3,1.0,0.0
16317,6,3,1.0,0.0
16318,6,3,1.0,0.0
16319,6,3,1.0,0.0
16320,6,3,1.0,0.0
16321,6,3,1.0,0.0
16322,6,3,1.0,0.0
16323,6,3,1.0,0.0
16324,6,3,1.0,0.0
16325,6,3,1.0,0.0
16326,6,3,1.0,0.0
16327,6,3,1.0,0.0
16328,6,3,1.0,0.0
16329,6,3,1.0,0.0
16330,6,3,1.0,0.0
16331,6,3,1.0,0.0
16332,6,3,1.0,0.0
16333,6,3,1.0,0.0
16334,6,3,1.0,0.0
16335,6,3,1.0,0.0
16336,6,3,1.0,0.0
16337,6,3,1.0,0.0
16338,6,3,1.0,0.0
16339,6,3,1.0,0.0
16340,6,3,1.0,0.0
16341,6,3,1.0,0.0
16342,6,3,1.0,0.0
16343,6,3,1.0,0.0
16344,6,3,1.0,0.0
16345,6,3,1.0,0.0
16346,6,3,1.0,0.0
16347,6,3,1.0,0.0
16348,6,3,1.0,0.0
16349,6,3,1.0,0.0
16350,7,3,1.0,0.0
16351,7,3,1.0,0.0
16352,7,3,1.0,0.0
16353,7,3,1.0,0.0
16354,7,3,1.0,0.0
16355,7,3,1.0,0.0
16356,7,3,1.0,0.0
16357,7,3,1.0,0.0
16358,7,3,1.0,0.0
16359,7,3,1.0,0.0
16360,7,3,1.0,0.0
16361,7,3,1.0,0.0
16362,7,3,1.0,0.0
16363,7,3,1.0,0.0
16364,7,3,1.0,0.0
16365,7,3,1.0,0.0
16366,7,3,1.0,0.0
16367,7,3,1.0,0.0
16368,7,3,1.0,0.0
16369,7,3,1.0,0.0
16370,7,3,1.0,0.0
16371,7,3,1.0,0.0
16372,7,3,1.0,0.0
16373,7,3,1.0,0.0
16374,7,3,1.0,0.0
16375,7,3,1.0,0.0
16376,7,3,1.0,0.0
16377,7,3,1.0,0.0
16378,7,3,1.0,0.0
16379,7,3,1.0,0.0
16380,7,3,1.0,0.0
16381,7,3,1.0,0.0
16382,7,3,1.0,0.0
16383,7,3,1.0,0.0
16384,7,3,1.0,0.0
16385,7,3,1.0,0.0
16386,7,3,1.0,0.0
16387,7,3,1.0,0.0
16388,7,3,1.0,0.0
16389,7,3,1.0,0.0
16390,7,3,1.0,0.0
16391,7,3,1.0,0.0
16392,7,3,1.0,0.0
16393,7,3,1.0,0.0
16394,7,3,1.0,0.0
16395,7,3,1.0,0.0
16396,7,3,1.0,0.0
16397,7,3,1.0,0.0
16398,7,3,1.0,0.0
16399,7,3,1.0,0.0
16400,7,3,1.0,0.0
16401,7,3,1.0,0.0
16402,7,3,1.0,0.0
16403,7,3,1.0,0.0
16404,7,3,1.0,0.0
16405,7,3,1.0,0.0
16406,7,3,1.0,0.0
16407,7,3,1.0,0.0
16408,7,3,1.0,0.0
16409,7,3,1.0,0.0
16410,7,3,1.0,0.0
16411,7,3,1.0,0.0
16412,7,3,1.0,0.0
16413,7,3,1.0,0.0
16414,7,3,1.0,0.0
16415,7,3,1.0,0.0
16416,7,3,1.0,0.0
16417,7,3,1.0,0.0
16418,7,3,1.0,0.0
16419,7,3,1.0,0.0
16420,7,3,1.0,0.0
16421,7,3,1.0,0.0
16422,7,3,1.0,0.0
16423,7,3,1.0,0.0
16424,7,3,1.0,0.0
16425,7,3,1.0,0.0
16426,7,3,1.0,0.0
16427,7,3,1.0,0.0
16428,7,3,1.0,0.0
16429,7,3,1.0,0.0
16430,7,3,1.0,0.0
16431,7,3,1.0,0.0
16432,7,3,1.0,0.0
16433,7,3,1.0,0.0
16434,7,3,1.0,0.0
16435,7,3,1.0,0.0
16436,7,3,1.0,0.0
16437,7,3,1.0,0.0
16438,7,3,1.0,0.0
16439,7,3,1.0,0.0
16440,7,3,1.0,0.0
16441,7,3,1.0,0.0
16442,7,3,1.0,0.0
16443,7,3,1.0,0.0
16444,7,3,1.0,0.0
16445,7,3,1.0,0.0
16446,7,3,1.0,0.0
16447,7,3,1.0,0.0
16448,7,3,1.0,0.0
16449,7,3,1.0,0.0
16450,7,3,1.0,0.0
16451,7,3,1.0,0.0
16452,7,3,1.0,0.0
16453,7,3,1.0,0.0
16454,7,3,1.0,0.0
16455,7,3,1.0,0.0
16456,7,3,1.0,0.0
16457,7,3,1.0,0.0
16458,7,3,1.0,0.0
16459,7,3,1.0,0.0
16460,7,3,1.0,0.0
16461,7,3,1.0,0.0
16462,7,3,1.0,0.0
16463,7,3,1.0,0.0
16464,7,3,1.0,0.0
16465,7,3,1.0,0.0
16466,7,3,1.0,0.0
16467,7,3,1.0,0.0
16468,7,3,1.0,0.0
16469,7,3,1.0,0.0
16470,7,3,1.0,0.0
16471,7,3,1.0,0.0
16472,7,3,1.0,0.0
16473,7,3,1.0,0.0
16474,7,3,1.0,0.0
16475,7,3,1.0,0.0
16476,7,3,1.0,0.0
16477,7,3,1.0,0.0
16478,7,3,1.0,0.0
16479,7,3,1.0,0.0
16480,7,3,1.0,0.0
16481,7,3,1.0,0.0
16482,7,3,1.0,0.0
16483,7,3,1.0,0.0
16484,7,3,1.0,0.0
16485,7,3,1.0,0.0
16486,7,3,1.0,0.0
16487,7,3,1.0,0.0
16488,7,3,1.0,0.0
16489,7,3,1.0,0.0
16490,7,3,1.0,0.0
16491,7,3,1.0,0.0
16492,7,3,1.0,0.0
16493,7,3,1.0,0.0
16494,7,3,1.0,0.0
16495,7,3,1.0,0.0
16496,7,3,1.0,0.0
16497,7,3,1.0,0.0
16498,7,3,1.0,0.0
16499,7,3,1.0,0.0
16500,8,3,1.0,0.0
16501,8,3,1.0,0.0
16502,8,3,1.0,0.0
16503,8,3,1.0,0.0
16504,8,3,1.0,0.0
16505,8,3,1.0,0.0
16506,8,3,1.0,0.0
16507,8,3,1.0,0.0
16508,8,3,1.0,0.0
16509,8,3,1.0,0.0
16510,8,3,1.0,0.0
16511,8,3,1.0,0.0
16512,8,3,1.0,0.0
16513,8,3,1.0,0.0
16514,8,3,1.0,0.0
16515,8,3,1.0,0.0
16516,8,3,1.0,0.0
16517,8,3,1.0,0.0
16518,8,3,1.0,0.0
16519,8,3,1.0,0.0
16520,8,3,1.0,0.0
16521,8,3,1.0,0.0
16522,8,3,1.0,0.0
16523,8,3,1.0,0.0
16524,8,3,1.0,0.0
16525,8,3,1.0,0.0
16526,8,3,1.0,0.0
16527,8,3,1.0,0.0
16528,8,3,1.0,0.0
16529,8,3,1.0,0.0
16530,8,3,1.0,0.0
16531,8,3,1.0,0.0
16532,8,3,1.0,0.0
16533,8,3,1.0,0.0
16534,8,3,1.0,0.0
16535,8,3,1.0,0.0
16536,8,3,1.0,0.0
16537,8,3,1.0,0.0
16538,8,3,1.0,0.0
16539,8,3,1.0,0.0
16540,8,3,1.0,0.0
16541,8,3,1.0,0.0
16542,8,3,1.0,0.0
16543,8,3,1.0,0.0
16544,8,3,1.0,0.0
16545,8,3,1.0,0.0
16546,8,3,1.0,0.0
16547,8,3,1.0,0.0
16548,8,3,1.0,0.0
16549,8,3,1.0,0.0
16550,8,3,1.0,0.0
16551,8,3,1.0,0.0
16552,8,3,1.0,0.0
16553,8,3,1.0,0.0
16554,8,3,1.0,0.0
16555,8,3,1.0,0.0
16556,8,3,1.0,0.0
16557,8,3,1.0,0.0
16558,8,3,1.0,0.0
16559,8,3,1.0,0.0
16560,8,3,1.0,0.0
16561,8,3,1.0,0.0
16562,8,3,1.0,0.0
16563,8,3,1.0,0.0
16564,8,3,1.0,0.0
16565,8,3,1.0,0.0
16566,8,3,1.0,0.0
16567,8,3,1.0,0.0
16568,8,3,1.0,0.0
16569,8,3,1.0,0.0
16570,8,3,1.0,0.0
16571,8,3,1.0,0.0
16572,8,3,1.0,0.0
16573,8,3,1.0,0.0
16574,8,3,1.0,0.0
16575,8,3,1.0,0.0
16576,8,3,1.0,0.0
16577,8,3,1.0,0.0
16578,8,3,1.0,0.0
16579,8,3,1.0,0.0
16580,8,3,1.0,0.0
16581,8,3,1.0,0.0
16582,8,3,1.0,0.0
16583,8,3,1.0,0.0
16584,8,3,1.0,0.0
16585,8,3,1.0,0.0
16586,8,3,1.0,0.0
16587,8,3,1.0,0.0
16588,8,3,1.0,0.0
16589,8,3,1.0,0.0
16590,8,3,1.0,0.0
16591,8,3,1.0,0.0
16592,8,3,1.0,0.0
16593,8,3,1.0,0.0
16594,8,3,1.0,0.0
16595,8,3,1.0,0.0
16596,8,3,1.0,0.0
16597,8,3,1.0,0.0
16598,8,3,1.0,0.0
16599,8,3,1.0,0.0
16600,8,3,1.0,0.0
16601,8,3,1.0,0.0
16602,8,3,1.0,0.0
16603,8,3,1.0,0.0
16604,8,3,1.0,0.0
16605,8,3,1.0,0.0
16606,8,3,1.0,0.0
16607,8,3,1.0,0.0
16608,8,3,1.0,0.0
16609,8,3,1.0,0.0
16610,8,3,1.0,0.0
16611,8,3,1.0,0.0
16612,8,3,1.0,0.0
16613,8,3,1.0,0.0
16614,8,3,1.0,0.0
16615,8,3,1.0,0.0
16616,8,3,1.0,0.0
16617,8,3,1.0,0.0
16618,8,3,1.0,0.0
16619,8,3,1.0,0.0
16620,8,3,1.0,0.0
16621,8,3,1.0,0.0
16622,8,3,1.0,0.0
16623,8,3,1.0,0.0
16624,8,3,1.0,0.0
16625,8,3,1.0,0.0
16626,8,3,1.0,0.0
16627,8,3,1.0,0.0
16628,8,3,1.0,0.0
16629,8,3,1.0,0.0
16630,8,3,1.0,0.0
16631,8,3,1.0,0.0
16632,8,3,1.0,0.0
16633,8,3,1.0,0.0
16634,8,3,1.0,0.0
16635,8,3,1.0,0.0
16636,8,3,1.0,0.0
16637,8,3,1.0,0.0
16638,8,3,1.0,0.0
16639,8,3,1.0,0.0
16640,8,3,1.0,0.0
16641,8,3,1.0,0.0
16642,8,3,1.0,0.0
16643,8,3,1.0,0.0
16644,8,3,1.0,0.0
16645,8,3,1.0,0.0
16646,8,3,1.0,0.0
16647,8,3,1.0,0.0
16648,8,3,1.0,0.0
16649,8,3,1.0,0.0
16650,9,3,1.0,0.0
16651,9,3,1.0,0.0
16652,9,3,1.0,0.0
16653,9,3,1.0,0.0
16654,9,3,1.0,0.0
16655,9,3,1.0,0.0
16656,9,3,1.0,0.0
16657,9,3,1.0,0.0
16658,9,3,1.0,0.0
16659,9,3,1.0,0.0
16660,9,3,1.0,0.0
16661,9,3,1.0,0.0
16662,9,3,1.0,0.0
16663,9,3,1.0,0.0
16664,9,3,1.0,0.0
16665,9,3,1.0,0.0
16666,9,3,1.0,0.0
16667,9,3,1.0,0.0
16668,9,3,1.0,0.0
16669,9,3,1.0,0.0
16670,9,3,1.0,0.0
16671,9,3,1.0,0.0
16672,9,3,1.0,0.0
16673,9,3,1.0,0.0
16674,9,3,1.0,0.0
16675,9,3,1.0,0.0
16676,9,3,1.0,0.0
16677,9,3,1.0,0.0
16678,9,3,1.0,0.0
16679,9,3,1.0,0.0
16680,9,3,1.0,0.0
16681,9,3,1.0,0.0
16682,9,3,1.0,0.0
16683,9,3,1.0,0.0
16684,9,3,1.0,0.0
16685,9,3,1.0,0.0
16686,9,3,1.0,0.0
16687,9,3,1.0,0.0
16688,9,3,1.0,0.0
16689,9,3,1.0,0.0
16690,9,3,1.0,0.0
16691,9,3,1.0,0.0
16692,9,3,1.0,0.0
16693,9,3,1.0,0.0
16694,9,3,1.0,0.0
16695,9,3,1.0,0.0
16696,9,3,1.0,0.0
16697,9,3,1.0,0.0
16698,9,3,1.0,0.0
16699,9,3,1.0,0.0
16700,9,3,1.0,0.0
16701,9,3,1.0,0.0
16702,9,3,1.0,0.0
16703,9,3,1.0,0.0
16704,9,3,1.0,0.0
16705,9,3,1.0,0.0
16706,9,3,1.0,0.0
16707,9,3,1.0,0.0
16708,9,3,1.0,0.0
16709,9,3,1.0,0.0
16710,9,3,1.0,0.0
16711,9,3,1.0,0.0
16712,9,3,1.0,0.0
16713,9,3,1.0,0.0
16714,9,3,1.0,0.0
16715,9,3,1.0,0.0
16716,9,3,1.0,0.0
16717,9,3,1.0,0.0
16718,9,3,1.0,0.0
16719,9,3,1.0,0.0
16720,9,3,1.0,0.0
16721,9,3,1.0,0.0
16722,9,3,1.0,0.0
16723,9,3,1.0,0.0
16724,9,3,1.0,0.0
16725,9,3,1.0,0.0
16726,9,3,1.0,0.0
16727,9,3,1.0,0.0
16728,9,3,1.0,0.0
16729,9,3,1.0,0.0
16730,9,3,1.0,0.0
16731,9,3,1.0,0.0
16732,9,3,1.0,0.0
16733,9,3,1.0,0.0
16734,9,3,1.0,0.0
16735,9,3,1.0,0.0
16736,9,3,1.0,0.0
16737,9,3,1.0,0.0
16738,9,3,1.0,0.0
16739,9,3,1.0,0.0
16740,9,3,1.0,0.0
16741,9,3,1.0,0.0
16742,9,3,1.0,0.0
16743,9,3,1.0,0.0
16744,9,3,1.0,0.0
16745,9,3,1.0,0.0
16746,9,3,1.0,0.0
16747,9,3,1.0,0.0
16748,9,3,1.0,0.0
16749,9,3,1.0,0.0
16750,9,3,1.0,0.0
16751,9,3,1.0,0.0
16752,9,3,1.0,0.0
16753,9,3,1.0,0.0
16754,9,3,1.0,0.0
16755,9,3,1.0,0.0
16756,9,3,1.0,0.0
16757,9,3,1.0,0.0
16758,9,3,1.0,0.0
16759,9,3,1.0,0.0
16760,9,3,1.0,0.0
16761,9,3,1.0,0.0
16762,9,3,1.0,0.0
16763,9,3,1.0,0.0
16764,9,3,1.0,0.0
16765,9,3,1.0,0.0
16766,9,3,1.0,0.0
16767,9,3,1.0,0.0
16768,9,3,1.0,0.0
16769,9,3,1.0,0.0
16770,9,3,1.0,0.0
16771,9,3,1.0,0.0
16772,9,3,1.0,0.0
16773,9,3,1.0,0.0
16774,9,3,1.0,0.0
16775,9,3,1.0,0.0
16776,9,3,1.0,0.0
16777,9,3,1.0,0.0
16778,9,3,1.0,0.0
16779,9,3,1.0,0.0
16780,9,3,1.0,0.0
16781,9,3,1.0,0.0
16782,9,3,1.0,0.0
16783,9,3,1.0,0.0
16784,9,3,1.0,0.0
16785,9,3,1.0,0.0
16786,9,3,1.0,0.0
16787,9,3,1.0,0.0
16788,9,3,1.0,0.0
16789,9,3,1.0,0.0
16790,9,3,1.0,0.0
16791,9,3,1.0,0.0
16792,9,3,1.0,0.0
16793,9,3,1.0,0.0
16794,9,3,1.0,0.0
16795,9,3,1.0,0.0
16796,9,3,1.0,0.0
16797,9,3,1.0,0.0
16798,9,3,1.0,0.0
16799,9,3,1.0,0.0
16800,2,4,1.0,0.0
16801,2,4,1.0,0.0
16802,2,4,1.0,0.0
16803,2,4,1.0,0.0
16804,2,4,1.0,0.0
16805,2,4,1.0,0.0
16806,2,4,1.0,0.0
16807,2,4,1.0,0.0
16808,2,4,1.0,0.0
16809,2,4,1.0,0.0
16810,2,4,1.0,0.0
16811,2,4,1.0,0.0
16812,2,4,1.0,0.0
16813,2,4,1.0,0.0
16814,2,4,1.0,0.0
16815,2,4,1.0,0.0
16816,2,4,1.0,0.0
16817,2,4,1.0,0.0
16818,2,4,1.0,0.0
16819,2,4,1.0,0.0
16820,2,4,1.0,0.0
16821,2,4,1.0,0.0
16822,2,4,1.0,0.0
16823,2,4,1.0,0.0
16824,2,4,1.0,0.0
16825,2,4,1.0,0.0
16826,2,4,1.0,0.0
16827,2,4,1.0,0.0
16828,2,4,1.0,0.0
16829,2,4,1.0,0.0
16830,2,4,1.0,0.0
16831,2,4,1.0,0.0
16832,2,4,1.0,0.0
16833,2,4,1.0,0.0
16834,2,4,1.0,0.0
16835,2,4,1.0,0.0
16836,2,4,1.0,0.0
16837,2,4,1.0,0.0
16838,2,4,1.0,0.0
16839,2,4,1.0,0.0
16840,2,4,1.0,0.0
16841,2,4,1.0,0.0
16842,2,4,1.0,0.0
16843,2,4,1.0,0.0
16844,2,4,1.0,0.0
16845,2,4,1.0,0.0
16846,2,4,1.0,0.0
16847,2,4,1.0,0.0
16848,2,4,1.0,0.0
16849,2,4,1.0,0.0
16850,2,4,1.0,0.0
16851,2,4,1.0,0.0
16852,2,4,1.0,0.0
16853,2,4,1.0,0.0
16854,2,4,1.0,0.0
16855,2,4,1.0,0.0
16856,2,4,1.0,0.0
16857,2,4,1.0,0.0
16858,2,4,1.0,0.0
16859,2,4,1.0,0.0
16860,2,4,1.0,0.0
16861,2,4,1.0,0.0
16862,2,4,1.0,0.0
16863,2,4,1.0,0.0
16864,2,4,1.0,0.0
16865,2,4,1.0,0.0
16866,2,4,1.0,0.0
16867,2,4,1.0,0.0
16868,2,4,1.0,0.0
16869,2,4,1.0,0.0
16870,2,4,1.0,0.0
16871,2,4,1.0,0.0
16872,2,4,1.0,0.0
16873,2,4,1.0,0.0
16874,2,4,1.0,0.0
16875,2,4,1.0,0.0
16876,2,4,1.0,0.0
16877,2,4,1.0,0.0
16878,2,4,1.0,0.0
16879,2,4,1.0,0.0
16880,2,4,1.0,0.0
16881,2,4,1.0,0.0
16882,2,4,1.0,0.0
16883,2,4,1.0,0.0
16884,2,4,1.0,0.0
16885,2,4,1.0,0.0
16886,2,4,1.0,0.0
16887,2,4,1.0,0.0
16888,2,4,1.0,0.0
16889,2,4,1.0,0.0
16890,2,4,1.0,0.0
16891,2,4,1.0,0.0
16892,2,4,1.0,0.0
16893,2,4,1.0,0.0
16894,2,4,1.0,0.0
16895,2,4,1.0,0.0
16896,2,4,1.0,0.0
16897,2,4,1.0,0.0
16898,2,4,1.0,0.0
16899,2,4,1.0,0.0
16900,2,4,1.0,0.0
16901,2,4,1.0,0.0
16902,2,4,1.0,0.0
16903,2,4,1.0,0.0
16904,2,4,1.0,0.0
16905,2,4,1.0,0.0
16906,2,4,1.0,0.0
16907,2,4,1.0,0.0
16908,2,4,1.0,0.0
16909,2,4,1.0,0.0
16910,2,4,1.0,0.0
16911,2,4,1.0,0.0
16912,2,4,1.0,0.0
16913,2,4,1.0,0.0
16914,2,4,1.0,0.0
16915,2,4,1.0,0.0
16916,2,4,1.0,0.0
16917,2,4,1.0,0.0
16918,2,4,1.0,0.0
16919,2,4,1.0,0.0
16920,2,4,1.0,0.0
16921,2,4,1.0,0.0
16922,2,4,1.0,0.0
16923,2,4,1.0,0.0
16924,2,4,1.0,0.0
16925,2,4,1.0,0.0
16926,2,4,1.0,0.0
16927,2,4,1.0,0.0
16928,2,4,1.0,0.0
16929,2,4,1.0,0.0
16930,2,4,1.0,0.0
16931,2,4,1.0,0.0
16932,2,4,1.0,0.0
16933,2,4,1.0,0.0
16934,2,4,1.0,0.0
16935,2,4,1.0,0.0
16936,2,4,1.0,0.0
16937,2,4,1.0,0.0
16938,2,4,1.0,0.0
16939,2,4,1.0,0.0
16940,2,4,1.0,0.0
16941,2,4,1.0,0.0
16942,2,4,1.0,0.0
16943,2,4,1.0,0.0
16944,2,4,1.0,0.0
16945,2,4,1.0,0.0
16946,2,4,1.0,0.0
16947,2,4,1.0,0.0
16948,2,4,1.0,0.0
16949,2,4,1.0,0.0
16950,3,4,1.0,0.0
16951,3,4,1.0,0.0
16952,3,4,1.0,0.0
16953,3,4,1.0,0.0
16954,3,4,1.0,0.0
16955,3,4,1.0,0.0
16956,3,4,1.0,0.0
16957,3,4,1.0,0.0
16958,3,4,1.0,0.0
16959,3,4,1.0,0.0
16960,3,4,1.0,0.0
16961,3,4,1.0,0.0
16962,3,4,1.0,0.0
16963,3,4,1.0,0.0
16964,3,4,1.0,0.0
16965,3,4,1.0,0.0
16966,3,4,1.0,0.0
16967,3,4,1.0,0.0
16968,3,4,1.0,0.0
16969,3,4,1.0,0.0
16970,3,4,1.0,0.0
16971,3,4,1.0,0.0
16972,3,4,1.0,0.0
16973,3,4,1.0,0.0
16974,3,4,1.0,0.0
16975,3,4,1.0,0.0
16976,3,4,1.0,0.0
16977,3,4,1.0,0.0
16978,3,4,1.0,0.0
16979,3,4,1.0,0.0
16980,3,4,1.0,0.0
16981,3,4,1.0,0.0
16982,3,4,1.0,0.0
16983,3,4,1.0,0.0
16984,3,4,1.0,0.0
16985,3,4,1.0,0.0
16986,3,4,1.0,0.0
16987,3,4,1.0,0.0
16988,3,4,1.0,0.0
16989,3,4,1.0,0.0
16990,3,4,1.0,0.0
16991,3,4,1.0,0.0
16992,3,4,1.0,0.0
16993,3,4,1.0,0.0
16994,3,4,1.0,0.0
16995,3,4,1.0,0.0
16996,3,4,1.0,0.0
16997,3,4,1.0,0.0
16998,3,4,1.0,0.0
16999,3,4,1.0,0.0
17000,3,4,1.0,0.0
17001,3,4,1.0,0.0
17002,3,4,1.0,0.0
17003,3,4,1.0,0.0
17004,3,4,1.0,0.0
17005,3,4,1.0,0.0
17006,3,4,1.0,0.0
17007,3,4,1.0,0.0
17008,3,4,1.0,0.0
17009,3,4,1.0,0.0
17010,3,4,1.0,0.0
17011,3,4,1.0,0.0
17012,3,4,1.0,0.0
17013,3,4,1.0,0.0
17014,3,4,1.0,0.0
17015,3,4,1.0,0.0
17016,3,4,1.0,0.0
17017,3,4,1.0,0.0
17018,3,4,1.0,0.0
17019,3,4,1.0,0.0
17020,3,4,1.0,0.0
17021,3,4,1.0,0.0
17022,3,4,1.0,0.0
17023,3,4,1.0,0.0
17024,3,4,1.0,0.0
17025,3,4,1.0,0.0
17026,3,4,1.0,0.0
17027,3,4,1.0,0.0
17028,3,4,1.0,0.0
17029,3,4,1.0,0.0
17030,3,4,1.0,0.0
17031,3,4,1.0,0.0
17032,3,4,1.0,0.0
17033,3,4,1.0,0.0
17034,3,4,1.0,0.0
17035,3,4,1.0,0.0
17036,3,4,1.0,0.0
17037,3,4,1.0,0.0
17038,3,4,1.0,0.0
17039,3,4,1.0,0.0
17040,3,4,1.0,0.0
17041,3,4,1.0,0.0
17042,3,4,1.0,0.0
17043,3,4,1.0,0.0
17044,3,4,1.0,0.0
17045,3,4,1.0,0.0
17046,3,4,1.0,0.0
17047,3,4,1.0,0.0
17048,3,4,1.0,0.0
17049,3,4,1.0,0.0
17050,3,4,1.0,0.0
17051,3,4,1.0,0.0
17052,3,4,1.0,0.0
17053,3,4,1.0,0.0
17054,3,4,1.0,0.0
17055,3,4,1.0,0.0
17056,3,4,1.0,0.0
17057,3,4,1.0,0.0
17058,3,4,1.0,0.0
17059,3,4,1.0,0.0
17060,3,4,1.0,0.0
17061,3,4,1.0,0.0
17062,3,4,1.0,0.0
17063,3,4,1.0,0.0
17064,3,4,1.0,0.0
17065,3,4,1.0,0.0
17066,3,4,1.0,0.0
17067,3,4,1.0,0.0
17068,3,4,1.0,0.0
17069,3,4,1.0,0.0
17070,3,4,1.0,0.0
17071,3,4,1.0,0.0
17072,3,4,1.0,0.0
17073,3,4,1.0,0.0
17074,3,4,1.0,0.0
17075,3,4,1.0,0.0
17076,3,4,1.0,0.0
17077,3,4,1.0,0.0
17078,3,4,1.0,0.0
17079,3,4,1.0,0.0
17080,3,4,1.0,0.0
17081,3,4,1.0,0.0
17082,3,4,1.0,0.0
17083,3,4,1.0,0.0
17084,3,4,1.0,0.0
17085,3,4,1.0,0.0
17086,3,4,1.0,0.0
17087,3,4,1.0,0.0
17088,3,4,1.0,0.0
17089,3,4,1.0,0.0
17090,3,4,1.0,0.0
17091,3,4,1.0,0.0
17092,3,4,1.0,0.0
17093,3,4,1.0,0.0
17094,3,4,1.0,0.0
17095,3,4,1.0,0.0
17096,3,4,1.0,0.0
17097,3,4,1.0,0.0
17098,3,4,1.0,0.0
17099,3,4,1.0,0.0
17100,4,4,1.0,0.0
17101,4,4,1.0,0.0
17102,4,4,1.0,0.0
17103,4,4,1.0,0.0
17104,4,4,1.0,0.0
17105,4,4,1.0,0.0
17106,4,4,1.0,0.0
17107,4,4,1.0,0.0
17108,4,4,1.0,0.0
17109,4,4,1.0,0.0
17110,4,4,1.0,0.0
17111,4,4,1.0,0.0
17112,4,4,1.0,0.0
17113,4,4,1.0,0.0
17114,4,4,1.0,0.0
17115,4,4,1.0,0.0
17116,4,4,1.0,0.0
17117,4,4,1.0,0.0
17118,4,4,1.0,0.0
17119,4,4,1.0,0.0
17120,4,4,1.0,0.0
17121,4,4,1.0,0.0
17122,4,4,1.0,0.0
17123,4,4,1.0,0.0
17124,4,4,1.0,0.0
17125,4,4,1.0,0.0
17126,4,4,1.0,0.0
17127,4,4,1.0,0.0
17128,4,4,1.0,0.0
17129,4,4,1.0,0.0
17130,4,4,1.0,0.0
17131,4,4,1.0,0.0
17132,4,4,1.0,0.0
17133,4,4,1.0,0.0
17134,4,4,1.0,0.0
17135,4,4,1.0,0.0
17136,4,4,1.0,0.0
17137,4,4,1.0,0.0
17138,4,4,1.0,0.0
17139,4,4,1.0,0.0
17140,4,4,1.0,0.0
17141,4,4,1.0,0.0
17142,4,4,1.0,0.0
17143,4,4,1.0,0.0
17144,4,4,1.0,0.0
17145,4,4,1.0,0.0
17146,4,4,1.0,0.0
17147,4,4,1.0,0.0
17148,4,4,1.0,0.0
17149,4,4,1.0,0.0
17150,4,4,1.0,0.0
17151,4,4,1.0,0.0
17152,4,4,1.0,0.0
17153,4,4,1.0,0.0
17154,4,4,1.0,0.0
17155,4,4,1.0,0.0
17156,4,4,1.0,0.0
17157,4,4,1.0,0.0
17158,4,4,1.0,0.0
17159,4,4,1.0,0.0
17160,4,4,1.0,0.0
17161,4,4,1.0,0.0
17162,4,4,1.0,0.0
17163,4,4,1.0,0.0
17164,4,4,1.0,0.0
17165,4,4,1.0,0.0
17166,4,4,1.0,0.0
17167,4,4,1.0,0.0
17168,4,4,1.0,0.0
17169,4,4,1.0,0.0
17170,4,4,1.0,0.0
17171,4,4,1.0,0.0
17172,4,4,1.0,0.0
17173,4,4,1.0,0.0
17174,4,4,1.0,0.0
17175,4,4,1.0,0.0
17176,4,4,1.0,0.0
17177,4,4,1.0,0.0
17178,4,4,1.0,0.0
17179,4,4,1.0,0.0
17180,4,4,1.0,0.0
17181,4,4,1.0,0.0
17182,4,4,1.0,0.0
17183,4,4,1.0,0.0
17184,4,4,1.0,0.0
17185,4,4,1.0,0.0
17186,4,4,1.0,0.0
17187,4,4,1.0,0.0
17188,4,4,1.0,0.0
17189,4,4,1.0,0.0
17190,4,4,1.0,0.0
17191,4,4,1.0,0.0
17192,4,4,1.0,0.0
17193,4,4,1.0,0.0
17194,4,4,1.0,0.0
17195,4,4,1.0,0.0
17196,4,4,1.0,0.0
17197,4,4,1.0,0.0
17198,4,4,1.0,0.0
17199,4,4,1.0,0.0
17200,4,4,1.0,0.0
17201,4,4,1.0,0.0
17202,4,4,1.0,0.0
17203,4,4,1.0,0.0
17204,4,4,1.0,0.0
17205,4,4,1.0,0.0
17206,4,4,1.0,0.0
17207,4,4,1.0,0.0
17208,4,4,1.0,0.0
17209,4,4,1.0,0.0
17210,4,4,1.0,0.0
17211,4,4,1.0,0.0
17212,4,4,1.0,0.0
17213,4,4,1.0,0.0
17214,4,4,1.0,0.0
17215,4,4,1.0,0.0
17216,4,4,1.0,0.0
17217,4,4,1.0,0.0
17218,4,4,1.0,0.0
17219,4,4,1.0,0.0
17220,4,4,1.0,0.0
17221,4,4,1.0,0.0
17222,4,4,1.0,0.0
17223,4,4,1.0,0.0
17224,4,4,1.0,0.0
17225,4,4,1.0,0.0
17226,4,4,1.0,0.0
17227,4,4,1.0,0.0
17228,4,4,1.0,0.0
17229,4,4,1.0,0.0
17230,4,4,1.0,0.0
17231,4,4,1.0,0.0
17232,4,4,1.0,0.0
17233,4,4,1.0,0.0
17234,4,4,1.0,0.0
17235,4,4,1.0,0.0
17236,4,4,1.0,0.0
17237,4,4,1.0,0.0
17238,4,4,1.0,0.0
17239,4,4,1.0,0.0
17240,4,4,1.0,0.0
17241,4,4,1.0,0.0
17242,4,4,1.0,0.0
17243,4,4,1.0,0.0
17244,4,4,1.0,0.0
17245,4,4,1.0,0.0
17246,4,4,1.0,0.0
17247,4,4,1.0,0.0
17248,4,4,1.0,0.0
17249,4,4,1.0,0.0
17250,5,4,1.0,0.0
17251,5,4,1.0,0.0
17252,5,4,1.0,0.0
17253,5,4,1.0,0.0
17254,5,4,1.0,0.0
17255,5,4,1.0,0.0
17256,5,4,1.0,0.0
17257,5,4,1.0,0.0
17258,5,4,1.0,0.0
17259,5,4,1.0,0.0
17260,5,4,1.0,0.0
17261,5,4,1.0,0.0
17262,5,4,1.0,0.0
17263,5,4,1.0,0.0
17264,5,4,1.0,0.0
17265,5,4,1.0,0.0
17266,5,4,1.0,0.0
17267,5,4,1.0,0.0
17268,5,4,1.0,0.0
17269,5,4,1.0,0.0
17270,5,4,1.0,0.0
17271,5,4,1.0,0.0
17272,5,4,1.0,0.0
17273,5,4,1.0,0.0
17274,5,4,1.0,0.0
17275,5,4,1.0,0.0
17276,5,4,1.0,0.0
17277,5,4,1.0,0.0
17278,5,4,1.0,0.0
17279,5,4,1.0,0.0
17280,5,4,1.0,0.0
17281,5,4,1.0,0.0
17282,5,4,1.0,0.0
17283,5,4,1.0,0.0
17284,5,4,1.0,0.0
17285,5,4,1.0,0.0
17286,5,4,1.0,0.0
17287,5,4,1.0,0.0
17288,5,4,1.0,0.0
17289,5,4,1.0,0.0
17290,5,4,1.0,0.0
17291,5,4,1.0,0.0
17292,5,4,1.0,0.0
17293,5,4,1.0,0.0
17294,5,4,1.0,0.0
17295,5,4,1.0,0.0
17296,5,4,1.0,0.0
17297,5,4,1.0,0.0
17298,5,4,1.0,0.0
17299,5,4,1.0,0.0
17300,5,4,1.0,0.0
17301,5,4,1.0,0.0
17302,5,4,1.0,0.0
17303,5,4,1.0,0.0
17304,5,4,1.0,0.0
17305,5,4,1.0,0.0
17306,5,4,1.0,0.0
17307,5,4,1.0,0.0
17308,5,4,1.0,0.0
17309,5,4,1.0,0.0
17310,5,4,1.0,0.0
17311,5,4,1.0,0.0
17312,5,4,1.0,0.0
17313,5,4,1.0,0.0
17314,5,4,1.0,0.0
17315,5,4,1.0,0.0
17316,5,4,1.0,0.0
17317,5,4,1.0,0.0
17318,5,4,1.0,0.0
17319,5,4,1.0,0.0
17320,5,4,1.0,0.0
17321,5,4,1.0,0.0
17322,5,4,1.0,0.0
17323,5,4,1.0,0.0
17324,5,4,1.0,0.0
17325,5,4,1.0,0.0
17326,5,4,1.0,0.0
17327,5,4,1.0,0.0
17328,5,4,1.0,0.0
17329,5,4,1.0,0.0
17330,5,4,1.0,0.0
17331,5,4,1.0,0.0
17332,5,4,1.0,0.0
17333,5,4,1.0,0.0
17334,5,4,1.0,0.0
17335,5,4,1.0,0.0
17336,5,4,1.0,0.0
17337,5,4,1.0,0.0
17338,5,4,1.0,0.0
17339,5,4,1.0,0.0
17340,5,4,1.0,0.0
17341,5,4,1.0,0.0
17342,5,4,1.0,0.0
17343,5,4,1.0,0.0
17344,5,4,1.0,0.0
17345,5,4,1.0,0.0
17346,5,4,1.0,0.0
17347,5,4,1.0,0.0
17348,5,4,1.0,0.0
17349,5,4,1.0,0.0
17350,5,4,1.0,0.0
17351,5,4,1.0,0.0
17352,5,4,1.0,0.0
17353,5,4,1.0,0.0
17354,5,4,1.0,0.0
17355,5,4,1.0,0.0
17356,5,4,1.0,0.0
17357,5,4,1.0,0.0
17358,5,4,1.0,0.0
17359,5,4,1.0,0.0
17360,5,4,1.0,0.0
17361,5,4,1.0,0.0
17362,5,4,1.0,0.0
17363,5,4,1.0,0.0
17364,5,4,1.0,0.0
17365,5,4,1.0,0.0
17366,5,4,1.0,0.0
17367,5,4,1.0,0.0
17368,5,4,1.0,0.0
17369,5,4,1.0,0.0
17370,5,4,1.0,0.0
17371,5,4,1.0,0.0
17372,5,4,1.0,0.0
17373,5,4,1.0,0.0
17374,5,4,1.0,0.0
17375,5,4,1.0,0.0
17376,5,4,1.0,0.0
17377,5,4,1.0,0.0
17378,5,4,1.0,0.0
17379,5,4,1.0,0.0
17380,5,4,1.0,0.0
17381,5,4,1.0,0.0
17382,5,4,1.0,0.0
17383,5,4,1.0,0.0
17384,5,4,1.0,0.0
17385,5,4,1.0,0.0
17386,5,4,1.0,0.0
17387,5,4,1.0,0.0
17388,5,4,1.0,0.0
17389,5,4,1.0,0.0
17390,5,4,1.0,0.0
17391,5,4,1.0,0.0
17392,5,4,1.0,0.0
17393,5,4,1.0,0.0
17394,5,4,1.0,0.0
17395,5,4,1.0,0.0
17396,5,4,1.0,0.0
17397,5,4,1.0,0.0
17398,5,4,1.0,0.0
17399,5,4,1.0,0.0
17400,6,4,1.0,0.0
17401,6,4,1.0,0.0
17402,6,4,1.0,0.0
17403,6,4,1.0,0.0
17404,6,4,1.0,0.0
17405,6,4,1.0,0.0
17406,6,4,1.0,0.0
17407,6,4,1.0,0.0
17408,6,4,1.0,0.0
17409,6,4,1.0,0.0
17410,6,4,1.0,0.0
17411,6,4,1.0,0.0
17412,6,4,1.0,0.0
17413,6,4,1.0,0.0
17414,6,4,1.0,0.0
17415,6,4,1.0,0.0
17416,6,4,1.0,0.0
17417,6,4,1.0,0.0
17418,6,4,1.0,0.0
17419,6,4,1.0,0.0
17420,6,4,1.0,0.0
17421,6,4,1.0,0.0
17422,6,4,1.0,0.0
17423,6,4,1.0,0.0
17424,6,4,1.0,0.0
17425,6,4,1.0,0.0
17426,6,4,1.0,0.0
17427,6,4,1.0,0.0
17428,6,4,1.0,0.0
17429,6,4,1.0,0.0
17430,6,4,1.0,0.0
17431,6,4,1.0,0.0
17432,6,4,1.0,0.0
17433,6,4,1.0,0.0
17434,6,4,1.0,0.0
17435,6,4,1.0,0.0
17436,6,4,1.0,0.0
17437,6,4,1.0,0.0
17438,6,4,1.0,0.0
17439,6,4,1.0,0.0
17440,6,4,1.0,0.0
17441,6,4,1.0,0.0
17442,6,4,1.0,0.0
17443,6,4,1.0,0.0
17444,6,4,1.0,0.0
17445,6,4,1.0,0.0
17446,6,4,1.0,0.0
17447,6,4,1.0,0.0
17448,6,4,1.0,0.0
17449,6,4,1.0,0.0
17450,6,4,1.0,0.0
17451,6,4,1.0,0.0
17452,6,4,1.0,0.0
17453,6,4,1.0,0.0
17454,6,4,1.0,0.0
17455,6,4,1.0,0.0
17456,6,4,1.0,0.0
17457,6,4,1.0,0.0
17458,6,4,1.0,0.0
17459,6,4,1.0,0.0
17460,6,4,1.0,0.0
17461,6,4,1.0,0.0
17462,6,4,1.0,0.0
17463,6,4,1.0,0.0
17464,6,4,1.0,0.0
17465,6,4,1.0,0.0
17466,6,4,1.0,0.0
17467,6,4,1.0,0.0
17468,6,4,1.0,0.0
17469,6,4,1.0,0.0
17470,6,4,1.0,0.0
17471,6,4,1.0,0.0
17472,6,4,1.0,0.0
17473,6,4,1.0,0.0
17474,6,4,1.0,0.0
17475,6,4,1.0,0.0
17476,6,4,1.0,0.0
17477,6,4,1.0,0.0
17478,6,4,1.0,0.0
17479,6,4,1.0,0.0
17480,6,4,1.0,0.0
17481,6,4,1.0,0.0
17482,6,4,1.0,0.0
17483,6,4,1.0,0.0
17484,6,4,1.0,0.0
17485,6,4,1.0,0.0
17486,6,4,1.0,0.0
17487,6,4,1.0,0.0
17488,6,4,1.0,0.0
17489,6,4,1.0,0.0
17490,6,4,1.0,0.0
17491,6,4,1.0,0.0
17492,6,4,1.0,0.0
17493,6,4,1.0,0.0
17494,6,4,1.0,0.0
17495,6,4,1.0,0.0
17496,6,4,1.0,0.0
17497,6,4,1.0,0.0
17498,6,4,1.0,0.0
17499,6,4,1.0,0.0
17500,6,4,1.0,0.0
17501,6,4,1.0,0.0
17502,6,4,1.0,0.0
17503,6,4,1.0,0.0
17504,6,4,1.0,0.0
17505,6,4,1.0,0.0
17506,6,4,1.0,0.0
17507,6,4,1.0,0.0
17508,6,4,1.0,0.0
17509,6,4,1.0,0.0
17510,6,4,1.0,0.0
17511,6,4,1.0,0.0
17512,6,4,1.0,0.0
17513,6,4,1.0,0.0
17514,6,4,1.0,0.0
17515,6,4,1.0,0.0
17516,6,4,1.0,0.0
17517,6,4,1.0,0.0
17518,6,4,1.0,0.0
17519,6,4,1.0,0.0
17520,6,4,1.0,0.0
17521,6,4,1.0,0.0
17522,6,4,1.0,0.0
17523,6,4,1.0,0.0
17524,6,4,1.0,0.0
17525,6,4,1.0,0.0
17526,6,4,1.0,0.0
17527,6,4,1.0,0.0
17528,6,4,1.0,0.0
17529,6,4,1.0,0.0
17530,6,4,1.0,0.0
17531,6,4,1.0,0.0
17532,6,4,1.0,0.0
17533,6,4,1.0,0.0
17534,6,4,1.0,0.0
17535,6,4,1.0,0.0
17536,6,4,1.0,0.0
17537,6,4,1.0,0.0
17538,6,4,1.0,0.0
17539,6,4,1.0,0.0
17540,6,4,1.0,0.0
17541,6,4,1.0,0.0
17542,6,4,1.0,0.0
17543,6,4,1.0,0.0
17544,6,4,1.0,0.0
17545,6,4,1.0,0.0
17546,6,4,1.0,0.0
17547,6,4,1.0,0.0
17548,6,4,1.0,0.0
17549,6,4,1.0,0.0
17550,7,4,1.0,0.0
17551,7,4,1.0,0.0
17552,7,4,1.0,0.0
17553,7,4,1.0,0.0
17554,7,4,1.0,0.0
17555,7,4,1.0,0.0
17556,7,4,1.0,0.0
17557,7,4,1.0,0.0
17558,7,4,1.0,0.0
17559,7,4,1.0,0.0
17560,7,4,1.0,0.0
17561,7,4,1.0,0.0
17562,7,4,1.0,0.0
17563,7,4,1.0,0.0
17564,7,4,1.0,0.0
17565,7,4,1.0,0.0
17566,7,4,1.0,0.0
17567,7,4,1.0,0.0
17568,7,4,1.0,0.0
17569,7,4,1.0,0.0
17570,7,4,1.0,0.0
17571,7,4,1.0,0.0
17572,7,4,1.0,0.0
17573,7,4,1.0,0.0
17574,7,4,1.0,0.0
17575,7,4,1.0,0.0
17576,7,4,1.0,0.0
17577,7,4,1.0,0.0
17578,7,4,1.0,0.0
17579,7,4,1.0,0.0
17580,7,4,1.0,0.0
17581,7,4,1.0,0.0
17582,7,4,1.0,0.0
17583,7,4,1.0,0.0
17584,7,4,1.0,0.0
17585,7,4,1.0,0.0
17586,7,4,1.0,0.0
17587,7,4,1.0,0.0
17588,7,4,1.0,0.0
17589,7,4,1.0,0.0
17590,7,4,1.0,0.0
17591,7,4,1.0,0.0
17592,7,4,1.0,0.0
17593,7,4,1.0,0.0
17594,7,4,1.0,0.0
17595,7,4,1.0,0.0
17596,7,4,1.0,0.0
17597,7,4,1.0,0.0
17598,7,4,1.0,0.0
17599,7,4,1.0,0.0
17600,7,4,1.0,0.0
17601,7,4,1.0,0.0
17602,7,4,1.0,0.0
17603,7,4,1.0,0.0
17604,7,4,1.0,0.0
17605,7,4,1.0,0.0
17606,7,4,1.0,0.0
17607,7,4,1.0,0.0
17608,7,4,1.0,0.0
17609,7,4,1.0,0.0
17610,7,4,1.0,0.0
17611,7,4,1.0,0.0
17612,7,4,1.0,0.0
17613,7,4,1.0,0.0
17614,7,4,1.0,0.0
17615,7,4,1.0,0.0
17616,7,4,1.0,0.0
17617,7,4,1.0,0.0
17618,7,4,1.0,0.0
17619,7,4,1.0,0.0
17620,7,4,1.0,0.0
17621,7,4,1.0,0.0
17622,7,4,1.0,0.0
17623,7,4,1.0,0.0
17624,7,4,1.0,0.0
17625,7,4,1.0,0.0
17626,7,4,1.0,0.0
17627,7,4,1.0,0.0
17628,7,4,1.0,0.0
17629,7,4,1.0,0.0
17630,7,4,1.0,0.0
17631,7,4,1.0,0.0
17632,7,4,1.0,0.0
17633,7,4,1.0,0.0
17634,7,4,1.0,0.0
17635,7,4,1.0,0.0
17636,7,4,1.0,0.0
17637,7,4,1.0,0.0
17638,7,4,1.0,0.0
17639,7,4,1.0,0.0
17640,7,4,1.0,0.0
17641,7,4,1.0,0.0
17642,7,4,1.0,0.0
17643,7,4,1.0,0.0
17644,7,4,1.0,0.0
17645,7,4,1.0,0.0
17646,7,4,1.0,0.0
17647,7,4,1.0,0.0
17648,7,4,1.0,0.0
17649,7,4,1.0,0.0
17650,7,4,1.0,0.0
17651,7,4,1.0,0.0
17652,7,4,1.0,0.0
17653,7,4,1.0,0.0
17654,7,4,1.0,0.0
17655,7,4,1.0,0.0
17656,7,4,1.0,0.0
17657,7,4,1.0,0.0
17658,7,4,1.0,0.0
17659,7,4,1.0,0.0
17660,7,4,1.0,0.0
17661,7,4,1.0,0.0
17662,7,4,1.0,0.0
17663,7,4,1.0,0.0
17664,7,4,1.0,0.0
17665,7,4,1.0,0.0
17666,7,4,1.0,0.0
17667,7,4,1.0,0.0
17668,7,4,1.0,0.0
17669,7,4,1.0,0.0
17670,7,4,1.0,0.0
17671,7,4,1.0,0.0
17672,7,4,1.0,0.0
17673,7,4,1.0,0.0
17674,7,4,1.0,0.0
17675,7,4,1.0,0.0
17676,7,4,1.0,0.0
17677,7,4,1.0,0.0
17678,7,4,1.0,0.0
17679,7,4,1.0,0.0
17680,7,4,1.0,0.0
17681,7,4,1.0,0.0
17682,7,4,1.0,0.0
17683,7,4,1.0,0.0
17684,7,4,1.0,0.0
17685,7,4,1.0,0.0
17686,7,4,1.0,0.0
17687,7,4,1.0,0.0
17688,7,4,1.0,0.0
17689,7,4,1.0,0.0
17690,7,4,1.0,0.0
17691,7,4,1.0,0.0
17692,7,4,1.0,0.0
17693,7,4,1.0,0.0
17694,7,4,1.0,0.0
17695,7,4,1.0,0.0
17696,7,4,1.0,0.0
17697,7,4,1.0,0.0
17698,7,4,1.0,0.0
17699,7,4,1.0,0.0
17700,8,4,1.0,0.0
17701,8,4,1.0,0.0
17702,8,4,1.0,0.0
17703,8,4,1.0,0.0
17704,8,4,1.0,0.0
17705,8,4,1.0,0.0
17706,8,4,1.0,0.0
17707,8,4,1.0,0.0
17708,8,4,1.0,0.0
17709,8,4,1.0,0.0
17710,8,4,1.0,0.0
17711,8,4,1.0,0.0
17712,8,4,1.0,0.0
17713,8,4,1.0,0.0
17714,8,4,1.0,0.0
17715,8,4,1.0,0.0
17716,8,4,1.0,0.0
17717,8,4,1.0,0.0
17718,8,4,1.0,0.0
17719,8,4,1.0,0.0
17720,8,4,1.0,0.0
17721,8,4,1.0,0.0
17722,8,4,1.0,0.0
17723,8,4,1.0,0.0
17724,8,4,1.0,0.0
17725,8,4,1.0,0.0
17726,8,4,1.0,0.0
17727,8,4,1.0,0.0
17728,8,4,1.0,0.0
17729,8,4,1.0,0.0
17730,8,4,1.0,0.0
17731,8,4,1.0,0.0
17732,8,4,1.0,0.0
17733,8,4,1.0,0.0
17734,8,4,1.0,0.0
17735,8,4,1.0,0.0
17736,8,4,1.0,0.0
17737,8,4,1.0,0.0
17738,8,4,1.0,0.0
17739,8,4,1.0,0.0
17740,8,4,1.0,0.0
17741,8,4,1.0,0.0
17742,8,4,1.0,0.0
17743,8,4,1.0,0.0
17744,8,4,1.0,0.0
17745,8,4,1.0,0.0
17746,8,4,1.0,0.0
17747,8,4,1.0,0.0
17748,8,4,1.0,0.0
17749,8,4,1.0,0.0
17750,8,4,1.0,0.0
17751,8,4,1.0,0.0
17752,8,4,1.0,0.0
17753,8,4,1.0,0.0
17754,8,4,1.0,0.0
17755,8,4,1.0,0.0
17756,8,4,1.0,0.0
17757,8,4,1.0,0.0
17758,8,4,1.0,0.0
17759,8,4,1.0,0.0
17760,8,4,1.0,0.0
17761,8,4,1.0,0.0
17762,8,4,1.0,0.0
17763,8,4,1.0,0.0
17764,8,4,1.0,0.0
17765,8,4,1.0,0.0
17766,8,4,1.0,0.0
17767,8,4,1.0,0.0
17768,8,4,1.0,0.0
17769,8,4,1.0,0.0
17770,8,4,1.0,0.0
17771,8,4,1.0,0.0
17772,8,4,1.0,0.0
17773,8,4,1.0,0.0
17774,8,4,1.0,0.0
17775,8,4,1.0,0.0
17776,8,4,1.0,0.0
17777,8,4,1.0,0.0
17778,8,4,1.0,0.0
17779,8,4,1.0,0.0
17780,8,4,1.0,0.0
17781,8,4,1.0,0.0
17782,8,4,1.0,0.0
17783,8,4,1.0,0.0
17784,8,4,1.0,0.0
17785,8,4,1.0,0.0
17786,8,4,1.0,0.0
17787,8,4,1.0,0.0
17788,8,4,1.0,0.0
17789,8,4,1.0,0.0
17790,8,4,1.0,0.0
17791,8,4,1.0,0.0
17792,8,4,1.0,0.0
17793,8,4,1.0,0.0
17794,8,4,1.0,0.0
17795,8,4,1.0,0.0
17796,8,4,1.0,0.0
17797,8,4,1.0,0.0
17798,8,4,1.0,0.0
17799,8,4,1.0,0.0
17800,8,4,1.0,0.0
17801,8,4,1.0,0.0
17802,8,4,1.0,0.0
17803,8,4,1.0,0.0
17804,8,4,1.0,0.0
17805,8,4,1.0,0.0
17806,8,4,1.0,0.0
17807,8,4,1.0,0.0
17808,8,4,1.0,0.0
17809,8,4,1.0,0.0
17810,8,4,1.0,0.0
17811,8,4,1.0,0.0
17812,8,4,1.0,0.0
17813,8,4,1.0,0.0
17814,8,4,1.0,0.0
17815,8,4,1.0,0.0
17816,8,4,1.0,0.0
17817,8,4,1.0,0.0
17818,8,4,1.0,0.0
17819,8,4,1.0,0.0
17820,8,4,1.0,0.0
17821,8,4,1.0,0.0
17822,8,4,1.0,0.0
17823,8,4,1.0,0.0
17824,8,4,1.0,0.0
17825,8,4,1.0,0.0
17826,8,4,1.0,0.0
17827,8,4,1.0,0.0
17828,8,4,1.0,0.0
17829,8,4,1.0,0.0
17830,8,4,1.0,0.0
17831,8,4,1.0,0.0
17832,8,4,1.0,0.0
17833,8,4,1.0,0.0
17834,8,4,1.0,0.0
17835,8,4,1.0,0.0
17836,8,4,1.0,0.0
17837,8,4,1.0,0.0
17838,8,4,1.0,0.0
17839,8,4,1.0,0.0
17840,8,4,1.0,0.0
17841,8,4,1.0,0.0
17842,8,4,1.0,0.0
17843,8,4,1.0,0.0
17844,8,4,1.0,0.0
17845,8,4,1.0,0.0
17846,8,4,1.0,0.0
17847,8,4,1.0,0.0
17848,8,4,1.0,0.0
17849,8,4,1.0,0.0
17850,9,4,1.0,0.0
17851,9,4,1.0,0.0
17852,9,4,1.0,0.0
17853,9,4,1.0,0.0
17854,9,4,1.0,0.0
17855,9,4,1.0,0.0
17856,9,4,1.0,0.0
17857,9,4,1.0,0.0
17858,9,4,1.0,0.0
17859,9,4,1.0,0.0
17860,9,4,1.0,0.0
17861,9,4,1.0,0.0
17862,9,4,1.0,0.0
17863,9,4,1.0,0.0
17864,9,4,1.0,0.0
17865,9,4,1.0,0.0
17866,9,4,1.0,0.0
17867,9,4,1.0,0.0
17868,9,4,1.0,0.0
17869,9,4,1.0,0.0
17870,9,4,1.0,0.0
17871,9,4,1.0,0.0
17872,9,4,1.0,0.0
17873,9,4,1.0,0.0
17874,9,4,1.0,0.0
17875,9,4,1.0,0.0
17876,9,4,1.0,0.0
17877,9,4,1.0,0.0
17878,9,4,1.0,0.0
17879,9,4,1.0,0.0
17880,9,4,1.0,0.0
17881,9,4,1.0,0.0
17882,9,4,1.0,0.0
17883,9,4,1.0,0.0
17884,9,4,1.0,0.0
17885,9,4,1.0,0.0
17886,9,4,1.0,0.0
17887,9,4,1.0,0.0
17888,9,4,1.0,0.0
17889,9,4,1.0,0.0
17890,9,4,1.0,0.0
17891,9,4,1.0,0.0
17892,9,4,1.0,0.0
17893,9,4,1.0,0.0
17894,9,4,1.0,0.0
17895,9,4,1.0,0.0
17896,9,4,1.0,0.0
17897,9,4,1.0,0.0
17898,9,4,1.0,0.0
17899,9,4,1.0,0.0
17900,9,4,1.0,0.0
17901,9,4,1.0,0.0
17902,9,4,1.0,0.0
17903,9,4,1.0,0.0
17904,9,4,1.0,0.0
17905,9,4,1.0,0.0
17906,9,4,1.0,0.0
17907,9,4,1.0,0.0
17908,9,4,1.0,0.0
17909,9,4,1.0,0.0
17910,9,4,1.0,0.0
17911,9,4,1.0,0.0
17912,9,4,1.0,0.0
17913,9,4,1.0,0.0
17914,9,4,1.0,0.0
17915,9,4,1.0,0.0
17916,9,4,1.0,0.0
17917,9,4,1.0,0.0
17918,9,4,1.0,0.0
17919,9,4,1.0,0.0
17920,9,4,1.0,0.0
17921,9,4,1.0,0.0
17922,9,4,1.0,0.0
17923,9,4,1.0,0.0
17924,9,4,1.0,0.0
17925,9,4,1.0,0.0
17926,9,4,1.0,0.0
17927,9,4,1.0,0.0
17928,9,4,1.0,0.0
17929,9,4,1.0,0.0
17930,9,4,1.0,0.0
17931,9,4,1.0,0.0
17932,9,4,1.0,0.0
17933,9,4,1.0,0.0
17934,9,4,1.0,0.0
17935,9,4,1.0,0.0
17936,9,4,1.0,0.0
17937,9,4,1.0,0.0
17938,9,4,1.0,0.0
17939,9,4,1.0,0.0
17940,9,4,1.0,0.0
17941,9,4,1.0,0.0
17942,9,4,1.0,0.0
17943,9,4,1.0,0.0
17944,9,4,1.0,0.0
17945,9,4,1.0,0.0
17946,9,4,1.0,0.0
17947,9,4,1.0,0.0
17948,9,4,1.0,0.0
17949,9,4,1.0,0.0
17950,9,4,1.0,0.0
17951,9,4,1.0,0.0
17952,9,4,1.0,0.0
17953,9,4,1.0,0.0
17954,9,4,1.0,0.0
17955,9,4,1.0,0.0
17956,9,4,1.0,0.0
17957,9,4,1.0,0.0
17958,9,4,1.0,0.0
17959,9,4,1.0,0.0
17960,9,4,1.0,0.0
17961,9,4,1.0,0.0
17962,9,4,1.0,0.0
17963,9,4,1.0,0.0
17964,9,4,1.0,0.0
17965,9,4,1.0,0.0
17966,9,4,1.0,0.0
17967,9,4,1.0,0.0
17968,9,4,1.0,0.0
17969,9,4,1.0,0.0
17970,9,4,1.0,0.0
17971,9,4,1.0,0.0
17972,9,4,1.0,0.0
17973,9,4,1.0,0.0
17974,9,4,1.0,0.0
17975,9,4,1.0,0.0
17976,9,4,1.0,0.0
17977,9,4,1.0,0.0
17978,9,4,1.0,0.0
17979,9,4,1.0,0.0
17980,9,4,1.0,0.0
17981,9,4,1.0,0.0
17982,9,4,1.0,0.0
17983,9,4,1.0,0.0
17984,9,4,1.0,0.0
17985,9,4,1.0,0.0
17986,9,4,1.0,0.0
17987,9,4,1.0,0.0
17988,9,4,1.0,0.0
17989,9,4,1.0,0.0
17990,9,4,1.0,0.0
17991,9,4,1.0,0.0
17992,9,4,1.0,0.0
17993,9,4,1.0,0.0
17994,9,4,1.0,0.0
17995,9,4,1.0,0.0
17996,9,4,1.0,0.0
17997,9,4,1.0,0.0
17998,9,4,1.0,0.0
17999,9,4,1.0,0.0
18000,2,5,1.0,0.0
18001,2,5,1.0,0.0
18002,2,5,1.0,0.0
18003,2,5,1.0,0.0
18004,2,5,1.0,0.0
18005,2,5,1.0,0.0
18006,2,5,1.0,0.0
18007,2,5,1.0,0.0
18008,2,5,1.0,0.0
18009,2,5,1.0,0.0
18010,2,5,1.0,0.0
18011,2,5,1.0,0.0
18012,2,5,1.0,0.0
18013,2,5,1.0,0.0
18014,2,5,1.0,0.0
18015,2,5,1.0,0.0
18016,2,5,1.0,0.0
18017,2,5,1.0,0.0
18018,2,5,1.0,0.0
18019,2,5,1.0,0.0
18020,2,5,1.0,0.0
18021,2,5,1.0,0.0
18022,2,5,1.0,0.0
18023,2,5,1.0,0.0
18024,2,5,1.0,0.0
18025,2,5,1.0,0.0
18026,2,5,1.0,0.0
18027,2,5,1.0,0.0
18028,2,5,1.0,0.0
18029,2,5,1.0,0.0
18030,2,5,1.0,0.0
18031,2,5,1.0,0.0
18032,2,5,1.0,0.0
18033,2,5,1.0,0.0
18034,2,5,1.0,0.0
18035,2,5,1.0,0.0
18036,2,5,1.0,0.0
18037,2,5,1.0,0.0
18038,2,5,1.0,0.0
18039,2,5,1.0,0.0
18040,2,5,1.0,0.0
18041,2,5,1.0,0.0
18042,2,5,1.0,0.0
18043,2,5,1.0,0.0
18044,2,5,1.0,0.0
18045,2,5,1.0,0.0
18046,2,5,1.0,0.0
18047,2,5,1.0,0.0
18048,2,5,1.0,0.0
18049,2,5,1.0,0.0
18050,2,5,1.0,0.0
18051,2,5,1.0,0.0
18052,2,5,1.0,0.0
18053,2,5,1.0,0.0
18054,2,5,1.0,0.0
18055,2,5,1.0,0.0
18056,2,5,1.0,0.0
18057,2,5,1.0,0.0
18058,2,5,1.0,0.0
18059,2,5,1.0,0.0
18060,2,5,1.0,0.0
18061,2,5,1.0,0.0
18062,2,5,1.0,0.0
18063,2,5,1.0,0.0
18064,2,5,1.0,0.0
18065,2,5,1.0,0.0
18066,2,5,1.0,0.0
18067,2,5,1.0,0.0
18068,2,5,1.0,0.0
18069,2,5,1.0,0.0
18070,2,5,1.0,0.0
18071,2,5,1.0,0.0
18072,2,5,1.0,0.0
18073,2,5,1.0,0.0
18074,2,5,1.0,0.0
18075,2,5,1.0,0.0
18076,2,5,1.0,0.0
18077,2,5,1.0,0.0
18078,2,5,1.0,0.0
18079,2,5,1.0,0.0
18080,2,5,1.0,0.0
18081,2,5,1.0,0.0
18082,2,5,1.0,0.0
18083,2,5,1.0,0.0
18084,2,5,1.0,0.0
18085,2,5,1.0,0.0
18086,2,5,1.0,0.0
18087,2,5,1.0,0.0
18088,2,5,1.0,0.0
18089,2,5,1.0,0.0
18090,2,5,1.0,0.0
18091,2,5,1.0,0.0
18092,2,5,1.0,0.0
18093,2,5,1.0,0.0
18094,2,5,1.0,0.0
18095,2,5,1.0,0.0
18096,2,5,1.0,0.0
18097,2,5,1.0,0.0
18098,2,5,1.0,0.0
18099,2,5,1.0,0.0
18100,2,5,1.0,0.0
18101,2,5,1.0,0.0
18102,2,5,1.0,0.0
18103,2,5,1.0,0.0
18104,2,5,1.0,0.0
18105,2,5,1.0,0.0
18106,2,5,1.0,0.0
18107,2,5,1.0,0.0
18108,2,5,1.0,0.0
18109,2,5,1.0,0.0
18110,2,5,1.0,0.0
18111,2,5,1.0,0.0
18112,2,5,1.0,0.0
18113,2,5,1.0,0.0
18114,2,5,1.0,0.0
18115,2,5,1.0,0.0
18116,2,5,1.0,0.0
18117,2,5,1.0,0.0
18118,2,5,1.0,0.0
18119,2,5,1.0,0.0
18120,2,5,1.0,0.0
18121,2,5,1.0,0.0
18122,2,5,1.0,0.0
18123,2,5,1.0,0.0
18124,2,5,1.0,0.0
18125,2,5,1.0,0.0
18126,2,5,1.0,0.0
18127,2,5,1.0,0.0
18128,2,5,1.0,0.0
18129,2,5,1.0,0.0
18130,2,5,1.0,0.0
18131,2,5,1.0,0.0
18132,2,5,1.0,0.0
18133,2,5,1.0,0.0
18134,2,5,1.0,0.0
18135,2,5,1.0,0.0
18136,2,5,1.0,0.0
18137,2,5,1.0,0.0
18138,2,5,1.0,0.0
18139,2,5,1.0,0.0
18140,2,5,1.0,0.0
18141,2,5,1.0,0.0
18142,2,5,1.0,0.0
18143,2,5,1.0,0.0
18144,2,5,1.0,0.0
18145,2,5,1.0,0.0
18146,2,5,1.0,0.0
18147,2,5,1.0,0.0
18148,2,5,1.0,0.0
18149,2,5,1.0,0.0
18150,3,5,1.0,0.0
18151,3,5,1.0,0.0
18152,3,5,1.0,0.0
18153,3,5,1.0,0.0
18154,3,5,1.0,0.0
18155,3,5,1.0,0.0
18156,3,5,1.0,0.0
18157,3,5,1.0,0.0
18158,3,5,1.0,0.0
18159,3,5,1.0,0.0
18160,3,5,1.0,0.0
18161,3,5,1.0,0.0
18162,3,5,1.0,0.0
18163,3,5,1.0,0.0
18164,3,5,1.0,0.0
18165,3,5,1.0,0.0
18166,3,5,1.0,0.0
18167,3,5,1.0,0.0
18168,3,5,1.0,0.0
18169,3,5,1.0,0.0
18170,3,5,1.0,0.0
18171,3,5,1.0,0.0
18172,3,5,1.0,0.0
18173,3,5,1.0,0.0
18174,3,5,1.0,0.0
18175,3,5,1.0,0.0
18176,3,5,1.0,0.0
18177,3,5,1.0,0.0
18178,3,5,1.0,0.0
18179,3,5,1.0,0.0
18180,3,5,1.0,0.0
18181,3,5,1.0,0.0
18182,3,5,1.0,0.0
18183,3,5,1.0,0.0
18184,3,5,1.0,0.0
18185,3,5,1.0,0.0
18186,3,5,1.0,0.0
18187,3,5,1.0,0.0
18188,3,5,1.0,0.0
18189,3,5,1.0,0.0
18190,3,5,1.0,0.0
18191,3,5,1.0,0.0
18192,3,5,1.0,0.0
18193,3,5,1.0,0.0
18194,3,5,1.0,0.0
18195,3,5,1.0,0.0
18196,3,5,1.0,0.0
18197,3,5,1.0,0.0
18198,3,5,1.0,0.0
18199,3,5,1.0,0.0
18200,3,5,1.0,0.0
18201,3,5,1.0,0.0
18202,3,5,1.0,0.0
18203,3,5,1.0,0.0
18204,3,5,1.0,0.0
18205,3,5,1.0,0.0
18206,3,5,1.0,0.0
18207,3,5,1.0,0.0
18208,3,5,1.0,0.0
18209,3,5,1.0,0.0
18210,3,5,1.0,0.0
18211,3,5,1.0,0.0
18212,3,5,1.0,0.0
18213,3,5,1.0,0.0
18214,3,5,1.0,0.0
18215,3,5,1.0,0.0
18216,3,5,1.0,0.0
18217,3,5,1.0,0.0
18218,3,5,1.0,0.0
18219,3,5,1.0,0.0
18220,3,5,1.0,0.0
18221,3,5,1.0,0.0
18222,3,5,1.0,0.0
18223,3,5,1.0,0.0
18224,3,5,1.0,0.0
18225,3,5,1.0,0.0
18226,3,5,1.0,0.0
18227,3,5,1.0,0.0
18228,3,5,1.0,0.0
18229,3,5,1.0,0.0
18230,3,5,1.0,0.0
18231,3,5,1.0,0.0
18232,3,5,1.0,0.0
18233,3,5,1.0,0.0
18234,3,5,1.0,0.0
18235,3,5,1.0,0.0
18236,3,5,1.0,0.0
18237,3,5,1.0,0.0
18238,3,5,1.0,0.0
18239,3,5,1.0,0.0
18240,3,5,1.0,0.0
18241,3,5,1.0,0.0
18242,3,5,1.0,0.0
18243,3,5,1.0,0.0
18244,3,5,1.0,0.0
18245,3,5,1.0,0.0
18246,3,5,1.0,0.0
18247,3,5,1.0,0.0
18248,3,5,1.0,0.0
18249,3,5,1.0,0.0
18250,3,5,1.0,0.0
18251,3,5,1.0,0.0
18252,3,5,1.0,0.0
18253,3,5,1.0,0.0
18254,3,5,1.0,0.0
18255,3,5,1.0,0.0
18256,3,5,1.0,0.0
18257,3,5,1.0,0.0
18258,3,5,1.0,0.0
18259,3,5,1.0,0.0
18260,3,5,1.0,0.0
18261,3,5,1.0,0.0
18262,3,5,1.0,0.0
18263,3,5,1.0,0.0
18264,3,5,1.0,0.0
18265,3,5,1.0,0.0
18266,3,5,1.0,0.0
18267,3,5,1.0,0.0
18268,3,5,1.0,0.0
18269,3,5,1.0,0.0
18270,3,5,1.0,0.0
18271,3,5,1.0,0.0
18272,3,5,1.0,0.0
18273,3,5,1.0,0.0
18274,3,5,1.0,0.0
18275,3,5,1.0,0.0
18276,3,5,1.0,0.0
18277,3,5,1.0,0.0
18278,3,5,1.0,0.0
18279,3,5,1.0,0.0
18280,3,5,1.0,0.0
18281,3,5,1.0,0.0
18282,3,5,1.0,0.0
18283,3,5,1.0,0.0
18284,3,5,1.0,0.0
18285,3,5,1.0,0.0
18286,3,5,1.0,0.0
18287,3,5,1.0,0.0
18288,3,5,1.0,0.0
18289,3,5,1.0,0.0
18290,3,5,1.0,0.0
18291,3,5,1.0,0.0
18292,3,5,1.0,0.0
18293,3,5,1.0,0.0
18294,3,5,1.0,0.0
18295,3,5,1.0,0.0
18296,3,5,1.0,0.0
18297,3,5,1.0,0.0
18298,3,5,1.0,0.0
18299,3,5,1.0,0.0
18300,4,5,1.0,0.0
18301,4,5,1.0,0.0
18302,4,5,1.0,0.0
18303,4,5,1.0,0.0
18304,4,5,1.0,0.0
18305,4,5,1.0,0.0
18306,4,5,1.0,0.0
18307,4,5,1.0,0.0
18308,4,5,1.0,0.0
18309,4,5,1.0,0.0
18310,4,5,1.0,0.0
18311,4,5,1.0,0.0
18312,4,5,1.0,0.0
18313,4,5,1.0,0.0
18314,4,5,1.0,0.0
18315,4,5,1.0,0.0
18316,4,5,1.0,0.0
18317,4,5,1.0,0.0
18318,4,5,1.0,0.0
18319,4,5,1.0,0.0
18320,4,5,1.0,0.0
18321,4,5,1.0,0.0
18322,4,5,1.0,0.0
18323,4,5,1.0,0.0
18324,4,5,1.0,0.0
18325,4,5,1.0,0.0
18326,4,5,1.0,0.0
18327,4,5,1.0,0.0
18328,4,5,1.0,0.0
18329,4,5,1.0,0.0
18330,4,5,1.0,0.0
18331,4,5,1.0,0.0
18332,4,5,1.0,0.0
18333,4,5,1.0,0.0
18334,4,5,1.0,0.0
18335,4,5,1.0,0.0
18336,4,5,1.0,0.0
18337,4,5,1.0,0.0
18338,4,5,1.0,0.0
18339,4,5,1.0,0.0
18340,4,5,1.0,0.0
18341,4,5,1.0,0.0
18342,4,5,1.0,0.0
18343,4,5,1.0,0.0
18344,4,5,1.0,0.0
18345,4,5,1.0,0.0
18346,4,5,1.0,0.0
18347,4,5,1.0,0.0
18348,4,5,1.0,0.0
18349,4,5,1.0,0.0
18350,4,5,1.0,0.0
18351,4,5,1.0,0.0
18352,4,5,1.0,0.0
18353,4,5,1.0,0.0
18354,4,5,1.0,0.0
18355,4,5,1.0,0.0
18356,4,5,1.0,0.0
18357,4,5,1.0,0.0
18358,4,5,1.0,0.0
18359,4,5,1.0,0.0
18360,4,5,1.0,0.0
18361,4,5,1.0,0.0
18362,4,5,1.0,0.0
18363,4,5,1.0,0.0
18364,4,5,1.0,0.0
18365,4,5,1.0,0.0
18366,4,5,1.0,0.0
18367,4,5,1.0,0.0
18368,4,5,1.0,0.0
18369,4,5,1.0,0.0
18370,4,5,1.0,0.0
18371,4,5,1.0,0.0
18372,4,5,1.0,0.0
18373,4,5,1.0,0.0
18374,4,5,1.0,0.0
18375,4,5,1.0,0.0
18376,4,5,1.0,0.0
18377,4,5,1.0,0.0
18378,4,5,1.0,0.0
18379,4,5,1.0,0.0
18380,4,5,1.0,0.0
18381,4,5,1.0,0.0
18382,4,5,1.0,0.0
18383,4,5,1.0,0.0
18384,4,5,1.0,0.0
18385,4,5,1.0,0.0
18386,4,5,1.0,0.0
18387,4,5,1.0,0.0
18388,4,5,1.0,0.0
18389,4,5,1.0,0.0
18390,4,5,1.0,0.0
18391,4,5,1.0,0.0
18392,4,5,1.0,0.0
18393,4,5,1.0,0.0
18394,4,5,1.0,0.0
18395,4,5,1.0,0.0
18396,4,5,1.0,0.0
18397,4,5,1.0,0.0
18398,4,5,1.0,0.0
18399,4,5,1.0,0.0
18400,4,5,1.0,0.0
18401,4,5,1.0,0.0
18402,4,5,1.0,0.0
18403,4,5,1.0,0.0
18404,4,5,1.0,0.0
18405,4,5,1.0,0.0
18406,4,5,1.0,0.0
18407,4,5,1.0,0.0
18408,4,5,1.0,0.0
18409,4,5,1.0,0.0
18410,4,5,1.0,0.0
18411,4,5,1.0,0.0
18412,4,5,1.0,0.0
18413,4,5,1.0,0.0
18414,4,5,1.0,0.0
18415,4,5,1.0,0.0
18416,4,5,1.0,0.0
18417,4,5,1.0,0.0
18418,4,5,1.0,0.0
18419,4,5,1.0,0.0
18420,4,5,1.0,0.0
18421,4,5,1.0,0.0
18422,4,5,1.0,0.0
18423,4,5,1.0,0.0
18424,4,5,1.0,0.0
18425,4,5,1.0,0.0
18426,4,5,1.0,0.0
18427,4,5,1.0,0.0
18428,4,5,1.0,0.0
18429,4,5,1.0,0.0
18430,4,5,1.0,0.0
18431,4,5,1.0,0.0
18432,4,5,1.0,0.0
18433,4,5,1.0,0.0
18434,4,5,1.0,0.0
18435,4,5,1.0,0.0
18436,4,5,1.0,0.0
18437,4,5,1.0,0.0
18438,4,5,1.0,0.0
18439,4,5,1.0,0.0
18440,4,5,1.0,0.0
18441,4,5,1.0,0.0
18442,4,5,1.0,0.0
18443,4,5,1.0,0.0
18444,4,5,1.0,0.0
18445,4,5,1.0,0.0
18446,4,5,1.0,0.0
18447,4,5,1.0,0.0
18448,4,5,1.0,0.0
18449,4,5,1.0,0.0
18450,5,5,1.0,0.0
18451,5,5,1.0,0.0
18452,5,5,1.0,0.0
18453,5,5,1.0,0.0
18454,5,5,1.0,0.0
18455,5,5,1.0,0.0
18456,5,5,1.0,0.0
18457,5,5,1.0,0.0
18458,5,5,1.0,0.0
18459,5,5,1.0,0.0
18460,5,5,1.0,0.0
18461,5,5,1.0,0.0
18462,5,5,1.0,0.0
18463,5,5,1.0,0.0
18464,5,5,1.0,0.0
18465,5,5,1.0,0.0
18466,5,5,1.0,0.0
18467,5,5,1.0,0.0
18468,5,5,1.0,0.0
18469,5,5,1.0,0.0
18470,5,5,1.0,0.0
18471,5,5,1.0,0.0
18472,5,5,1.0,0.0
18473,5,5,1.0,0.0
18474,5,5,1.0,0.0
18475,5,5,1.0,0.0
18476,5,5,1.0,0.0
18477,5,5,1.0,0.0
18478,5,5,1.0,0.0
18479,5,5,1.0,0.0
18480,5,5,1.0,0.0
18481,5,5,1.0,0.0
18482,5,5,1.0,0.0
18483,5,5,1.0,0.0
18484,5,5,1.0,0.0
18485,5,5,1.0,0.0
18486,5,5,1.0,0.0
18487,5,5,1.0,0.0
18488,5,5,1.0,0.0
18489,5,5,1.0,0.0
18490,5,5,1.0,0.0
18491,5,5,1.0,0.0
18492,5,5,1.0,0.0
18493,5,5,1.0,0.0
18494,5,5,1.0,0.0
18495,5,5,1.0,0.0
18496,5,5,1.0,0.0
18497,5,5,1.0,0.0
18498,5,5,1.0,0.0
18499,5,5,1.0,0.0
18500,5,5,1.0,0.0
18501,5,5,1.0,0.0
18502,5,5,1.0,0.0
18503,5,5,1.0,0.0
18504,5,5,1.0,0.0
18505,5,5,1.0,0.0
18506,5,5,1.0,0.0
18507,5,5,1.0,0.0
18508,5,5,1.0,0.0
18509,5,5,1.0,0.0
18510,5,5,1.0,0.0
18511,5,5,1.0,0.0
18512,5,5,1.0,0.0
18513,5,5,1.0,0.0
18514,5,5,1.0,0.0
18515,5,5,1.0,0.0
18516,5,5,1.0,0.0
18517,5,5,1.0,0.0
18518,5,5,1.0,0.0
18519,5,5,1.0,0.0
18520,5,5,1.0,0.0
18521,5,5,1.0,0.0
18522,5,5,1.0,0.0
18523,5,5,1.0,0.0
18524,5,5,1.0,0.0
18525,5,5,1.0,0.0
18526,5,5,1.0,0.0
18527,5,5,1.0,0.0
18528,5,5,1.0,0.0
18529,5,5,1.0,0.0
18530,5,5,1.0,0.0
18531,5,5,1.0,0.0
18532,5,5,1.0,0.0
18533,5,5,1.0,0.0
18534,5,5,1.0,0.0
18535,5,5,1.0,0.0
18536,5,5,1.0,0.0
18537,5,5,1.0,0.0
18538,5,5,1.0,0.0
18539,5,5,1.0,0.0
18540,5,5,1.0,0.0
18541,5,5,1.0,0.0
18542,5,5,1.0,0.0
18543,5,5,1.0,0.0
18544,5,5,1.0,0.0
18545,5,5,1.0,0.0
18546,5,5,1.0,0.0
18547,5,5,1.0,0.0
18548,5,5,1.0,0.0
18549,5,5,1.0,0.0
18550,5,5,1.0,0.0
18551,5,5,1.0,0.0
18552,5,5,1.0,0.0
18553,5,5,1.0,0.0
18554,5,5,1.0,0.0
18555,5,5,1.0,0.0
18556,5,5,1.0,0.0
18557,5,5,1.0,0.0
18558,5,5,1.0,0.0
18559,5,5,1.0,0.0
18560,5,5,1.0,0.0
18561,5,5,1.0,0.0
18562,5,5,1.0,0.0
18563,5,5,1.0,0.0
18564,5,5,1.0,0.0
18565,5,5,1.0,0.0
18566,5,5,1.0,0.0
18567,5,5,1.0,0.0
18568,5,5,1.0,0.0
18569,5,5,1.0,0.0
18570,5,5,1.0,0.0
18571,5,5,1.0,0.0
18572,5,5,1.0,0.0
18573,5,5,1.0,0.0
18574,5,5,1.0,0.0
18575,5,5,1.0,0.0
18576,5,5,1.0,0.0
18577,5,5,1.0,0.0
18578,5,5,1.0,0.0
18579,5,5,1.0,0.0
18580,5,5,1.0,0.0
18581,5,5,1.0,0.0
18582,5,5,1.0,0.0
18583,5,5,1.0,0.0
18584,5,5,1.0,0.0
18585,5,5,1.0,0.0
18586,5,5,1.0,0.0
18587,5,5,1.0,0.0
18588,5,5,1.0,0.0
18589,5,5,1.0,0.0
18590,5,5,1.0,0.0
18591,5,5,1.0,0.0
18592,5,5,1.0,0.0
18593,5,5,1.0,0.0
18594,5,5,1.0,0.0
18595,5,5,1.0,0.0
18596,5,5,1.0,0.0
18597,5,5,1.0,0.0
18598,5,5,1.0,0.0
18599,5,5,1.0,0.0
18600,6,5,1.0,0.0
18601,6,5,1.0,0.0
18602,6,5,1.0,0.0
18603,6,5,1.0,0.0
18604,6,5,1.0,0.0
18605,6,5,1.0,0.0
18606,6,5,1.0,0.0
18607,6,5,1.0,0.0
18608,6,5,1.0,0.0
18609,6,5,1.0,0.0
18610,6,5,1.0,0.0
18611,6,5,1.0,0.0
18612,6,5,1.0,0.0
18613,6,5,1.0,0.0
18614,6,5,1.0,0.0
18615,6,5,1.0,0.0
18616,6,5,1.0,0.0
18617,6,5,1.0,0.0
18618,6,5,1.0,0.0
18619,6,5,1.0,0.0
18620,6,5,1.0,0.0
18621,6,5,1.0,0.0
18622,6,5,1.0,0.0
18623,6,5,1.0,0.0
18624,6,5,1.0,0.0
18625,6,5,1.0,0.0
18626,6,5,1.0,0.0
18627,6,5,1.0,0.0
18628,6,5,1.0,0.0
18629,6,5,1.0,0.0
18630,6,5,1.0,0.0
18631,6,5,1.0,0.0
18632,6,5,1.0,0.0
18633,6,5,1.0,0.0
18634,6,5,1.0,0.0
18635,6,5,1.0,0.0
18636,6,5,1.0,0.0
18637,6,5,1.0,0.0
18638,6,5,1.0,0.0
18639,6,5,1.0,0.0
18640,6,5,1.0,0.0
18641,6,5,1.0,0.0
18642,6,5,1.0,0.0
18643,6,5,1.0,0.0
18644,6,5,1.0,0.0
18645,6,5,1.0,0.0
18646,6,5,1.0,0.0
18647,6,5,1.0,0.0
18648,6,5,1.0,0.0
18649,6,5,1.0,0.0
18650,6,5,1.0,0.0
18651,6,5,1.0,0.0
18652,6,5,1.0,0.0
18653,6,5,1.0,0.0
18654,6,5,1.0,0.0
18655,6,5,1.0,0.0
18656,6,5,1.0,0.0
18657,6,5,1.0,0.0
18658,6,5,1.0,0.0
18659,6,5,1.0,0.0
18660,6,5,1.0,0.0
18661,6,5,1.0,0.0
18662,6,5,1.0,0.0
18663,6,5,1.0,0.0
18664,6,5,1.0,0.0
18665,6,5,1.0,0.0
18666,6,5,1.0,0.0
18667,6,5,1.0,0.0
18668,6,5,1.0,0.0
18669,6,5,1.0,0.0
18670,6,5,1.0,0.0
18671,6,5,1.0,0.0
18672,6,5,1.0,0.0
18673,6,5,1.0,0.0
18674,6,5,1.0,0.0
18675,6,5,1.0,0.0
18676,6,5,1.0,0.0
18677,6,5,1.0,0.0
18678,6,5,1.0,0.0
18679,6,5,1.0,0.0
18680,6,5,1.0,0.0
18681,6,5,1.0,0.0
18682,6,5,1.0,0.0
18683,6,5,1.0,0.0
18684,6,5,1.0,0.0
18685,6,5,1.0,0.0
18686,6,5,1.0,0.0
18687,6,5,1.0,0.0
18688,6,5,1.0,0.0
18689,6,5,1.0,0.0
18690,6,5,1.0,0.0
18691,6,5,1.0,0.0
18692,6,5,1.0,0.0
18693,6,5,1.0,0.0
18694,6,5,1.0,0.0
18695,6,5,1.0,0.0
18696,6,5,1.0,0.0
18697,6,5,1.0,0.0
18698,6,5,1.0,0.0
18699,6,5,1.0,0.0
18700,6,5,1.0,0.0
18701,6,5,1.0,0.0
18702,6,5,1.0,0.0
18703,6,5,1.0,0.0
18704,6,5,1.0,0.0
18705,6,5,1.0,0.0
18706,6,5,1.0,0.0
18707,6,5,1.0,0.0
18708,6,5,1.0,0.0
18709,6,5,1.0,0.0
18710,6,5,1.0,0.0
18711,6,5,1.0,0.0
18712,6,5,1.0,0.0
18713,6,5,1.0,0.0
18714,6,5,1.0,0.0
18715,6,5,1.0,0.0
18716,6,5,1.0,0.0
18717,6,5,1.0,0.0
18718,6,5,1.0,0.0
18719,6,5,1.0,0.0
18720,6,5,1.0,0.0
18721,6,5,1.0,0.0
18722,6,5,1.0,0.0
18723,6,5,1.0,0.0
18724,6,5,1.0,0.0
18725,6,5,1.0,0.0
18726,6,5,1.0,0.0
18727,6,5,1.0,0.0
18728,6,5,1.0,0.0
18729,6,5,1.0,0.0
18730,6,5,1.0,0.0
18731,6,5,1.0,0.0
18732,6,5,1.0,0.0
18733,6,5,1.0,0.0
18734,6,5,1.0,0.0
18735,6,5,1.0,0.0
18736,6,5,1.0,0.0
18737,6,5,1.0,0.0
18738,6,5,1.0,0.0
18739,6,5,1.0,0.0
18740,6,5,1.0,0.0
18741,6,5,1.0,0.0
18742,6,5,1.0,0.0
18743,6,5,1.0,0.0
18744,6,5,1.0,0.0
18745,6,5,1.0,0.0
18746,6,5,1.0,0.0
18747,6,5,1.0,0.0
18748,6,5,1.0,0.0
18749,6,5,1.0,0.0
18750,7,5,1.0,0.0
18751,7,5,1.0,0.0
18752,7,5,1.0,0.0
18753,7,5,1.0,0.0
18754,7,5,1.0,0.0
18755,7,5,1.0,0.0
18756,7,5,1.0,0.0
18757,7,5,1.0,0.0
18758,7,5,1.0,0.0
18759,7,5,1.0,0.0
18760,7,5,1.0,0.0
18761,7,5,1.0,0.0
18762,7,5,1.0,0.0
18763,7,5,1.0,0.0
18764,7,5,1.0,0.0
18765,7,5,1.0,0.0
18766,7,5,1.0,0.0
18767,7,5,1.0,0.0
18768,7,5,1.0,0.0
18769,7,5,1.0,0.0
18770,7,5,1.0,0.0
18771,7,5,1.0,0.0
18772,7,5,1.0,0.0
18773,7,5,1.0,0.0
18774,7,5,1.0,0.0
18775,7,5,1.0,0.0
18776,7,5,1.0,0.0
18777,7,5,1.0,0.0
18778,7,5,1.0,0.0
18779,7,5,1.0,0.0
18780,7,5,1.0,0.0
18781,7,5,1.0,0.0
18782,7,5,1.0,0.0
18783,7,5,1.0,0.0
18784,7,5,1.0,0.0
18785,7,5,1.0,0.0
18786,7,5,1.0,0.0
18787,7,5,1.0,0.0
18788,7,5,1.0,0.0
18789,7,5,1.0,0.0
18790,7,5,1.0,0.0
18791,7,5,1.0,0.0
18792,7,5,1.0,0.0
18793,7,5,1.0,0.0
18794,7,5,1.0,0.0
18795,7,5,1.0,0.0
18796,7,5,1.0,0.0
18797,7,5,1.0,0.0
18798,7,5,1.0,0.0
18799,7,5,1.0,0.0
18800,7,5,1.0,0.0
18801,7,5,1.0,0.0
18802,7,5,1.0,0.0
18803,7,5,1.0,0.0
18804,7,5,1.0,0.0
18805,7,5,1.0,0.0
18806,7,5,1.0,0.0
18807,7,5,1.0,0.0
18808,7,5,1.0,0.0
18809,7,5,1.0,0.0
18810,7,5,1.0,0.0
18811,7,5,1.0,0.0
18812,7,5,1.0,0.0
18813,7,5,1.0,0.0
18814,7,5,1.0,0.0
18815,7,5,1.0,0.0
18816,7,5,1.0,0.0
18817,7,5,1.0,0.0
18818,7,5,1.0,0.0
18819,7,5,1.0,0.0
18820,7,5,1.0,0.0
18821,7,5,1.0,0.0
18822,7,5,1.0,0.0
18823,7,5,1.0,0.0
18824,7,5,1.0,0.0
18825,7,5,1.0,0.0
18826,7,5,1.0,0.0
18827,7,5,1.0,0.0
18828,7,5,1.0,0.0
18829,7,5,1.0,0.0
18830,7,5,1.0,0.0
18831,7,5,1.0,0.0
18832,7,5,1.0,0.0
18833,7,5,1.0,0.0
18834,7,5,1.0,0.0
18835,7,5,1.0,0.0
18836,7,5,1.0,0.0
18837,7,5,1.0,0.0
18838,7,5,1.0,0.0
18839,7,5,1.0,0.0
18840,7,5,1.0,0.0
18841,7,5,1.0,0.0
18842,7,5,1.0,0.0
18843,7,5,1.0,0.0
18844,7,5,1.0,0.0
18845,7,5,1.0,0.0
18846,7,5,1.0,0.0
18847,7,5,1.0,0.0
18848,7,5,1.0,0.0
18849,7,5,1.0,0.0
18850,7,5,1.0,0.0
18851,7,5,1.0,0.0
18852,7,5,1.0,0.0
18853,7,5,1.0,0.0
18854,7,5,1.0,0.0
18855,7,5,1.0,0.0
18856,7,5,1.0,0.0
18857,7,5,1.0,0.0
18858,7,5,1.0,0.0
18859,7,5,1.0,0.0
18860,7,5,1.0,0.0
18861,7,5,1.0,0.0
18862,7,5,1.0,0.0
18863,7,5,1.0,0.0
18864,7,5,1.0,0.0
18865,7,5,1.0,0.0
18866,7,5,1.0,0.0
18867,7,5,1.0,0.0
18868,7,5,1.0,0.0
18869,7,5,1.0,0.0
18870,7,5,1.0,0.0
18871,7,5,1.0,0.0
18872,7,5,1.0,0.0
18873,7,5,1.0,0.0
18874,7,5,1.0,0.0
18875,7,5,1.0,0.0
18876,7,5,1.0,0.0
18877,7,5,1.0,0.0
18878,7,5,1.0,0.0
18879,7,5,1.0,0.0
18880,7,5,1.0,0.0
18881,7,5,1.0,0.0
18882,7,5,1.0,0.0
18883,7,5,1.0,0.0
18884,7,5,1.0,0.0
18885,7,5,1.0,0.0
18886,7,5,1.0,0.0
18887,7,5,1.0,0.0
18888,7,5,1.0,0.0
18889,7,5,1.0,0.0
18890,7,5,1.0,0.0
18891,7,5,1.0,0.0
18892,7,5,1.0,0.0
18893,7,5,1.0,0.0
18894,7,5,1.0,0.0
18895,7,5,1.0,0.0
18896,7,5,1.0,0.0
18897,7,5,1.0,0.0
18898,7,5,1.0,0.0
18899,7,5,1.0,0.0
18900,8,5,1.0,0.0
18901,8,5,1.0,0.0
18902,8,5,1.0,0.0
18903,8,5,1.0,0.0
18904,8,5,1.0,0.0
18905,8,5,1.0,0.0
18906,8,5,1.0,0.0
18907,8,5,1.0,0.0
18908,8,5,1.0,0.0
18909,8,5,1.0,0.0
18910,8,5,1.0,0.0
18911,8,5,1.0,0.0
18912,8,5,1.0,0.0
18913,8,5,1.0,0.0
18914,8,5,1.0,0.0
18915,8,5,1.0,0.0
18916,8,5,1.0,0.0
18917,8,5,1.0,0.0
18918,8,5,1.0,0.0
18919,8,5,1.0,0.0
18920,8,5,1.0,0.0
18921,8,5,1.0,0.0
18922,8,5,1.0,0.0
18923,8,5,1.0,0.0
18924,8,5,1.0,0.0
18925,8,5,1.0,0.0
18926,8,5,1.0,0.0
18927,8,5,1.0,0.0
18928,8,5,1.0,0.0
18929,8,5,1.0,0.0
18930,8,5,1.0,0.0
18931,8,5,1.0,0.0
18932,8,5,1.0,0.0
18933,8,5,1.0,0.0
18934,8,5,1.0,0.0
18935,8,5,1.0,0.0
18936,8,5,1.0,0.0
18937,8,5,1.0,0.0
18938,8,5,1.0,0.0
18939,8,5,1.0,0.0
18940,8,5,1.0,0.0
18941,8,5,1.0,0.0
18942,8,5,1.0,0.0
18943,8,5,1.0,0.0
18944,8,5,1.0,0.0
18945,8,5,1.0,0.0
18946,8,5,1.0,0.0
18947,8,5,1.0,0.0
18948,8,5,1.0,0.0
18949,8,5,1.0,0.0
18950,8,5,1.0,0.0
18951,8,5,1.0,0.0
18952,8,5,1.0,0.0
18953,8,5,1.0,0.0
18954,8,5,1.0,0.0
18955,8,5,1.0,0.0
18956,8,5,1.0,0.0
18957,8,5,1.0,0.0
18958,8,5,1.0,0.0
18959,8,5,1.0,0.0
18960,8,5,1.0,0.0
18961,8,5,1.0,0.0
18962,8,5,1.0,0.0
18963,8,5,1.0,0.0
18964,8,5,1.0,0.0
18965,8,5,1.0,0.0
18966,8,5,1.0,0.0
18967,8,5,1.0,0.0
18968,8,5,1.0,0.0
18969,8,5,1.0,0.0
18970,8,5,1.0,0.0
18971,8,5,1.0,0.0
18972,8,5,1.0,0.0
18973,8,5,1.0,0.0
18974,8,5,1.0,0.0
18975,8,5,1.0,0.0
18976,8,5,1.0,0.0
18977,8,5,1.0,0.0
18978,8,5,1.0,0.0
18979,8,5,1.0,0.0
18980,8,5,1.0,0.0
18981,8,5,1.0,0.0
18982,8,5,1.0,0.0
18983,8,5,1.0,0.0
18984,8,5,1.0,0.0
18985,8,5,1.0,0.0
18986,8,5,1.0,0.0
18987,8,5,1.0,0.0
18988,8,5,1.0,0.0
18989,8,5,1.0,0.0
18990,8,5,1.0,0.0
18991,8,5,1.0,0.0
18992,8,5,1.0,0.0
18993,8,5,1.0,0.0
18994,8,5,1.0,0.0
18995,8,5,1.0,0.0
18996,8,5,1.0,0.0
18997,8,5,1.0,0.0
18998,8,5,1.0,0.0
18999,8,5,1.0,0.0
19000,8,5,1.0,0.0
19001,8,5,1.0,0.0
19002,8,5,1.0,0.0
19003,8,5,1.0,0.0
19004,8,5,1.0,0.0
19005,8,5,1.0,0.0
19006,8,5,1.0,0.0
19007,8,5,1.0,0.0
19008,8,5,1.0,0.0
19009,8,5,1.0,0.0
19010,8,5,1.0,0.0
19011,8,5,1.0,0.0
19012,8,5,1.0,0.0
19013,8,5,1.0,0.0
19014,8,5,1.0,0.0
19015,8,5,1.0,0.0
19016,8,5,1.0,0.0
19017,8,5,1.0,0.0
19018,8,5,1.0,0.0
19019,8,5,1.0,0.0
19020,8,5,1.0,0.0
19021,8,5,1.0,0.0
19022,8,5,1.0,0.0
19023,8,5,1.0,0.0
19024,8,5,1.0,0.0
19025,8,5,1.0,0.0
19026,8,5,1.0,0.0
19027,8,5,1.0,0.0
19028,8,5,1.0,0.0
19029,8,5,1.0,0.0
19030,8,5,1.0,0.0
19031,8,5,1.0,0.0
19032,8,5,1.0,0.0
19033,8,5,1.0,0.0
19034,8,5,1.0,0.0
19035,8,5,1.0,0.0
19036,8,5,1.0,0.0
19037,8,5,1.0,0.0
19038,8,5,1.0,0.0
19039,8,5,1.0,0.0
19040,8,5,1.0,0.0
19041,8,5,1.0,0.0
19042,8,5,1.0,0.0
19043,8,5,1.0,0.0
19044,8,5,1.0,0.0
19045,8,5,1.0,0.0
19046,8,5,1.0,0.0
19047,8,5,1.0,0.0
19048,8,5,1.0,0.0
19049,8,5,1.0,0.0
19050,9,5,1.0,0.0
19051,9,5,1.0,0.0
19052,9,5,1.0,0.0
19053,9,5,1.0,0.0
19054,9,5,1.0,0.0
19055,9,5,1.0,0.0
19056,9,5,1.0,0.0
19057,9,5,1.0,0.0
19058,9,5,1.0,0.0
19059,9,5,1.0,0.0
19060,9,5,1.0,0.0
19061,9,5,1.0,0.0
19062,9,5,1.0,0.0
19063,9,5,1.0,0.0
19064,9,5,1.0,0.0
19065,9,5,1.0,0.0
19066,9,5,1.0,0.0
19067,9,5,1.0,0.0
19068,9,5,1.0,0.0
19069,9,5,1.0,0.0
19070,9,5,1.0,0.0
19071,9,5,1.0,0.0
19072,9,5,1.0,0.0
19073,9,5,1.0,0.0
19074,9,5,1.0,0.0
19075,9,5,1.0,0.0
19076,9,5,1.0,0.0
19077,9,5,1.0,0.0
19078,9,5,1.0,0.0
19079,9,5,1.0,0.0
19080,9,5,1.0,0.0
19081,9,5,1.0,0.0
19082,9,5,1.0,0.0
19083,9,5,1.0,0.0
19084,9,5,1.0,0.0
19085,9,5,1.0,0.0
19086,9,5,1.0,0.0
19087,9,5,1.0,0.0
19088,9,5,1.0,0.0
19089,9,5,1.0,0.0
19090,9,5,1.0,0.0
19091,9,5,1.0,0.0
19092,9,5,1.0,0.0
19093,9,5,1.0,0.0
19094,9,5,1.0,0.0
19095,9,5,1.0,0.0
19096,9,5,1.0,0.0
19097,9,5,1.0,0.0
19098,9,5,1.0,0.0
19099,9,5,1.0,0.0
19100,9,5,1.0,0.0
19101,9,5,1.0,0.0
19102,9,5,1.0,0.0
19103,9,5,1.0,0.0
19104,9,5,1.0,0.0
19105,9,5,1.0,0.0
19106,9,5,1.0,0.0
19107,9,5,1.0,0.0
19108,9,5,1.0,0.0
19109,9,5,1.0,0.0
19110,9,5,1.0,0.0
19111,9,5,1.0,0.0
19112,9,5,1.0,0.0
19113,9,5,1.0,0.0
19114,9,5,1.0,0.0
19115,9,5,1.0,0.0
19116,9,5,1.0,0.0
19117,9,5,1.0,0.0
19118,9,5,1.0,0.0
19119,9,5,1.0,0.0
19120,9,5,1.0,0.0
19121,9,5,1.0,0.0
19122,9,5,1.0,0.0
19123,9,5,1.0,0.0
19124,9,5,1.0,0.0
19125,9,5,1.0,0.0
19126,9,5,1.0,0.0
19127,9,5,1.0,0.0
19128,9,5,1.0,0.0
19129,9,5,1.0,0.0
19130,9,5,1.0,0.0
19131,9,5,1.0,0.0
19132,9,5,1.0,0.0
19133,9,5,1.0,0.0
19134,9,5,1.0,0.0
19135,9,5,1.0,0.0
19136,9,5,1.0,0.0
19137,9,5,1.0,0.0
19138,9,5,1.0,0.0
19139,9,5,1.0,0.0
19140,9,5,1.0,0.0
19141,9,5,1.0,0.0
19142,9,5,1.0,0.0
19143,9,5,1.0,0.0
19144,9,5,1.0,0.0
19145,9,5,1.0,0.0
19146,9,5,1.0,0.0
19147,9,5,1.0,0.0
19148,9,5,1.0,0.0
19149,9,5,1.0,0.0
19150,9,5,1.0,0.0
19151,9,5,1.0,0.0
19152,9,5,1.0,0.0
19153,9,5,1.0,0.0
19154,9,5,1.0,0.0
19155,9,5,1.0,0.0
19156,9,5,1.0,0.0
19157,9,5,1.0,0.0
19158,9,5,1.0,0.0
19159,9,5,1.0,0.0
19160,9,5,1.0,0.0
19161,9,5,1.0,0.0
19162,9,5,1.0,0.0
19163,9,5,1.0,0.0
19164,9,5,1.0,0.0
19165,9,5,1.0,0.0
19166,9,5,1.0,0.0
19167,9,5,1.0,0.0
19168,9,5,1.0,0.0
19169,9,5,1.0,0.0
19170,9,5,1.0,0.0
19171,9,5,1.0,0.0
19172,9,5,1.0,0.0
19173,9,5,1.0,0.0
19174,9,5,1.0,0.0
19175,9,5,1.0,0.0
19176,9,5,1.0,0.0
19177,9,5,1.0,0.0
19178,9,5,1.0,0.0
19179,9,5,1.0,0.0
19180,9,5,1.0,0.0
19181,9,5,1.0,0.0
19182,9,5,1.0,0.0
19183,9,5,1.0,0.0
19184,9,5,1.0,0.0
19185,9,5,1.0,0.0
19186,9,5,1.0,0.0
19187,9,5,1.0,0.0
19188,9,5,1.0,0.0
19189,9,5,1.0,0.0
19190,9,5,1.0,0.0
19191,9,5,1.0,0.0
19192,9,5,1.0,0.0
19193,9,5,1.0,0.0
19194,9,5,1.0,0.0
19195,9,5,1.0,0.0
19196,9,5,1.0,0.0
19197,9,5,1.0,0.0
19198,9,5,1.0,0.0
19199,9,5,1.0,0.0
19200,2,6,1.0,0.0
19201,2,6,1.0,0.0
19202,2,6,1.0,0.0
19203,2,6,1.0,0.0
19204,2,6,1.0,0.0
19205,2,6,1.0,0.0
19206,2,6,1.0,0.0
19207,2,6,1.0,0.0
19208,2,6,1.0,0.0
19209,2,6,1.0,0.0
19210,2,6,1.0,0.0
19211,2,6,1.0,0.0
19212,2,6,1.0,0.0
19213,2,6,1.0,0.0
19214,2,6,1.0,0.0
19215,2,6,1.0,0.0
19216,2,6,1.0,0.0
19217,2,6,1.0,0.0
19218,2,6,1.0,0.0
19219,2,6,1.0,0.0
19220,2,6,1.0,0.0
19221,2,6,1.0,0.0
19222,2,6,1.0,0.0
19223,2,6,1.0,0.0
19224,2,6,1.0,0.0
19225,2,6,1.0,0.0
19226,2,6,1.0,0.0
19227,2,6,1.0,0.0
19228,2,6,1.0,0.0
19229,2,6,1.0,0.0
19230,2,6,1.0,0.0
19231,2,6,1.0,0.0
19232,2,6,1.0,0.0
19233,2,6,1.0,0.0
19234,2,6,1.0,0.0
19235,2,6,1.0,0.0
19236,2,6,1.0,0.0
19237,2,6,1.0,0.0
19238,2,6,1.0,0.0
19239,2,6,1.0,0.0
19240,2,6,1.0,0.0
19241,2,6,1.0,0.0
19242,2,6,1.0,0.0
19243,2,6,1.0,0.0
19244,2,6,1.0,0.0
19245,2,6,1.0,0.0
19246,2,6,1.0,0.0
19247,2,6,1.0,0.0
19248,2,6,1.0,0.0
19249,2,6,1.0,0.0
19250,2,6,1.0,0.0
19251,2,6,1.0,0.0
19252,2,6,1.0,0.0
19253,2,6,1.0,0.0
19254,2,6,1.0,0.0
19255,2,6,1.0,0.0
19256,2,6,1.0,0.0
19257,2,6,1.0,0.0
19258,2,6,1.0,0.0
19259,2,6,1.0,0.0
19260,2,6,1.0,0.0
19261,2,6,1.0,0.0
19262,2,6,1.0,0.0
19263,2,6,1.0,0.0
19264,2,6,1.0,0.0
19265,2,6,1.0,0.0
19266,2,6,1.0,0.0
19267,2,6,1.0,0.0
19268,2,6,1.0,0.0
19269,2,6,1.0,0.0
19270,2,6,1.0,0.0
19271,2,6,1.0,0.0
19272,2,6,1.0,0.0
19273,2,6,1.0,0.0
19274,2,6,1.0,0.0
19275,2,6,1.0,0.0
19276,2,6,1.0,0.0
19277,2,6,1.0,0.0
19278,2,6,1.0,0.0
19279,2,6,1.0,0.0
19280,2,6,1.0,0.0
19281,2,6,1.0,0.0
19282,2,6,1.0,0.0
19283,2,6,1.0,0.0
19284,2,6,1.0,0.0
19285,2,6,1.0,0.0
19286,2,6,1.0,0.0
19287,2,6,1.0,0.0
19288,2,6,1.0,0.0
19289,2,6,1.0,0.0
19290,2,6,1.0,0.0
19291,2,6,1.0,0.0
19292,2,6,1.0,0.0
19293,2,6,1.0,0.0
19294,2,6,1.0,0.0
19295,2,6,1.0,0.0
19296,2,6,1.0,0.0
19297,2,6,1.0,0.0
19298,2,6,1.0,0.0
19299,2,6,1.0,0.0
19300,2,6,1.0,0.0
19301,2,6,1.0,0.0
19302,2,6,1.0,0.0
19303,2,6,1.0,0.0
19304,2,6,1.0,0.0
19305,2,6,1.0,0.0
19306,2,6,1.0,0.0
19307,2,6,1.0,0.0
19308,2,6,1.0,0.0
19309,2,6,1.0,0.0
19310,2,6,1.0,0.0
19311,2,6,1.0,0.0
19312,2,6,1.0,0.0
19313,2,6,1.0,0.0
19314,2,6,1.0,0.0
19315,2,6,1.0,0.0
19316,2,6,1.0,0.0
19317,2,6,1.0,0.0
19318,2,6,1.0,0.0
19319,2,6,1.0,0.0
19320,2,6,1.0,0.0
19321,2,6,1.0,0.0
19322,2,6,1.0,0.0
19323,2,6,1.0,0.0
19324,2,6,1.0,0.0
19325,2,6,1.0,0.0
19326,2,6,1.0,0.0
19327,2,6,1.0,0.0
19328,2,6,1.0,0.0
19329,2,6,1.0,0.0
19330,2,6,1.0,0.0
19331,2,6,1.0,0.0
19332,2,6,1.0,0.0
19333,2,6,1.0,0.0
19334,2,6,1.0,0.0
19335,2,6,1.0,0.0
19336,2,6,1.0,0.0
19337,2,6,1.0,0.0
19338,2,6,1.0,0.0
19339,2,6,1.0,0.0
19340,2,6,1.0,0.0
19341,2,6,1.0,0.0
19342,2,6,1.0,0.0
19343,2,6,1.0,0.0
19344,2,6,1.0,0.0
19345,2,6,1.0,0.0
19346,2,6,1.0,0.0
19347,2,6,1.0,0.0
19348,2,6,1.0,0.0
19349,2,6,1.0,0.0
19350,3,6,1.0,0.0
19351,3,6,1.0,0.0
19352,3,6,1.0,0.0
19353,3,6,1.0,0.0
19354,3,6,1.0,0.0
19355,3,6,1.0,0.0
19356,3,6,1.0,0.0
19357,3,6,1.0,0.0
19358,3,6,1.0,0.0
19359,3,6,1.0,0.0
19360,3,6,1.0,0.0
19361,3,6,1.0,0.0
19362,3,6,1.0,0.0
19363,3,6,1.0,0.0
19364,3,6,1.0,0.0
19365,3,6,1.0,0.0
19366,3,6,1.0,0.0
19367,3,6,1.0,0.0
19368,3,6,1.0,0.0
19369,3,6,1.0,0.0
19370,3,6,1.0,0.0
19371,3,6,1.0,0.0
19372,3,6,1.0,0.0
19373,3,6,1.0,0.0
19374,3,6,1.0,0.0
19375,3,6,1.0,0.0
19376,3,6,1.0,0.0
19377,3,6,1.0,0.0
19378,3,6,1.0,0.0
19379,3,6,1.0,0.0
19380,3,6,1.0,0.0
19381,3,6,1.0,0.0
19382,3,6,1.0,0.0
19383,3,6,1.0,0.0
19384,3,6,1.0,0.0
19385,3,6,1.0,0.0
19386,3,6,1.0,0.0
19387,3,6,1.0,0.0
19388,3,6,1.0,0.0
19389,3,6,1.0,0.0
19390,3,6,1.0,0.0
19391,3,6,1.0,0.0
19392,3,6,1.0,0.0
19393,3,6,1.0,0.0
19394,3,6,1.0,0.0
19395,3,6,1.0,0.0
19396,3,6,1.0,0.0
19397,3,6,1.0,0.0
19398,3,6,1.0,0.0
19399,3,6,1.0,0.0
19400,3,6,1.0,0.0
19401,3,6,1.0,0.0
19402,3,6,1.0,0.0
19403,3,6,1.0,0.0
19404,3,6,1.0,0.0
19405,3,6,1.0,0.0
19406,3,6,1.0,0.0
19407,3,6,1.0,0.0
19408,3,6,1.0,0.0
19409,3,6,1.0,0.0
19410,3,6,1.0,0.0
19411,3,6,1.0,0.0
19412,3,6,1.0,0.0
19413,3,6,1.0,0.0
19414,3,6,1.0,0.0
19415,3,6,1.0,0.0
19416,3,6,1.0,0.0
19417,3,6,1.0,0.0
19418,3,6,1.0,0.0
19419,3,6,1.0,0.0
19420,3,6,1.0,0.0
19421,3,6,1.0,0.0
19422,3,6,1.0,0.0
19423,3,6,1.0,0.0
19424,3,6,1.0,0.0
19425,3,6,1.0,0.0
19426,3,6,1.0,0.0
19427,3,6,1.0,0.0
19428,3,6,1.0,0.0
19429,3,6,1.0,0.0
19430,3,6,1.0,0.0
19431,3,6,1.0,0.0
19432,3,6,1.0,0.0
19433,3,6,1.0,0.0
19434,3,6,1.0,0.0
19435,3,6,1.0,0.0
19436,3,6,1.0,0.0
19437,3,6,1.0,0.0
19438,3,6,1.0,0.0
19439,3,6,1.0,0.0
19440,3,6,1.0,0.0
19441,3,6,1.0,0.0
19442,3,6,1.0,0.0
19443,3,6,1.0,0.0
19444,3,6,1.0,0.0
19445,3,6,1.0,0.0
19446,3,6,1.0,0.0
19447,3,6,1.0,0.0
19448,3,6,1.0,0.0
19449,3,6,1.0,0.0
19450,3,6,1.0,0.0
19451,3,6,1.0,0.0
19452,3,6,1.0,0.0
19453,3,6,1.0,0.0
19454,3,6,1.0,0.0
19455,3,6,1.0,0.0
19456,3,6,1.0,0.0
19457,3,6,1.0,0.0
19458,3,6,1.0,0.0
19459,3,6,1.0,0.0
19460,3,6,1.0,0.0
19461,3,6,1.0,0.0
19462,3,6,1.0,0.0
19463,3,6,1.0,0.0
19464,3,6,1.0,0.0
19465,3,6,1.0,0.0
19466,3,6,1.0,0.0
19467,3,6,1.0,0.0
19468,3,6,1.0,0.0
19469,3,6,1.0,0.0
19470,3,6,1.0,0.0
19471,3,6,1.0,0.0
19472,3,6,1.0,0.0
19473,3,6,1.0,0.0
19474,3,6,1.0,0.0
19475,3,6,1.0,0.0
19476,3,6,1.0,0.0
19477,3,6,1.0,0.0
19478,3,6,1.0,0.0
19479,3,6,1.0,0.0
19480,3,6,1.0,0.0
19481,3,6,1.0,0.0
19482,3,6,1.0,0.0
19483,3,6,1.0,0.0
19484,3,6,1.0,0.0
19485,3,6,1.0,0.0
19486,3,6,1.0,0.0
19487,3,6,1.0,0.0
19488,3,6,1.0,0.0
19489,3,6,1.0,0.0
19490,3,6,1.0,0.0
19491,3,6,1.0,0.0
19492,3,6,1.0,0.0
19493,3,6,1.0,0.0
19494,3,6,1.0,0.0
19495,3,6,1.0,0.0
19496,3,6,1.0,0.0
19497,3,6,1.0,0.0
19498,3,6,1.0,0.0
19499,3,6,1.0,0.0
19500,4,6,1.0,0.0
19501,4,6,1.0,0.0
19502,4,6,1.0,0.0
19503,4,6,1.0,0.0
19504,4,6,1.0,0.0
19505,4,6,1.0,0.0
19506,4,6,1.0,0.0
19507,4,6,1.0,0.0
19508,4,6,1.0,0.0
19509,4,6,1.0,0.0
19510,4,6,1.0,0.0
19511,4,6,1.0,0.0
19512,4,6,1.0,0.0
19513,4,6,1.0,0.0
19514,4,6,1.0,0.0
19515,4,6,1.0,0.0
19516,4,6,1.0,0.0
19517,4,6,1.0,0.0
19518,4,6,1.0,0.0
19519,4,6,1.0,0.0
19520,4,6,1.0,0.0
19521,4,6,1.0,0.0
19522,4,6,1.0,0.0
19523,4,6,1.0,0.0
19524,4,6,1.0,0.0
19525,4,6,1.0,0.0
19526,4,6,1.0,0.0
19527,4,6,1.0,0.0
19528,4,6,1.0,0.0
19529,4,6,1.0,0.0
19530,4,6,1.0,0.0
19531,4,6,1.0,0.0
19532,4,6,1.0,0.0
19533,4,6,1.0,0.0
19534,4,6,1.0,0.0
19535,4,6,1.0,0.0
19536,4,6,1.0,0.0
19537,4,6,1.0,0.0
19538,4,6,1.0,0.0
19539,4,6,1.0,0.0
19540,4,6,1.0,0.0
19541,4,6,1.0,0.0
19542,4,6,1.0,0.0
19543,4,6,1.0,0.0
19544,4,6,1.0,0.0
19545,4,6,1.0,0.0
19546,4,6,1.0,0.0
19547,4,6,1.0,0.0
19548,4,6,1.0,0.0
19549,4,6,1.0,0.0
19550,4,6,1.0,0.0
19551,4,6,1.0,0.0
19552,4,6,1.0,0.0
19553,4,6,1.0,0.0
19554,4,6,1.0,0.0
19555,4,6,1.0,0.0
19556,4,6,1.0,0.0
19557,4,6,1.0,0.0
19558,4,6,1.0,0.0
19559,4,6,1.0,0.0
19560,4,6,1.0,0.0
19561,4,6,1.0,0.0
19562,4,6,1.0,0.0
19563,4,6,1.0,0.0
19564,4,6,1.0,0.0
19565,4,6,1.0,0.0
19566,4,6,1.0,0.0
19567,4,6,1.0,0.0
19568,4,6,1.0,0.0
19569,4,6,1.0,0.0
19570,4,6,1.0,0.0
19571,4,6,1.0,0.0
19572,4,6,1.0,0.0
19573,4,6,1.0,0.0
19574,4,6,1.0,0.0
19575,4,6,1.0,0.0
19576,4,6,1.0,0.0
19577,4,6,1.0,0.0
19578,4,6,1.0,0.0
19579,4,6,1.0,0.0
19580,4,6,1.0,0.0
19581,4,6,1.0,0.0
19582,4,6,1.0,0.0
19583,4,6,1.0,0.0
19584,4,6,1.0,0.0
19585,4,6,1.0,0.0
19586,4,6,1.0,0.0
19587,4,6,1.0,0.0
19588,4,6,1.0,0.0
19589,4,6,1.0,0.0
19590,4,6,1.0,0.0
19591,4,6,1.0,0.0
19592,4,6,1.0,0.0
19593,4,6,1.0,0.0
19594,4,6,1.0,0.0
19595,4,6,1.0,0.0
19596,4,6,1.0,0.0
19597,4,6,1.0,0.0
19598,4,6,1.0,0.0
19599,4,6,1.0,0.0
19600,4,6,1.0,0.0
19601,4,6,1.0,0.0
19602,4,6,1.0,0.0
19603,4,6,1.0,0.0
19604,4,6,1.0,0.0
19605,4,6,1.0,0.0
19606,4,6,1.0,0.0
19607,4,6,1.0,0.0
19608,4,6,1.0,0.0
19609,4,6,1.0,0.0
19610,4,6,1.0,0.0
19611,4,6,1.0,0.0
19612,4,6,1.0,0.0
19613,4,6,1.0,0.0
19614,4,6,1.0,0.0
19615,4,6,1.0,0.0
19616,4,6,1.0,0.0
19617,4,6,1.0,0.0
19618,4,6,1.0,0.0
19619,4,6,1.0,0.0
19620,4,6,1.0,0.0
19621,4,6,1.0,0.0
19622,4,6,1.0,0.0
19623,4,6,1.0,0.0
19624,4,6,1.0,0.0
19625,4,6,1.0,0.0
19626,4,6,1.0,0.0
19627,4,6,1.0,0.0
19628,4,6,1.0,0.0
19629,4,6,1.0,0.0
19630,4,6,1.0,0.0
19631,4,6,1.0,0.0
19632,4,6,1.0,0.0
19633,4,6,1.0,0.0
19634,4,6,1.0,0.0
19635,4,6,1.0,0.0
19636,4,6,1.0,0.0
19637,4,6,1.0,0.0
19638,4,6,1.0,0.0
19639,4,6,1.0,0.0
19640,4,6,1.0,0.0
19641,4,6,1.0,0.0
19642,4,6,1.0,0.0
19643,4,6,1.0,0.0
19644,4,6,1.0,0.0
19645,4,6,1.0,0.0
19646,4,6,1.0,0.0
19647,4,6,1.0,0.0
19648,4,6,1.0,0.0
19649,4,6,1.0,0.0
19650,5,6,1.0,0.0
19651,5,6,1.0,0.0
19652,5,6,1.0,0.0
19653,5,6,1.0,0.0
19654,5,6,1.0,0.0
19655,5,6,1.0,0.0
19656,5,6,1.0,0.0
19657,5,6,1.0,0.0
19658,5,6,1.0,0.0
19659,5,6,1.0,0.0
19660,5,6,1.0,0.0
19661,5,6,1.0,0.0
19662,5,6,1.0,0.0
19663,5,6,1.0,0.0
19664,5,6,1.0,0.0
19665,5,6,1.0,0.0
19666,5,6,1.0,0.0
19667,5,6,1.0,0.0
19668,5,6,1.0,0.0
19669,5,6,1.0,0.0
19670,5,6,1.0,0.0
19671,5,6,1.0,0.0
19672,5,6,1.0,0.0
19673,5,6,1.0,0.0
19674,5,6,1.0,0.0
19675,5,6,1.0,0.0
19676,5,6,1.0,0.0
19677,5,6,1.0,0.0
19678,5,6,1.0,0.0
19679,5,6,1.0,0.0
19680,5,6,1.0,0.0
19681,5,6,1.0,0.0
19682,5,6,1.0,0.0
19683,5,6,1.0,0.0
19684,5,6,1.0,0.0
19685,5,6,1.0,0.0
19686,5,6,1.0,0.0
19687,5,6,1.0,0.0
19688,5,6,1.0,0.0
19689,5,6,1.0,0.0
19690,5,6,1.0,0.0
19691,5,6,1.0,0.0
19692,5,6,1.0,0.0
19693,5,6,1.0,0.0
19694,5,6,1.0,0.0
19695,5,6,1.0,0.0
19696,5,6,1.0,0.0
19697,5,6,1.0,0.0
19698,5,6,1.0,0.0
19699,5,6,1.0,0.0
19700,5,6,1.0,0.0
19701,5,6,1.0,0.0
19702,5,6,1.0,0.0
19703,5,6,1.0,0.0
19704,5,6,1.0,0.0
19705,5,6,1.0,0.0
19706,5,6,1.0,0.0
19707,5,6,1.0,0.0
19708,5,6,1.0,0.0
19709,5,6,1.0,0.0
19710,5,6,1.0,0.0
19711,5,6,1.0,0.0
19712,5,6,1.0,0.0
19713,5,6,1.0,0.0
19714,5,6,1.0,0.0
19715,5,6,1.0,0.0
19716,5,6,1.0,0.0
19717,5,6,1.0,0.0
19718,5,6,1.0,0.0
19719,5,6,1.0,0.0
19720,5,6,1.0,0.0
19721,5,6,1.0,0.0
19722,5,6,1.0,0.0
19723,5,6,1.0,0.0
19724,5,6,1.0,0.0
19725,5,6,1.0,0.0
19726,5,6,1.0,0.0
19727,5,6,1.0,0.0
19728,5,6,1.0,0.0
19729,5,6,1.0,0.0
19730,5,6,1.0,0.0
19731,5,6,1.0,0.0
19732,5,6,1.0,0.0
19733,5,6,1.0,0.0
19734,5,6,1.0,0.0
19735,5,6,1.0,0.0
19736,5,6,1.0,0.0
19737,5,6,1.0,0.0
19738,5,6,1.0,0.0
19739,5,6,1.0,0.0
19740,5,6,1.0,0.0
19741,5,6,1.0,0.0
19742,5,6,1.0,0.0
19743,5,6,1.0,0.0
19744,5,6,1.0,0.0
19745,5,6,1.0,0.0
19746,5,6,1.0,0.0
19747,5,6,1.0,0.0
19748,5,6,1.0,0.0
19749,5,6,1.0,0.0
19750,5,6,1.0,0.0
19751,5,6,1.0,0.0
19752,5,6,1.0,0.0
19753,5,6,1.0,0.0
19754,5,6,1.0,0.0
19755,5,6,1.0,0.0
19756,5,6,1.0,0.0
19757,5,6,1.0,0.0
19758,5,6,1.0,0.0
19759,5,6,1.0,0.0
19760,5,6,1.0,0.0
19761,5,6,1.0,0.0
19762,5,6,1.0,0.0
19763,5,6,1.0,0.0
19764,5,6,1.0,0.0
19765,5,6,1.0,0.0
19766,5,6,1.0,0.0
19767,5,6,1.0,0.0
19768,5,6,1.0,0.0
19769,5,6,1.0,0.0
19770,5,6,1.0,0.0
19771,5,6,1.0,0.0
19772,5,6,1.0,0.0
19773,5,6,1.0,0.0
19774,5,6,1.0,0.0
19775,5,6,1.0,0.0
19776,5,6,1.0,0.0
19777,5,6,1.0,0.0
19778,5,6,1.0,0.0
19779,5,6,1.0,0.0
19780,5,6,1.0,0.0
19781,5,6,1.0,0.0
19782,5,6,1.0,0.0
19783,5,6,1.0,0.0
19784,5,6,1.0,0.0
19785,5,6,1.0,0.0
19786,5,6,1.0,0.0
19787,5,6,1.0,0.0
19788,5,6,1.0,0.0
19789,5,6,1.0,0.0
19790,5,6,1.0,0.0
19791,5,6,1.0,0.0
19792,5,6,1.0,0.0
19793,5,6,1.0,0.0
19794,5,6,1.0,0.0
19795,5,6,1.0,0.0
19796,5,6,1.0,0.0
19797,5,6,1.0,0.0
19798,5,6,1.0,0.0
19799,5,6,1.0,0.0
19800,6,6,1.0,0.0
19801,6,6,1.0,0.0
19802,6,6,1.0,0.0
19803,6,6,1.0,0.0
19804,6,6,1.0,0.0
19805,6,6,1.0,0.0
19806,6,6,1.0,0.0
19807,6,6,1.0,0.0
19808,6,6,1.0,0.0
19809,6,6,1.0,0.0
19810,6,6,1.0,0.0
19811,6,6,1.0,0.0
19812,6,6,1.0,0.0
19813,6,6,1.0,0.0
19814,6,6,1.0,0.0
19815,6,6,1.0,0.0
19816,6,6,1.0,0.0
19817,6,6,1.0,0.0
19818,6,6,1.0,0.0
19819,6,6,1.0,0.0
19820,6,6,1.0,0.0
19821,6,6,1.0,0.0
19822,6,6,1.0,0.0
19823,6,6,1.0,0.0
19824,6,6,1.0,0.0
19825,6,6,1.0,0.0
19826,6,6,1.0,0.0
19827,6,6,1.0,0.0
19828,6,6,1.0,0.0
19829,6,6,1.0,0.0
19830,6,6,1.0,0.0
19831,6,6,1.0,0.0
19832,6,6,1.0,0.0
19833,6,6,1.0,0.0
19834,6,6,1.0,0.0
19835,6,6,1.0,0.0
19836,6,6,1.0,0.0
19837,6,6,1.0,0.0
19838,6,6,1.0,0.0
19839,6,6,1.0,0.0
19840,6,6,1.0,0.0
19841,6,6,1.0,0.0
19842,6,6,1.0,0.0
19843,6,6,1.0,0.0
19844,6,6,1.0,0.0
19845,6,6,1.0,0.0
19846,6,6,1.0,0.0
19847,6,6,1.0,0.0
19848,6,6,1.0,0.0
19849,6,6,1.0,0.0
19850,6,6,1.0,0.0
19851,6,6,1.0,0.0
19852,6,6,1.0,0.0
19853,6,6,1.0,0.0
19854,6,6,1.0,0.0
19855,6,6,1.0,0.0
19856,6,6,1.0,0.0
19857,6,6,1.0,0.0
19858,6,6,1.0,0.0
19859,6,6,1.0,0.0
19860,6,6,1.0,0.0
19861,6,6,1.0,0.0
19862,6,6,1.0,0.0
19863,6,6,1.0,0.0
19864,6,6,1.0,0.0
19865,6,6,1.0,0.0
19866,6,6,1.0,0.0
19867,6,6,1.0,0.0
19868,6,6,1.0,0.0
19869,6,6,1.0,0.0
19870,6,6,1.0,0.0
19871,6,6,1.0,0.0
19872,6,6,1.0,0.0
19873,6,6,1.0,0.0
19874,6,6,1.0,0.0
19875,6,6,1.0,0.0
19876,6,6,1.0,0.0
19877,6,6,1.0,0.0
19878,6,6,1.0,0.0
19879,6,6,1.0,0.0
19880,6,6,1.0,0.0
19881,6,6,1.0,0.0
19882,6,6,1.0,0.0
19883,6,6,1.0,0.0
19884,6,6,1.0,0.0
19885,6,6,1.0,0.0
19886,6,6,1.0,0.0
19887,6,6,1.0,0.0
19888,6,6,1.0,0.0
19889,6,6,1.0,0.0
19890,6,6,1.0,0.0
19891,6,6,1.0,0.0
19892,6,6,1.0,0.0
19893,6,6,1.0,0.0
19894,6,6,1.0,0.0
19895,6,6,1.0,0.0
19896,6,6,1.0,0.0
19897,6,6,1.0,0.0
19898,6,6,1.0,0.0
19899,6,6,1.0,0.0
19900,6,6,1.0,0.0
19901,6,6,1.0,0.0
19902,6,6,1.0,0.0
19903,6,6,1.0,0.0
19904,6,6,1.0,0.0
19905,6,6,1.0,0.0
19906,6,6,1.0,0.0
19907,6,6,1.0,0.0
19908,6,6,1.0,0.0
19909,6,6,1.0,0.0
19910,6,6,1.0,0.0
19911,6,6,1.0,0.0
19912,6,6,1.0,0.0
19913,6,6,1.0,0.0
19914,6,6,1.0,0.0
19915,6,6,1.0,0.0
19916,6,6,1.0,0.0
19917,6,6,1.0,0.0
19918,6,6,1.0,0.0
19919,6,6,1.0,0.0
19920,6,6,1.0,0.0
19921,6,6,1.0,0.0
19922,6,6,1.0,0.0
19923,6,6,1.0,0.0
19924,6,6,1.0,0.0
19925,6,6,1.0,0.0
19926,6,6,1.0,0.0
19927,6,6,1.0,0.0
19928,6,6,1.0,0.0
19929,6,6,1.0,0.0
19930,6,6,1.0,0.0
19931,6,6,1.0,0.0
19932,6,6,1.0,0.0
19933,6,6,1.0,0.0
19934,6,6,1.0,0.0
19935,6,6,1.0,0.0
19936,6,6,1.0,0.0
19937,6,6,1.0,0.0
19938,6,6,1.0,0.0
19939,6,6,1.0,0.0
19940,6,6,1.0,0.0
19941,6,6,1.0,0.0
19942,6,6,1.0,0.0
19943,6,6,1.0,0.0
19944,6,6,1.0,0.0
19945,6,6,1.0,0.0
19946,6,6,1.0,0.0
19947,6,6,1.0,0.0
19948,6,6,1.0,0.0
19949,6,6,1.0,0.0
19950,7,6,1.0,0.0
19951,7,6,1.0,0.0
19952,7,6,1.0,0.0
19953,7,6,1.0,0.0
19954,7,6,1.0,0.0
19955,7,6,1.0,0.0
19956,7,6,1.0,0.0
19957,7,6,1.0,0.0
19958,7,6,1.0,0.0
19959,7,6,1.0,0.0
19960,7,6,1.0,0.0
19961,7,6,1.0,0.0
19962,7,6,1.0,0.0
19963,7,6,1.0,0.0
19964,7,6,1.0,0.0
19965,7,6,1.0,0.0
19966,7,6,1.0,0.0
19967,7,6,1.0,0.0
19968,7,6,1.0,0.0
19969,7,6,1.0,0.0
19970,7,6,1.0,0.0
19971,7,6,1.0,0.0
19972,7,6,1.0,0.0
19973,7,6,1.0,0.0
19974,7,6,1.0,0.0
19975,7,6,1.0,0.0
19976,7,6,1.0,0.0
19977,7,6,1.0,0.0
19978,7,6,1.0,0.0
19979,7,6,1.0,0.0
19980,7,6,1.0,0.0
19981,7,6,1.0,0.0
19982,7,6,1.0,0.0
19983,7,6,1.0,0.0
19984,7,6,1.0,0.0
19985,7,6,1.0,0.0
19986,7,6,1.0,0.0
19987,7,6,1.0,0.0
19988,7,6,1.0,0.0
19989,7,6,1.0,0.0
19990,7,6,1.0,0.0
19991,7,6,1.0,0.0
19992,7,6,1.0,0.0
19993,7,6,1.0,0.0
19994,7,6,1.0,0.0
19995,7,6,1.0,0.0
19996,7,6,1.0,0.0
19997,7,6,1.0,0.0
19998,7,6,1.0,0.0
19999,7,6,1.0,0.0
20000,7,6,1.0,0.0
20001,7,6,1.0,0.0
20002,7,6,1.0,0.0
20003,7,6,1.0,0.0
20004,7,6,1.0,0.0
20005,7,6,1.0,0.0
20006,7,6,1.0,0.0
20007,7,6,1.0,0.0
20008,7,6,1.0,0.0
20009,7,6,1.0,0.0
20010,7,6,1.0,0.0
20011,7,6,1.0,0.0
20012,7,6,1.0,0.0
20013,7,6,1.0,0.0
20014,7,6,1.0,0.0
20015,7,6,1.0,0.0
20016,7,6,1.0,0.0
20017,7,6,1.0,0.0
20018,7,6,1.0,0.0
20019,7,6,1.0,0.0
20020,7,6,1.0,0.0
20021,7,6,1.0,0.0
20022,7,6,1.0,0.0
20023,7,6,1.0,0.0
20024,7,6,1.0,0.0
20025,7,6,1.0,0.0
20026,7,6,1.0,0.0
20027,7,6,1.0,0.0
20028,7,6,1.0,0.0
20029,7,6,1.0,0.0
20030,7,6,1.0,0.0
20031,7,6,1.0,0.0
20032,7,6,1.0,0.0
20033,7,6,1.0,0.0
20034,7,6,1.0,0.0
20035,7,6,1.0,0.0
20036,7,6,1.0,0.0
20037,7,6,1.0,0.0
20038,7,6,1.0,0.0
20039,7,6,1.0,0.0
20040,7,6,1.0,0.0
20041,7,6,1.0,0.0
20042,7,6,1.0,0.0
20043,7,6,1.0,0.0
20044,7,6,1.0,0.0
20045,7,6,1.0,0.0
20046,7,6,1.0,0.0
20047,7,6,1.0,0.0
20048,7,6,1.0,0.0
20049,7,6,1.0,0.0
20050,7,6,1.0,0.0
20051,7,6,1.0,0.0
20052,7,6,1.0,0.0
20053,7,6,1.0,0.0
20054,7,6,1.0,0.0
20055,7,6,1.0,0.0
20056,7,6,1.0,0.0
20057,7,6,1.0,0.0
20058,7,6,1.0,0.0
20059,7,6,1.0,0.0
20060,7,6,1.0,0.0
20061,7,6,1.0,0.0
20062,7,6,1.0,0.0
20063,7,6,1.0,0.0
20064,7,6,1.0,0.0
20065,7,6,1.0,0.0
20066,7,6,1.0,0.0
20067,7,6,1.0,0.0
20068,7,6,1.0,0.0
20069,7,6,1.0,0.0
20070,7,6,1.0,0.0
20071,7,6,1.0,0.0
20072,7,6,1.0,0.0
20073,7,6,1.0,0.0
20074,7,6,1.0,0.0
20075,7,6,1.0,0.0
20076,7,6,1.0,0.0
20077,7,6,1.0,0.0
20078,7,6,1.0,0.0
20079,7,6,1.0,0.0
20080,7,6,1.0,0.0
20081,7,6,1.0,0.0
20082,7,6,1.0,0.0
20083,7,6,1.0,0.0
20084,7,6,1.0,0.0
20085,7,6,1.0,0.0
20086,7,6,1.0,0.0
20087,7,6,1.0,0.0
20088,7,6,1.0,0.0
20089,7,6,1.0,0.0
20090,7,6,1.0,0.0
20091,7,6,1.0,0.0
20092,7,6,1.0,0.0
20093,7,6,1.0,0.0
20094,7,6,1.0,0.0
20095,7,6,1.0,0.0
20096,7,6,1.0,0.0
20097,7,6,1.0,0.0
20098,7,6,1.0,0.0
20099,7,6,1.0,0.0
20100,8,6,1.0,0.0
20101,8,6,1.0,0.0
20102,8,6,1.0,0.0
20103,8,6,1.0,0.0
20104,8,6,1.0,0.0
20105,8,6,1.0,0.0
20106,8,6,1.0,0.0
20107,8,6,1.0,0.0
20108,8,6,1.0,0.0
20109,8,6,1.0,0.0
20110,8,6,1.0,0.0
20111,8,6,1.0,0.0
20112,8,6,1.0,0.0
20113,8,6,1.0,0.0
20114,8,6,1.0,0.0
20115,8,6,1.0,0.0
20116,8,6,1.0,0.0
20117,8,6,1.0,0.0
20118,8,6,1.0,0.0
20119,8,6,1.0,0.0
20120,8,6,1.0,0.0
20121,8,6,1.0,0.0
20122,8,6,1.0,0.0
20123,8,6,1.0,0.0
20124,8,6,1.0,0.0
20125,8,6,1.0,0.0
20126,8,6,1.0,0.0
20127,8,6,1.0,0.0
20128,8,6,1.0,0.0
20129,8,6,1.0,0.0
20130,8,6,1.0,0.0
20131,8,6,1.0,0.0
20132,8,6,1.0,0.0
20133,8,6,1.0,0.0
20134,8,6,1.0,0.0
20135,8,6,1.0,0.0
20136,8,6,1.0,0.0
20137,8,6,1.0,0.0
20138,8,6,1.0,0.0
20139,8,6,1.0,0.0
20140,8,6,1.0,0.0
20141,8,6,1.0,0.0
20142,8,6,1.0,0.0
20143,8,6,1.0,0.0
20144,8,6,1.0,0.0
20145,8,6,1.0,0.0
20146,8,6,1.0,0.0
20147,8,6,1.0,0.0
20148,8,6,1.0,0.0
20149,8,6,1.0,0.0
20150,8,6,1.0,0.0
20151,8,6,1.0,0.0
20152,8,6,1.0,0.0
20153,8,6,1.0,0.0
20154,8,6,1.0,0.0
20155,8,6,1.0,0.0
20156,8,6,1.0,0.0
20157,8,6,1.0,0.0
20158,8,6,1.0,0.0
20159,8,6,1.0,0.0
20160,8,6,1.0,0.0
20161,8,6,1.0,0.0
20162,8,6,1.0,0.0
20163,8,6,1.0,0.0
20164,8,6,1.0,0.0
20165,8,6,1.0,0.0
20166,8,6,1.0,0.0
20167,8,6,1.0,0.0
20168,8,6,1.0,0.0
20169,8,6,1.0,0.0
20170,8,6,1.0,0.0
20171,8,6,1.0,0.0
20172,8,6,1.0,0.0
20173,8,6,1.0,0.0
20174,8,6,1.0,0.0
20175,8,6,1.0,0.0
20176,8,6,1.0,0.0
20177,8,6,1.0,0.0
20178,8,6,1.0,0.0
20179,8,6,1.0,0.0
20180,8,6,1.0,0.0
20181,8,6,1.0,0.0
20182,8,6,1.0,0.0
20183,8,6,1.0,0.0
20184,8,6,1.0,0.0
20185,8,6,1.0,0.0
20186,8,6,1.0,0.0
20187,8,6,1.0,0.0
20188,8,6,1.0,0.0
20189,8,6,1.0,0.0
20190,8,6,1.0,0.0
20191,8,6,1.0,0.0
20192,8,6,1.0,0.0
20193,8,6,1.0,0.0
20194,8,6,1.0,0.0
20195,8,6,1.0,0.0
20196,8,6,1.0,0.0
20197,8,6,1.0,0.0
20198,8,6,1.0,0.0
20199,8,6,1.0,0.0
20200,8,6,1.0,0.0
20201,8,6,1.0,0.0
20202,8,6,1.0,0.0
20203,8,6,1.0,0.0
20204,8,6,1.0,0.0
20205,8,6,1.0,0.0
20206,8,6,1.0,0.0
20207,8,6,1.0,0.0
20208,8,6,1.0,0.0
20209,8,6,1.0,0.0
20210,8,6,1.0,0.0
20211,8,6,1.0,0.0
20212,8,6,1.0,0.0
20213,8,6,1.0,0.0
20214,8,6,1.0,0.0
20215,8,6,1.0,0.0
20216,8,6,1.0,0.0
20217,8,6,1.0,0.0
20218,8,6,1.0,0.0
20219,8,6,1.0,0.0
20220,8,6,1.0,0.0
20221,8,6,1.0,0.0
20222,8,6,1.0,0.0
20223,8,6,1.0,0.0
20224,8,6,1.0,0.0
20225,8,6,1.0,0.0
20226,8,6,1.0,0.0
20227,8,6,1.0,0.0
20228,8,6,1.0,0.0
20229,8,6,1.0,0.0
20230,8,6,1.0,0.0
20231,8,6,1.0,0.0
20232,8,6,1.0,0.0
20233,8,6,1.0,0.0
20234,8,6,1.0,0.0
20235,8,6,1.0,0.0
20236,8,6,1.0,0.0
20237,8,6,1.0,0.0
20238,8,6,1.0,0.0
20239,8,6,1.0,0.0
20240,8,6,1.0,0.0
20241,8,6,1.0,0.0
20242,8,6,1.0,0.0
20243,8,6,1.0,0.0
20244,8,6,1.0,0.0
20245,8,6,1.0,0.0
20246,8,6,1.0,0.0
20247,8,6,1.0,0.0
20248,8,6,1.0,0.0
20249,8,6,1.0,0.0
20250,9,6,1.0,0.0
20251,9,6,1.0,0.0
20252,9,6,1.0,0.0
20253,9,6,1.0,0.0
20254,9,6,1.0,0.0
20255,9,6,1.0,0.0
20256,9,6,1.0,0.0
20257,9,6,1.0,0.0
20258,9,6,1.0,0.0
20259,9,6,1.0,0.0
20260,9,6,1.0,0.0
20261,9,6,1.0,0.0
20262,9,6,1.0,0.0
20263,9,6,1.0,0.0
20264,9,6,1.0,0.0
20265,9,6,1.0,0.0
20266,9,6,1.0,0.0
20267,9,6,1.0,0.0
20268,9,6,1.0,0.0
20269,9,6,1.0,0.0
20270,9,6,1.0,0.0
20271,9,6,1.0,0.0
20272,9,6,1.0,0.0
20273,9,6,1.0,0.0
20274,9,6,1.0,0.0
20275,9,6,1.0,0.0
20276,9,6,1.0,0.0
20277,9,6,1.0,0.0
20278,9,6,1.0,0.0
20279,9,6,1.0,0.0
20280,9,6,1.0,0.0
20281,9,6,1.0,0.0
20282,9,6,1.0,0.0
20283,9,6,1.0,0.0
20284,9,6,1.0,0.0
20285,9,6,1.0,0.0
20286,9,6,1.0,0.0
20287,9,6,1.0,0.0
20288,9,6,1.0,0.0
20289,9,6,1.0,0.0
20290,9,6,1.0,0.0
20291,9,6,1.0,0.0
20292,9,6,1.0,0.0
20293,9,6,1.0,0.0
20294,9,6,1.0,0.0
20295,9,6,1.0,0.0
20296,9,6,1.0,0.0
20297,9,6,1.0,0.0
20298,9,6,1.0,0.0
20299,9,6,1.0,0.0
20300,9,6,1.0,0.0
20301,9,6,1.0,0.0
20302,9,6,1.0,0.0
20303,9,6,1.0,0.0
20304,9,6,1.0,0.0
20305,9,6,1.0,0.0
20306,9,6,1.0,0.0
20307,9,6,1.0,0.0
20308,9,6,1.0,0.0
20309,9,6,1.0,0.0
20310,9,6,1.0,0.0
20311,9,6,1.0,0.0
20312,9,6,1.0,0.0
20313,9,6,1.0,0.0
20314,9,6,1.0,0.0
20315,9,6,1.0,0.0
20316,9,6,1.0,0.0
20317,9,6,1.0,0.0
20318,9,6,1.0,0.0
20319,9,6,1.0,0.0
20320,9,6,1.0,0.0
20321,9,6,1.0,0.0
20322,9,6,1.0,0.0
20323,9,6,1.0,0.0
20324,9,6,1.0,0.0
20325,9,6,1.0,0.0
20326,9,6,1.0,0.0
20327,9,6,1.0,0.0
20328,9,6,1.0,0.0
20329,9,6,1.0,0.0
20330,9,6,1.0,0.0
20331,9,6,1.0,0.0
20332,9,6,1.0,0.0
20333,9,6,1.0,0.0
20334,9,6,1.0,0.0
20335,9,6,1.0,0.0
20336,9,6,1.0,0.0
20337,9,6,1.0,0.0
20338,9,6,1.0,0.0
20339,9,6,1.0,0.0
20340,9,6,1.0,0.0
20341,9,6,1.0,0.0
20342,9,6,1.0,0.0
20343,9,6,1.0,0.0
20344,9,6,1.0,0.0
20345,9,6,1.0,0.0
20346,9,6,1.0,0.0
20347,9,6,1.0,0.0
20348,9,6,1.0,0.0
20349,9,6,1.0,0.0
20350,9,6,1.0,0.0
20351,9,6,1.0,0.0
20352,9,6,1.0,0.0
20353,9,6,1.0,0.0
20354,9,6,1.0,0.0
20355,9,6,1.0,0.0
20356,9,6,1.0,0.0
20357,9,6,1.0,0.0
20358,9,6,1.0,0.0
20359,9,6,1.0,0.0
20360,9,6,1.0,0.0
20361,9,6,1.0,0.0
20362,9,6,1.0,0.0
20363,9,6,1.0,0.0
20364,9,6,1.0,0.0
20365,9,6,1.0,0.0
20366,9,6,1.0,0.0
20367,9,6,1.0,0.0
20368,9,6,1.0,0.0
20369,9,6,1.0,0.0
20370,9,6,1.0,0.0
20371,9,6,1.0,0.0
20372,9,6,1.0,0.0
20373,9,6,1.0,0.0
20374,9,6,1.0,0.0
20375,9,6,1.0,0.0
20376,9,6,1.0,0.0
20377,9,6,1.0,0.0
20378,9,6,1.0,0.0
20379,9,6,1.0,0.0
20380,9,6,1.0,0.0
20381,9,6,1.0,0.0
20382,9,6,1.0,0.0
20383,9,6,1.0,0.0
20384,9,6,1.0,0.0
20385,9,6,1.0,0.0
20386,9,6,1.0,0.0
20387,9,6,1.0,0.0
20388,9,6,1.0,0.0
20389,9,6,1.0,0.0
20390,9,6,1.0,0.0
20391,9,6,1.0,0.0
20392,9,6,1.0,0.0
20393,9,6,1.0,0.0
20394,9,6,1.0,0.0
20395,9,6,1.0,0.0
20396,9,6,1.0,0.0
20397,9,6,1.0,0.0
20398,9,6,1.0,0.0
20399,9,6,1.0,0.0
20400,2,7,1.0,0.0
20401,2,7,1.0,0.0
20402,2,7,1.0,0.0
20403,2,7,1.0,0.0
20404,2,7,1.0,0.0
20405,2,7,1.0,0.0
20406,2,7,1.0,0.0
20407,2,7,1.0,0.0
20408,2,7,1.0,0.0
20409,2,7,1.0,0.0
20410,2,7,1.0,0.0
20411,2,7,1.0,0.0
20412,2,7,1.0,0.0
20413,2,7,1.0,0.0
20414,2,7,1.0,0.0
20415,2,7,1.0,0.0
20416,2,7,1.0,0.0
20417,2,7,1.0,0.0
20418,2,7,1.0,0.0
20419,2,7,1.0,0.0
20420,2,7,1.0,0.0
20421,2,7,1.0,0.0
20422,2,7,1.0,0.0
20423,2,7,1.0,0.0
20424,2,7,1.0,0.0
20425,2,7,1.0,0.0
20426,2,7,1.0,0.0
20427,2,7,1.0,0.0
20428,2,7,1.0,0.0
20429,2,7,1.0,0.0
20430,2,7,1.0,0.0
20431,2,7,1.0,0.0
20432,2,7,1.0,0.0
20433,2,7,1.0,0.0
20434,2,7,1.0,0.0
20435,2,7,1.0,0.0
20436,2,7,1.0,0.0
20437,2,7,1.0,0.0
20438,2,7,1.0,0.0
20439,2,7,1.0,0.0
20440,2,7,1.0,0.0
20441,2,7,1.0,0.0
20442,2,7,1.0,0.0
20443,2,7,1.0,0.0
20444,2,7,1.0,0.0
20445,2,7,1.0,0.0
20446,2,7,1.0,0.0
20447,2,7,1.0,0.0
20448,2,7,1.0,0.0
20449,2,7,1.0,0.0
20450,2,7,1.0,0.0
20451,2,7,1.0,0.0
20452,2,7,1.0,0.0
20453,2,7,1.0,0.0
20454,2,7,1.0,0.0
20455,2,7,1.0,0.0
20456,2,7,1.0,0.0
20457,2,7,1.0,0.0
20458,2,7,1.0,0.0
20459,2,7,1.0,0.0
20460,2,7,1.0,0.0
20461,2,7,1.0,0.0
20462,2,7,1.0,0.0
20463,2,7,1.0,0.0
20464,2,7,1.0,0.0
20465,2,7,1.0,0.0
20466,2,7,1.0,0.0
20467,2,7,1.0,0.0
20468,2,7,1.0,0.0
20469,2,7,1.0,0.0
20470,2,7,1.0,0.0
20471,2,7,1.0,0.0
20472,2,7,1.0,0.0
20473,2,7,1.0,0.0
20474,2,7,1.0,0.0
20475,2,7,1.0,0.0
20476,2,7,1.0,0.0
20477,2,7,1.0,0.0
20478,2,7,1.0,0.0
20479,2,7,1.0,0.0
20480,2,7,1.0,0.0
20481,2,7,1.0,0.0
20482,2,7,1.0,0.0
20483,2,7,1.0,0.0
20484,2,7,1.0,0.0
20485,2,7,1.0,0.0
20486,2,7,1.0,0.0
20487,2,7,1.0,0.0
20488,2,7,1.0,0.0
20489,2,7,1.0,0.0
20490,2,7,1.0,0.0
20491,2,7,1.0,0.0
20492,2,7,1.0,0.0
20493,2,7,1.0,0.0
20494,2,7,1.0,0.0
20495,2,7,1.0,0.0
20496,2,7,1.0,0.0
20497,2,7,1.0,0.0
20498,2,7,1.0,0.0
20499,2,7,1.0,0.0
20500,2,7,1.0,0.0
20501,2,7,1.0,0.0
20502,2,7,1.0,0.0
20503,2,7,1.0,0.0
20504,2,7,1.0,0.0
20505,2,7,1.0,0.0
20506,2,7,1.0,0.0
20507,2,7,1.0,0.0
20508,2,7,1.0,0.0
20509,2,7,1.0,0.0
20510,2,7,1.0,0.0
20511,2,7,1.0,0.0
20512,2,7,1.0,0.0
20513,2,7,1.0,0.0
20514,2,7,1.0,0.0
20515,2,7,1.0,0.0
20516,2,7,1.0,0.0
20517,2,7,1.0,0.0
20518,2,7,1.0,0.0
20519,2,7,1.0,0.0
20520,2,7,1.0,0.0
20521,2,7,1.0,0.0
20522,2,7,1.0,0.0
20523,2,7,1.0,0.0
20524,2,7,1.0,0.0
20525,2,7,1.0,0.0
20526,2,7,1.0,0.0
20527,2,7,1.0,0.0
20528,2,7,1.0,0.0
20529,2,7,1.0,0.0
20530,2,7,1.0,0.0
20531,2,7,1.0,0.0
20532,2,7,1.0,0.0
20533,2,7,1.0,0.0
20534,2,7,1.0,0.0
20535,2,7,1.0,0.0
20536,2,7,1.0,0.0
20537,2,7,1.0,0.0
20538,2,7,1.0,0.0
20539,2,7,1.0,0.0
20540,2,7,1.0,0.0
20541,2,7,1.0,0.0
20542,2,7,1.0,0.0
20543,2,7,1.0,0.0
20544,2,7,1.0,0.0
20545,2,7,1.0,0.0
20546,2,7,1.0,0.0
20547,2,7,1.0,0.0
20548,2,7,1.0,0.0
20549,2,7,1.0,0.0
20550,3,7,1.0,0.0
20551,3,7,1.0,0.0
20552,3,7,1.0,0.0
20553,3,7,1.0,0.0
20554,3,7,1.0,0.0
20555,3,7,1.0,0.0
20556,3,7,1.0,0.0
20557,3,7,1.0,0.0
20558,3,7,1.0,0.0
20559,3,7,1.0,0.0
20560,3,7,1.0,0.0
20561,3,7,1.0,0.0
20562,3,7,1.0,0.0
20563,3,7,1.0,0.0
20564,3,7,1.0,0.0
20565,3,7,1.0,0.0
20566,3,7,1.0,0.0
20567,3,7,1.0,0.0
20568,3,7,1.0,0.0
20569,3,7,1.0,0.0
20570,3,7,1.0,0.0
20571,3,7,1.0,0.0
20572,3,7,1.0,0.0
20573,3,7,1.0,0.0
20574,3,7,1.0,0.0
20575,3,7,1.0,0.0
20576,3,7,1.0,0.0
20577,3,7,1.0,0.0
20578,3,7,1.0,0.0
20579,3,7,1.0,0.0
20580,3,7,1.0,0.0
20581,3,7,1.0,0.0
20582,3,7,1.0,0.0
20583,3,7,1.0,0.0
20584,3,7,1.0,0.0
20585,3,7,1.0,0.0
20586,3,7,1.0,0.0
20587,3,7,1.0,0.0
20588,3,7,1.0,0.0
20589,3,7,1.0,0.0
20590,3,7,1.0,0.0
20591,3,7,1.0,0.0
20592,3,7,1.0,0.0
20593,3,7,1.0,0.0
20594,3,7,1.0,0.0
20595,3,7,1.0,0.0
20596,3,7,1.0,0.0
20597,3,7,1.0,0.0
20598,3,7,1.0,0.0
20599,3,7,1.0,0.0
20600,3,7,1.0,0.0
20601,3,7,1.0,0.0
20602,3,7,1.0,0.0
20603,3,7,1.0,0.0
20604,3,7,1.0,0.0
20605,3,7,1.0,0.0
20606,3,7,1.0,0.0
20607,3,7,1.0,0.0
20608,3,7,1.0,0.0
20609,3,7,1.0,0.0
20610,3,7,1.0,0.0
20611,3,7,1.0,0.0
20612,3,7,1.0,0.0
20613,3,7,1.0,0.0
20614,3,7,1.0,0.0
20615,3,7,1.0,0.0
20616,3,7,1.0,0.0
20617,3,7,1.0,0.0
20618,3,7,1.0,0.0
20619,3,7,1.0,0.0
20620,3,7,1.0,0.0
20621,3,7,1.0,0.0
20622,3,7,1.0,0.0
20623,3,7,1.0,0.0
20624,3,7,1.0,0.0
20625,3,7,1.0,0.0
20626,3,7,1.0,0.0
20627,3,7,1.0,0.0
20628,3,7,1.0,0.0
20629,3,7,1.0,0.0
20630,3,7,1.0,0.0
20631,3,7,1.0,0.0
20632,3,7,1.0,0.0
20633,3,7,1.0,0.0
20634,3,7,1.0,0.0
20635,3,7,1.0,0.0
20636,3,7,1.0,0.0
20637,3,7,1.0,0.0
20638,3,7,1.0,0.0
20639,3,7,1.0,0.0
20640,3,7,1.0,0.0
20641,3,7,1.0,0.0
20642,3,7,1.0,0.0
20643,3,7,1.0,0.0
20644,3,7,1.0,0.0
20645,3,7,1.0,0.0
20646,3,7,1.0,0.0
20647,3,7,1.0,0.0
20648,3,7,1.0,0.0
20649,3,7,1.0,0.0
20650,3,7,1.0,0.0
20651,3,7,1.0,0.0
20652,3,7,1.0,0.0
20653,3,7,1.0,0.0
20654,3,7,1.0,0.0
20655,3,7,1.0,0.0
20656,3,7,1.0,0.0
20657,3,7,1.0,0.0
20658,3,7,1.0,0.0
20659,3,7,1.0,0.0
20660,3,7,1.0,0.0
20661,3,7,1.0,0.0
20662,3,7,1.0,0.0
20663,3,7,1.0,0.0
20664,3,7,1.0,0.0
20665,3,7,1.0,0.0
20666,3,7,1.0,0.0
20667,3,7,1.0,0.0
20668,3,7,1.0,0.0
20669,3,7,1.0,0.0
20670,3,7,1.0,0.0
20671,3,7,1.0,0.0
20672,3,7,1.0,0.0
20673,3,7,1.0,0.0
20674,3,7,1.0,0.0
20675,3,7,1.0,0.0
20676,3,7,1.0,0.0
20677,3,7,1.0,0.0
20678,3,7,1.0,0.0
20679,3,7,1.0,0.0
20680,3,7,1.0,0.0
20681,3,7,1.0,0.0
20682,3,7,1.0,0.0
20683,3,7,1.0,0.0
20684,3,7,1.0,0.0
20685,3,7,1.0,0.0
20686,3,7,1.0,0.0
20687,3,7,1.0,0.0
20688,3,7,1.0,0.0
20689,3,7,1.0,0.0
20690,3,7,1.0,0.0
20691,3,7,1.0,0.0
20692,3,7,1.0,0.0
20693,3,7,1.0,0.0
20694,3,7,1.0,0.0
20695,3,7,1.0,0.0
20696,3,7,1.0,0.0
20697,3,7,1.0,0.0
20698,3,7,1.0,0.0
20699,3,7,1.0,0.0
20700,4,7,1.0,0.0
20701,4,7,1.0,0.0
20702,4,7,1.0,0.0
20703,4,7,1.0,0.0
20704,4,7,1.0,0.0
20705,4,7,1.0,0.0
20706,4,7,1.0,0.0
20707,4,7,1.0,0.0
20708,4,7,1.0,0.0
20709,4,7,1.0,0.0
20710,4,7,1.0,0.0
20711,4,7,1.0,0.0
20712,4,7,1.0,0.0
20713,4,7,1.0,0.0
20714,4,7,1.0,0.0
20715,4,7,1.0,0.0
20716,4,7,1.0,0.0
20717,4,7,1.0,0.0
20718,4,7,1.0,0.0
20719,4,7,1.0,0.0
20720,4,7,1.0,0.0
20721,4,7,1.0,0.0
20722,4,7,1.0,0.0
20723,4,7,1.0,0.0
20724,4,7,1.0,0.0
20725,4,7,1.0,0.0
20726,4,7,1.0,0.0
20727,4,7,1.0,0.0
20728,4,7,1.0,0.0
20729,4,7,1.0,0.0
20730,4,7,1.0,0.0
20731,4,7,1.0,0.0
20732,4,7,1.0,0.0
20733,4,7,1.0,0.0
20734,4,7,1.0,0.0
20735,4,7,1.0,0.0
20736,4,7,1.0,0.0
20737,4,7,1.0,0.0
20738,4,7,1.0,0.0
20739,4,7,1.0,0.0
20740,4,7,1.0,0.0
20741,4,7,1.0,0.0
20742,4,7,1.0,0.0
20743,4,7,1.0,0.0
20744,4,7,1.0,0.0
20745,4,7,1.0,0.0
20746,4,7,1.0,0.0
20747,4,7,1.0,0.0
20748,4,7,1.0,0.0
20749,4,7,1.0,0.0
20750,4,7,1.0,0.0
20751,4,7,1.0,0.0
20752,4,7,1.0,0.0
20753,4,7,1.0,0.0
20754,4,7,1.0,0.0
20755,4,7,1.0,0.0
20756,4,7,1.0,0.0
20757,4,7,1.0,0.0
20758,4,7,1.0,0.0
20759,4,7,1.0,0.0
20760,4,7,1.0,0.0
20761,4,7,1.0,0.0
20762,4,7,1.0,0.0
20763,4,7,1.0,0.0
20764,4,7,1.0,0.0
20765,4,7,1.0,0.0
20766,4,7,1.0,0.0
20767,4,7,1.0,0.0
20768,4,7,1.0,0.0
20769,4,7,1.0,0.0
20770,4,7,1.0,0.0
20771,4,7,1.0,0.0
20772,4,7,1.0,0.0
20773,4,7,1.0,0.0
20774,4,7,1.0,0.0
20775,4,7,1.0,0.0
20776,4,7,1.0,0.0
20777,4,7,1.0,0.0
20778,4,7,1.0,0.0
20779,4,7,1.0,0.0
20780,4,7,1.0,0.0
20781,4,7,1.0,0.0
20782,4,7,1.0,0.0
20783,4,7,1.0,0.0
20784,4,7,1.0,0.0
20785,4,7,1.0,0.0
20786,4,7,1.0,0.0
20787,4,7,1.0,0.0
20788,4,7,1.0,0.0
20789,4,7,1.0,0.0
20790,4,7,1.0,0.0
20791,4,7,1.0,0.0
20792,4,7,1.0,0.0
20793,4,7,1.0,0.0
20794,4,7,1.0,0.0
20795,4,7,1.0,0.0
20796,4,7,1.0,0.0
20797,4,7,1.0,0.0
20798,4,7,1.0,0.0
20799,4,7,1.0,0.0
20800,4,7,1.0,0.0
20801,4,7,1.0,0.0
20802,4,7,1.0,0.0
20803,4,7,1.0,0.0
20804,4,7,1.0,0.0
20805,4,7,1.0,0.0
20806,4,7,1.0,0.0
20807,4,7,1.0,0.0
20808,4,7,1.0,0.0
20809,4,7,1.0,0.0
20810,4,7,1.0,0.0
20811,4,7,1.0,0.0
20812,4,7,1.0,0.0
20813,4,7,1.0,0.0
20814,4,7,1.0,0.0
20815,4,7,1.0,0.0
20816,4,7,1.0,0.0
20817,4,7,1.0,0.0
20818,4,7,1.0,0.0
20819,4,7,1.0,0.0
20820,4,7,1.0,0.0
20821,4,7,1.0,0.0
20822,4,7,1.0,0.0
20823,4,7,1.0,0.0
20824,4,7,1.0,0.0
20825,4,7,1.0,0.0
20826,4,7,1.0,0.0
20827,4,7,1.0,0.0
20828,4,7,1.0,0.0
20829,4,7,1.0,0.0
20830,4,7,1.0,0.0
20831,4,7,1.0,0.0
20832,4,7,1.0,0.0
20833,4,7,1.0,0.0
20834,4,7,1.0,0.0
20835,4,7,1.0,0.0
20836,4,7,1.0,0.0
20837,4,7,1.0,0.0
20838,4,7,1.0,0.0
20839,4,7,1.0,0.0
20840,4,7,1.0,0.0
20841,4,7,1.0,0.0
20842,4,7,1.0,0.0
20843,4,7,1.0,0.0
20844,4,7,1.0,0.0
20845,4,7,1.0,0.0
20846,4,7,1.0,0.0
20847,4,7,1.0,0.0
20848,4,7,1.0,0.0
20849,4,7,1.0,0.0
20850,5,7,1.0,0.0
20851,5,7,1.0,0.0
20852,5,7,1.0,0.0
20853,5,7,1.0,0.0
20854,5,7,1.0,0.0
20855,5,7,1.0,0.0
20856,5,7,1.0,0.0
20857,5,7,1.0,0.0
20858,5,7,1.0,0.0
20859,5,7,1.0,0.0
20860,5,7,1.0,0.0
20861,5,7,1.0,0.0
20862,5,7,1.0,0.0
20863,5,7,1.0,0.0
20864,5,7,1.0,0.0
20865,5,7,1.0,0.0
20866,5,7,1.0,0.0
20867,5,7,1.0,0.0
20868,5,7,1.0,0.0
20869,5,7,1.0,0.0
20870,5,7,1.0,0.0
20871,5,7,1.0,0.0
20872,5,7,1.0,0.0
20873,5,7,1.0,0.0
20874,5,7,1.0,0.0
20875,5,7,1.0,0.0
20876,5,7,1.0,0.0
20877,5,7,1.0,0.0
20878,5,7,1.0,0.0
20879,5,7,1.0,0.0
20880,5,7,1.0,0.0
20881,5,7,1.0,0.0
20882,5,7,1.0,0.0
20883,5,7,1.0,0.0
20884,5,7,1.0,0.0
20885,5,7,1.0,0.0
20886,5,7,1.0,0.0
20887,5,7,1.0,0.0
20888,5,7,1.0,0.0
20889,5,7,1.0,0.0
20890,5,7,1.0,0.0
20891,5,7,1.0,0.0
20892,5,7,1.0,0.0
20893,5,7,1.0,0.0
20894,5,7,1.0,0.0
20895,5,7,1.0,0.0
20896,5,7,1.0,0.0
20897,5,7,1.0,0.0
20898,5,7,1.0,0.0
20899,5,7,1.0,0.0
20900,5,7,1.0,0.0
20901,5,7,1.0,0.0
20902,5,7,1.0,0.0
20903,5,7,1.0,0.0
20904,5,7,1.0,0.0
20905,5,7,1.0,0.0
20906,5,7,1.0,0.0
20907,5,7,1.0,0.0
20908,5,7,1.0,0.0
20909,5,7,1.0,0.0
20910,5,7,1.0,0.0
20911,5,7,1.0,0.0
20912,5,7,1.0,0.0
20913,5,7,1.0,0.0
20914,5,7,1.0,0.0
20915,5,7,1.0,0.0
20916,5,7,1.0,0.0
20917,5,7,1.0,0.0
20918,5,7,1.0,0.0
20919,5,7,1.0,0.0
20920,5,7,1.0,0.0
20921,5,7,1.0,0.0
20922,5,7,1.0,0.0
20923,5,7,1.0,0.0
20924,5,7,1.0,0.0
20925,5,7,1.0,0.0
20926,5,7,1.0,0.0
20927,5,7,1.0,0.0
20928,5,7,1.0,0.0
20929,5,7,1.0,0.0
20930,5,7,1.0,0.0
20931,5,7,1.0,0.0
20932,5,7,1.0,0.0
20933,5,7,1.0,0.0
20934,5,7,1.0,0.0
20935,5,7,1.0,0.0
20936,5,7,1.0,0.0
20937,5,7,1.0,0.0
20938,5,7,1.0,0.0
20939,5,7,1.0,0.0
20940,5,7,1.0,0.0
20941,5,7,1.0,0.0
20942,5,7,1.0,0.0
20943,5,7,1.0,0.0
20944,5,7,1.0,0.0
20945,5,7,1.0,0.0
20946,5,7,1.0,0.0
20947,5,7,1.0,0.0
20948,5,7,1.0,0.0
20949,5,7,1.0,0.0
20950,5,7,1.0,0.0
20951,5,7,1.0,0.0
20952,5,7,1.0,0.0
20953,5,7,1.0,0.0
20954,5,7,1.0,0.0
20955,5,7,1.0,0.0
20956,5,7,1.0,0.0
20957,5,7,1.0,0.0
20958,5,7,1.0,0.0
20959,5,7,1.0,0.0
20960,5,7,1.0,0.0
20961,5,7,1.0,0.0
20962,5,7,1.0,0.0
20963,5,7,1.0,0.0
20964,5,7,1.0,0.0
20965,5,7,1.0,0.0
20966,5,7,1.0,0.0
20967,5,7,1.0,0.0
20968,5,7,1.0,0.0
20969,5,7,1.0,0.0
20970,5,7,1.0,0.0
20971,5,7,1.0,0.0
20972,5,7,1.0,0.0
20973,5,7,1.0,0.0
20974,5,7,1.0,0.0
20975,5,7,1.0,0.0
20976,5,7,1.0,0.0
20977,5,7,1.0,0.0
20978,5,7,1.0,0.0
20979,5,7,1.0,0.0
20980,5,7,1.0,0.0
20981,5,7,1.0,0.0
20982,5,7,1.0,0.0
20983,5,7,1.0,0.0
20984,5,7,1.0,0.0
20985,5,7,1.0,0.0
20986,5,7,1.0,0.0
20987,5,7,1.0,0.0
20988,5,7,1.0,0.0
20989,5,7,1.0,0.0
20990,5,7,1.0,0.0
20991,5,7,1.0,0.0
20992,5,7,1.0,0.0
20993,5,7,1.0,0.0
20994,5,7,1.0,0.0
20995,5,7,1.0,0.0
20996,5,7,1.0,0.0
20997,5,7,1.0,0.0
20998,5,7,1.0,0.0
20999,5,7,1.0,0.0
21000,6,7,1.0,0.0
21001,6,7,1.0,0.0
21002,6,7,1.0,0.0
21003,6,7,1.0,0.0
21004,6,7,1.0,0.0
21005,6,7,1.0,0.0
21006,6,7,1.0,0.0
21007,6,7,1.0,0.0
21008,6,7,1.0,0.0
21009,6,7,1.0,0.0
21010,6,7,1.0,0.0
21011,6,7,1.0,0.0
21012,6,7,1.0,0.0
21013,6,7,1.0,0.0
21014,6,7,1.0,0.0
21015,6,7,1.0,0.0
21016,6,7,1.0,0.0
21017,6,7,1.0,0.0
21018,6,7,1.0,0.0
21019,6,7,1.0,0.0
21020,6,7,1.0,0.0
21021,6,7,1.0,0.0
21022,6,7,1.0,0.0
21023,6,7,1.0,0.0
21024,6,7,1.0,0.0
21025,6,7,1.0,0.0
21026,6,7,1.0,0.0
21027,6,7,1.0,0.0
21028,6,7,1.0,0.0
21029,6,7,1.0,0.0
21030,6,7,1.0,0.0
21031,6,7,1.0,0.0
21032,6,7,1.0,0.0
21033,6,7,1.0,0.0
21034,6,7,1.0,0.0
21035,6,7,1.0,0.0
21036,6,7,1.0,0.0
21037,6,7,1.0,0.0
21038,6,7,1.0,0.0
21039,6,7,1.0,0.0
21040,6,7,1.0,0.0
21041,6,7,1.0,0.0
21042,6,7,1.0,0.0
21043,6,7,1.0,0.0
21044,6,7,1.0,0.0
21045,6,7,1.0,0.0
21046,6,7,1.0,0.0
21047,6,7,1.0,0.0
21048,6,7,1.0,0.0
21049,6,7,1.0,0.0
21050,6,7,1.0,0.0
21051,6,7,1.0,0.0
21052,6,7,1.0,0.0
21053,6,7,1.0,0.0
21054,6,7,1.0,0.0
21055,6,7,1.0,0.0
21056,6,7,1.0,0.0
21057,6,7,1.0,0.0
21058,6,7,1.0,0.0
21059,6,7,1.0,0.0
21060,6,7,1.0,0.0
21061,6,7,1.0,0.0
21062,6,7,1.0,0.0
21063,6,7,1.0,0.0
21064,6,7,1.0,0.0
21065,6,7,1.0,0.0
21066,6,7,1.0,0.0
21067,6,7,1.0,0.0
21068,6,7,1.0,0.0
21069,6,7,1.0,0.0
21070,6,7,1.0,0.0
21071,6,7,1.0,0.0
21072,6,7,1.0,0.0
21073,6,7,1.0,0.0
21074,6,7,1.0,0.0
21075,6,7,1.0,0.0
21076,6,7,1.0,0.0
21077,6,7,1.0,0.0
21078,6,7,1.0,0.0
21079,6,7,1.0,0.0
21080,6,7,1.0,0.0
21081,6,7,1.0,0.0
21082,6,7,1.0,0.0
21083,6,7,1.0,0.0
21084,6,7,1.0,0.0
21085,6,7,1.0,0.0
21086,6,7,1.0,0.0
21087,6,7,1.0,0.0
21088,6,7,1.0,0.0
21089,6,7,1.0,0.0
21090,6,7,1.0,0.0
21091,6,7,1.0,0.0
21092,6,7,1.0,0.0
21093,6,7,1.0,0.0
21094,6,7,1.0,0.0
21095,6,7,1.0,0.0
21096,6,7,1.0,0.0
21097,6,7,1.0,0.0
21098,6,7,1.0,0.0
21099,6,7,1.0,0.0
21100,6,7,1.0,0.0
21101,6,7,1.0,0.0
21102,6,7,1.0,0.0
21103,6,7,1.0,0.0
21104,6,7,1.0,0.0
21105,6,7,1.0,0.0
21106,6,7,1.0,0.0
21107,6,7,1.0,0.0
21108,6,7,1.0,0.0
21109,6,7,1.0,0.0
21110,6,7,1.0,0.0
21111,6,7,1.0,0.0
21112,6,7,1.0,0.0
21113,6,7,1.0,0.0
21114,6,7,1.0,0.0
21115,6,7,1.0,0.0
21116,6,7,1.0,0.0
21117,6,7,1.0,0.0
21118,6,7,1.0,0.0
21119,6,7,1.0,0.0
21120,6,7,1.0,0.0
21121,6,7,1.0,0.0
21122,6,7,1.0,0.0
21123,6,7,1.0,0.0
21124,6,7,1.0,0.0
21125,6,7,1.0,0.0
21126,6,7,1.0,0.0
21127,6,7,1.0,0.0
21128,6,7,1.0,0.0
21129,6,7,1.0,0.0
21130,6,7,1.0,0.0
21131,6,7,1.0,0.0
21132,6,7,1.0,0.0
21133,6,7,1.0,0.0
21134,6,7,1.0,0.0
21135,6,7,1.0,0.0
21136,6,7,1.0,0.0
21137,6,7,1.0,0.0
21138,6,7,1.0,0.0
21139,6,7,1.0,0.0
21140,6,7,1.0,0.0
21141,6,7,1.0,0.0
21142,6,7,1.0,0.0
21143,6,7,1.0,0.0
21144,6,7,1.0,0.0
21145,6,7,1.0,0.0
21146,6,7,1.0,0.0
21147,6,7,1.0,0.0
21148,6,7,1.0,0.0
21149,6,7,1.0,0.0
21150,7,7,1.0,0.0
21151,7,7,1.0,0.0
21152,7,7,1.0,0.0
21153,7,7,1.0,0.0
21154,7,7,1.0,0.0
21155,7,7,1.0,0.0
21156,7,7,1.0,0.0
21157,7,7,1.0,0.0
21158,7,7,1.0,0.0
21159,7,7,1.0,0.0
21160,7,7,1.0,0.0
21161,7,7,1.0,0.0
21162,7,7,1.0,0.0
21163,7,7,1.0,0.0
21164,7,7,1.0,0.0
21165,7,7,1.0,0.0
21166,7,7,1.0,0.0
21167,7,7,1.0,0.0
21168,7,7,1.0,0.0
21169,7,7,1.0,0.0
21170,7,7,1.0,0.0
21171,7,7,1.0,0.0
21172,7,7,1.0,0.0
21173,7,7,1.0,0.0
21174,7,7,1.0,0.0
21175,7,7,1.0,0.0
21176,7,7,1.0,0.0
21177,7,7,1.0,0.0
21178,7,7,1.0,0.0
21179,7,7,1.0,0.0
21180,7,7,1.0,0.0
21181,7,7,1.0,0.0
21182,7,7,1.0,0.0
21183,7,7,1.0,0.0
21184,7,7,1.0,0.0
21185,7,7,1.0,0.0
21186,7,7,1.0,0.0
21187,7,7,1.0,0.0
21188,7,7,1.0,0.0
21189,7,7,1.0,0.0
21190,7,7,1.0,0.0
21191,7,7,1.0,0.0
21192,7,7,1.0,0.0
21193,7,7,1.0,0.0
21194,7,7,1.0,0.0
21195,7,7,1.0,0.0
21196,7,7,1.0,0.0
21197,7,7,1.0,0.0
21198,7,7,1.0,0.0
21199,7,7,1.0,0.0
21200,7,7,1.0,0.0
21201,7,7,1.0,0.0
21202,7,7,1.0,0.0
21203,7,7,1.0,0.0
21204,7,7,1.0,0.0
21205,7,7,1.0,0.0
21206,7,7,1.0,0.0
21207,7,7,1.0,0.0
21208,7,7,1.0,0.0
21209,7,7,1.0,0.0
21210,7,7,1.0,0.0
21211,7,7,1.0,0.0
21212,7,7,1.0,0.0
21213,7,7,1.0,0.0
21214,7,7,1.0,0.0
21215,7,7,1.0,0.0
21216,7,7,1.0,0.0
21217,7,7,1.0,0.0
21218,7,7,1.0,0.0
21219,7,7,1.0,0.0
21220,7,7,1.0,0.0
21221,7,7,1.0,0.0
21222,7,7,1.0,0.0
21223,7,7,1.0,0.0
21224,7,7,1.0,0.0
21225,7,7,1.0,0.0
21226,7,7,1.0,0.0
21227,7,7,1.0,0.0
21228,7,7,1.0,0.0
21229,7,7,1.0,0.0
21230,7,7,1.0,0.0
21231,7,7,1.0,0.0
21232,7,7,1.0,0.0
21233,7,7,1.0,0.0
21234,7,7,1.0,0.0
21235,7,7,1.0,0.0
21236,7,7,1.0,0.0
21237,7,7,1.0,0.0
21238,7,7,1.0,0.0
21239,7,7,1.0,0.0
21240,7,7,1.0,0.0
21241,7,7,1.0,0.0
21242,7,7,1.0,0.0
21243,7,7,1.0,0.0
21244,7,7,1.0,0.0
21245,7,7,1.0,0.0
21246,7,7,1.0,0.0
21247,7,7,1.0,0.0
21248,7,7,1.0,0.0
21249,7,7,1.0,0.0
21250,7,7,1.0,0.0
21251,7,7,1.0,0.0
21252,7,7,1.0,0.0
21253,7,7,1.0,0.0
21254,7,7,1.0,0.0
21255,7,7,1.0,0.0
21256,7,7,1.0,0.0
21257,7,7,1.0,0.0
21258,7,7,1.0,0.0
21259,7,7,1.0,0.0
21260,7,7,1.0,0.0
21261,7,7,1.0,0.0
21262,7,7,1.0,0.0
21263,7,7,1.0,0.0
21264,7,7,1.0,0.0
21265,7,7,1.0,0.0
21266,7,7,1.0,0.0
21267,7,7,1.0,0.0
21268,7,7,1.0,0.0
21269,7,7,1.0,0.0
21270,7,7,1.0,0.0
21271,7,7,1.0,0.0
21272,7,7,1.0,0.0
21273,7,7,1.0,0.0
21274,7,7,1.0,0.0
21275,7,7,1.0,0.0
21276,7,7,1.0,0.0
21277,7,7,1.0,0.0
21278,7,7,1.0,0.0
21279,7,7,1.0,0.0
21280,7,7,1.0,0.0
21281,7,7,1.0,0.0
21282,7,7,1.0,0.0
21283,7,7,1.0,0.0
21284,7,7,1.0,0.0
21285,7,7,1.0,0.0
21286,7,7,1.0,0.0
21287,7,7,1.0,0.0
21288,7,7,1.0,0.0
21289,7,7,1.0,0.0
21290,7,7,1.0,0.0
21291,7,7,1.0,0.0
21292,7,7,1.0,0.0
21293,7,7,1.0,0.0
21294,7,7,1.0,0.0
21295,7,7,1.0,0.0
21296,7,7,1.0,0.0
21297,7,7,1.0,0.0
21298,7,7,1.0,0.0
21299,7,7,1.0,0.0
21300,8,7,1.0,0.0
21301,8,7,1.0,0.0
21302,8,7,1.0,0.0
21303,8,7,1.0,0.0
21304,8,7,1.0,0.0
21305,8,7,1.0,0.0
21306,8,7,1.0,0.0
21307,8,7,1.0,0.0
21308,8,7,1.0,0.0
21309,8,7,1.0,0.0
21310,8,7,1.0,0.0
21311,8,7,1.0,0.0
21312,8,7,1.0,0.0
21313,8,7,1.0,0.0
21314,8,7,1.0,0.0
21315,8,7,1.0,0.0
21316,8,7,1.0,0.0
21317,8,7,1.0,0.0
21318,8,7,1.0,0.0
21319,8,7,1.0,0.0
21320,8,7,1.0,0.0
21321,8,7,1.0,0.0
21322,8,7,1.0,0.0
21323,8,7,1.0,0.0
21324,8,7,1.0,0.0
21325,8,7,1.0,0.0
21326,8,7,1.0,0.0
21327,8,7,1.0,0.0
21328,8,7,1.0,0.0
21329,8,7,1.0,0.0
21330,8,7,1.0,0.0
21331,8,7,1.0,0.0
21332,8,7,1.0,0.0
21333,8,7,1.0,0.0
21334,8,7,1.0,0.0
21335,8,7,1.0,0.0
21336,8,7,1.0,0.0
21337,8,7,1.0,0.0
21338,8,7,1.0,0.0
21339,8,7,1.0,0.0
21340,8,7,1.0,0.0
21341,8,7,1.0,0.0
21342,8,7,1.0,0.0
21343,8,7,1.0,0.0
21344,8,7,1.0,0.0
21345,8,7,1.0,0.0
21346,8,7,1.0,0.0
21347,8,7,1.0,0.0
21348,8,7,1.0,0.0
21349,8,7,1.0,0.0
21350,8,7,1.0,0.0
21351,8,7,1.0,0.0
21352,8,7,1.0,0.0
21353,8,7,1.0,0.0
21354,8,7,1.0,0.0
21355,8,7,1.0,0.0
21356,8,7,1.0,0.0
21357,8,7,1.0,0.0
21358,8,7,1.0,0.0
21359,8,7,1.0,0.0
21360,8,7,1.0,0.0
21361,8,7,1.0,0.0
21362,8,7,1.0,0.0
21363,8,7,1.0,0.0
21364,8,7,1.0,0.0
21365,8,7,1.0,0.0
21366,8,7,1.0,0.0
21367,8,7,1.0,0.0
21368,8,7,1.0,0.0
21369,8,7,1.0,0.0
21370,8,7,1.0,0.0
21371,8,7,1.0,0.0
21372,8,7,1.0,0.0
21373,8,7,1.0,0.0
21374,8,7,1.0,0.0
21375,8,7,1.0,0.0
21376,8,7,1.0,0.0
21377,8,7,1.0,0.0
21378,8,7,1.0,0.0
21379,8,7,1.0,0.0
21380,8,7,1.0,0.0
21381,8,7,1.0,0.0
21382,8,7,1.0,0.0
21383,8,7,1.0,0.0
21384,8,7,1.0,0.0
21385,8,7,1.0,0.0
21386,8,7,1.0,0.0
21387,8,7,1.0,0.0
21388,8,7,1.0,0.0
21389,8,7,1.0,0.0
21390,8,7,1.0,0.0
21391,8,7,1.0,0.0
21392,8,7,1.0,0.0
21393,8,7,1.0,0.0
21394,8,7,1.0,0.0
21395,8,7,1.0,0.0
21396,8,7,1.0,0.0
21397,8,7,1.0,0.0
21398,8,7,1.0,0.0
21399,8,7,1.0,0.0
21400,8,7,1.0,0.0
21401,8,7,1.0,0.0
21402,8,7,1.0,0.0
21403,8,7,1.0,0.0
21404,8,7,1.0,0.0
21405,8,7,1.0,0.0
21406,8,7,1.0,0.0
21407,8,7,1.0,0.0
21408,8,7,1.0,0.0
21409,8,7,1.0,0.0
21410,8,7,1.0,0.0
21411,8,7,1.0,0.0
21412,8,7,1.0,0.0
21413,8,7,1.0,0.0
21414,8,7,1.0,0.0
21415,8,7,1.0,0.0
21416,8,7,1.0,0.0
21417,8,7,1.0,0.0
21418,8,7,1.0,0.0
21419,8,7,1.0,0.0
21420,8,7,1.0,0.0
21421,8,7,1.0,0.0
21422,8,7,1.0,0.0
21423,8,7,1.0,0.0
21424,8,7,1.0,0.0
21425,8,7,1.0,0.0
21426,8,7,1.0,0.0
21427,8,7,1.0,0.0
21428,8,7,1.0,0.0
21429,8,7,1.0,0.0
21430,8,7,1.0,0.0
21431,8,7,1.0,0.0
21432,8,7,1.0,0.0
21433,8,7,1.0,0.0
21434,8,7,1.0,0.0
21435,8,7,1.0,0.0
21436,8,7,1.0,0.0
21437,8,7,1.0,0.0
21438,8,7,1.0,0.0
21439,8,7,1.0,0.0
21440,8,7,1.0,0.0
21441,8,7,1.0,0.0
21442,8,7,1.0,0.0
21443,8,7,1.0,0.0
21444,8,7,1.0,0.0
21445,8,7,1.0,0.0
21446,8,7,1.0,0.0
21447,8,7,1.0,0.0
21448,8,7,1.0,0.0
21449,8,7,1.0,0.0
21450,9,7,1.0,0.0
21451,9,7,1.0,0.0
21452,9,7,1.0,0.0
21453,9,7,1.0,0.0
21454,9,7,1.0,0.0
21455,9,7,1.0,0.0
21456,9,7,1.0,0.0
21457,9,7,1.0,0.0
21458,9,7,1.0,0.0
21459,9,7,1.0,0.0
21460,9,7,1.0,0.0
21461,9,7,1.0,0.0
21462,9,7,1.0,0.0
21463,9,7,1.0,0.0
21464,9,7,1.0,0.0
21465,9,7,1.0,0.0
21466,9,7,1.0,0.0
21467,9,7,1.0,0.0
21468,9,7,1.0,0.0
21469,9,7,1.0,0.0
21470,9,7,1.0,0.0
21471,9,7,1.0,0.0
21472,9,7,1.0,0.0
21473,9,7,1.0,0.0
21474,9,7,1.0,0.0
21475,9,7,1.0,0.0
21476,9,7,1.0,0.0
21477,9,7,1.0,0.0
21478,9,7,1.0,0.0
21479,9,7,1.0,0.0
21480,9,7,1.0,0.0
21481,9,7,1.0,0.0
21482,9,7,1.0,0.0
21483,9,7,1.0,0.0
21484,9,7,1.0,0.0
21485,9,7,1.0,0.0
21486,9,7,1.0,0.0
21487,9,7,1.0,0.0
21488,9,7,1.0,0.0
21489,9,7,1.0,0.0
21490,9,7,1.0,0.0
21491,9,7,1.0,0.0
21492,9,7,1.0,0.0
21493,9,7,1.0,0.0
21494,9,7,1.0,0.0
21495,9,7,1.0,0.0
21496,9,7,1.0,0.0
21497,9,7,1.0,0.0
21498,9,7,1.0,0.0
21499,9,7,1.0,0.0
21500,9,7,1.0,0.0
21501,9,7,1.0,0.0
21502,9,7,1.0,0.0
21503,9,7,1.0,0.0
21504,9,7,1.0,0.0
21505,9,7,1.0,0.0
21506,9,7,1.0,0.0
21507,9,7,1.0,0.0
21508,9,7,1.0,0.0
21509,9,7,1.0,0.0
21510,9,7,1.0,0.0
21511,9,7,1.0,0.0
21512,9,7,1.0,0.0
21513,9,7,1.0,0.0
21514,9,7,1.0,0.0
21515,9,7,1.0,0.0
21516,9,7,1.0,0.0
21517,9,7,1.0,0.0
21518,9,7,1.0,0.0
21519,9,7,1.0,0.0
21520,9,7,1.0,0.0
21521,9,7,1.0,0.0
21522,9,7,1.0,0.0
21523,9,7,1.0,0.0
21524,9,7,1.0,0.0
21525,9,7,1.0,0.0
21526,9,7,1.0,0.0
21527,9,7,1.0,0.0
21528,9,7,1.0,0.0
21529,9,7,1.0,0.0
21530,9,7,1.0,0.0
21531,9,7,1.0,0.0
21532,9,7,1.0,0.0
21533,9,7,1.0,0.0
21534,9,7,1.0,0.0
21535,9,7,1.0,0.0
21536,9,7,1.0,0.0
21537,9,7,1.0,0.0
21538,9,7,1.0,0.0
21539,9,7,1.0,0.0
21540,9,7,1.0,0.0
21541,9,7,1.0,0.0
21542,9,7,1.0,0.0
21543,9,7,1.0,0.0
21544,9,7,1.0,0.0
21545,9,7,1.0,0.0
21546,9,7,1.0,0.0
21547,9,7,1.0,0.0
21548,9,7,1.0,0.0
21549,9,7,1.0,0.0
21550,9,7,1.0,0.0
21551,9,7,1.0,0.0
21552,9,7,1.0,0.0
21553,9,7,1.0,0.0
21554,9,7,1.0,0.0
21555,9,7,1.0,0.0
21556,9,7,1.0,0.0
21557,9,7,1.0,0.0
21558,9,7,1.0,0.0
21559,9,7,1.0,0.0
21560,9,7,1.0,0.0
21561,9,7,1.0,0.0
21562,9,7,1.0,0.0
21563,9,7,1.0,0.0
21564,9,7,1.0,0.0
21565,9,7,1.0,0.0
21566,9,7,1.0,0.0
21567,9,7,1.0,0.0
21568,9,7,1.0,0.0
21569,9,7,1.0,0.0
21570,9,7,1.0,0.0
21571,9,7,1.0,0.0
21572,9,7,1.0,0.0
21573,9,7,1.0,0.0
21574,9,7,1.0,0.0
21575,9,7,1.0,0.0
21576,9,7,1.0,0.0
21577,9,7,1.0,0.0
21578,9,7,1.0,0.0
21579,9,7,1.0,0.0
21580,9,7,1.0,0.0
21581,9,7,1.0,0.0
21582,9,7,1.0,0.0
21583,9,7,1.0,0.0
21584,9,7,1.0,0.0
21585,9,7,1.0,0.0
21586,9,7,1.0,0.0
21587,9,7,1.0,0.0
21588,9,7,1.0,0.0
21589,9,7,1.0,0.0
21590,9,7,1.0,0.0
21591,9,7,1.0,0.0
21592,9,7,1.0,0.0
21593,9,7,1.0,0.0
21594,9,7,1.0,0.0
21595,9,7,1.0,0.0
21596,9,7,1.0,0.0
21597,9,7,1.0,0.0
21598,9,7,1.0,0.0
21599,9,7,1.0,0.0
21600,2,8,1.0,0.0
21601,2,8,1.0,0.0
21602,2,8,1.0,0.0
21603,2,8,1.0,0.0
21604,2,8,1.0,0.0
21605,2,8,1.0,0.0
21606,2,8,1.0,0.0
21607,2,8,1.0,0.0
21608,2,8,1.0,0.0
21609,2,8,1.0,0.0
21610,2,8,1.0,0.0
21611,2,8,1.0,0.0
21612,2,8,1.0,0.0
21613,2,8,1.0,0.0
21614,2,8,1.0,0.0
21615,2,8,1.0,0.0
21616,2,8,1.0,0.0
21617,2,8,1.0,0.0
21618,2,8,1.0,0.0
21619,2,8,1.0,0.0
21620,2,8,1.0,0.0
21621,2,8,1.0,0.0
21622,2,8,1.0,0.0
21623,2,8,1.0,0.0
21624,2,8,1.0,0.0
21625,2,8,1.0,0.0
21626,2,8,1.0,0.0
21627,2,8,1.0,0.0
21628,2,8,1.0,0.0
21629,2,8,1.0,0.0
21630,2,8,1.0,0.0
21631,2,8,1.0,0.0
21632,2,8,1.0,0.0
21633,2,8,1.0,0.0
21634,2,8,1.0,0.0
21635,2,8,1.0,0.0
21636,2,8,1.0,0.0
21637,2,8,1.0,0.0
21638,2,8,1.0,0.0
21639,2,8,1.0,0.0
21640,2,8,1.0,0.0
21641,2,8,1.0,0.0
21642,2,8,1.0,0.0
21643,2,8,1.0,0.0
21644,2,8,1.0,0.0
21645,2,8,1.0,0.0
21646,2,8,1.0,0.0
21647,2,8,1.0,0.0
21648,2,8,1.0,0.0
21649,2,8,1.0,0.0
21650,2,8,1.0,0.0
21651,2,8,1.0,0.0
21652,2,8,1.0,0.0
21653,2,8,1.0,0.0
21654,2,8,1.0,0.0
21655,2,8,1.0,0.0
21656,2,8,1.0,0.0
21657,2,8,1.0,0.0
21658,2,8,1.0,0.0
21659,2,8,1.0,0.0
21660,2,8,1.0,0.0
21661,2,8,1.0,0.0
21662,2,8,1.0,0.0
21663,2,8,1.0,0.0
21664,2,8,1.0,0.0
21665,2,8,1.0,0.0
21666,2,8,1.0,0.0
21667,2,8,1.0,0.0
21668,2,8,1.0,0.0
21669,2,8,1.0,0.0
21670,2,8,1.0,0.0
21671,2,8,1.0,0.0
21672,2,8,1.0,0.0
21673,2,8,1.0,0.0
21674,2,8,1.0,0.0
21675,2,8,1.0,0.0
21676,2,8,1.0,0.0
21677,2,8,1.0,0.0
21678,2,8,1.0,0.0
21679,2,8,1.0,0.0
21680,2,8,1.0,0.0
21681,2,8,1.0,0.0
21682,2,8,1.0,0.0
21683,2,8,1.0,0.0
21684,2,8,1.0,0.0
21685,2,8,1.0,0.0
21686,2,8,1.0,0.0
21687,2,8,1.0,0.0
21688,2,8,1.0,0.0
21689,2,8,1.0,0.0
21690,2,8,1.0,0.0
21691,2,8,1.0,0.0
21692,2,8,1.0,0.0
21693,2,8,1.0,0.0
21694,2,8,1.0,0.0
21695,2,8,1.0,0.0
21696,2,8,1.0,0.0
21697,2,8,1.0,0.0
21698,2,8,1.0,0.0
21699,2,8,1.0,0.0
21700,2,8,1.0,0.0
21701,2,8,1.0,0.0
21702,2,8,1.0,0.0
21703,2,8,1.0,0.0
21704,2,8,1.0,0.0
21705,2,8,1.0,0.0
21706,2,8,1.0,0.0
21707,2,8,1.0,0.0
21708,2,8,1.0,0.0
21709,2,8,1.0,0.0
21710,2,8,1.0,0.0
21711,2,8,1.0,0.0
21712,2,8,1.0,0.0
21713,2,8,1.0,0.0
21714,2,8,1.0,0.0
21715,2,8,1.0,0.0
21716,2,8,1.0,0.0
21717,2,8,1.0,0.0
21718,2,8,1.0,0.0
21719,2,8,1.0,0.0
21720,2,8,1.0,0.0
21721,2,8,1.0,0.0
21722,2,8,1.0,0.0
21723,2,8,1.0,0.0
21724,2,8,1.0,0.0
21725,2,8,1.0,0.0
21726,2,8,1.0,0.0
21727,2,8,1.0,0.0
21728,2,8,1.0,0.0
21729,2,8,1.0,0.0
21730,2,8,1.0,0.0
21731,2,8,1.0,0.0
21732,2,8,1.0,0.0
21733,2,8,1.0,0.0
21734,2,8,1.0,0.0
21735,2,8,1.0,0.0
21736,2,8,1.0,0.0
21737,2,8,1.0,0.0
21738,2,8,1.0,0.0
21739,2,8,1.0,0.0
21740,2,8,1.0,0.0
21741,2,8,1.0,0.0
21742,2,8,1.0,0.0
21743,2,8,1.0,0.0
21744,2,8,1.0,0.0
21745,2,8,1.0,0.0
21746,2,8,1.0,0.0
21747,2,8,1.0,0.0
21748,2,8,1.0,0.0
21749,2,8,1.0,0.0
21750,3,8,1.0,0.0
21751,3,8,1.0,0.0
21752,3,8,1.0,0.0
21753,3,8,1.0,0.0
21754,3,8,1.0,0.0
21755,3,8,1.0,0.0
21756,3,8,1.0,0.0
21757,3,8,1.0,0.0
21758,3,8,1.0,0.0
21759,3,8,1.0,0.0
21760,3,8,1.0,0.0
21761,3,8,1.0,0.0
21762,3,8,1.0,0.0
21763,3,8,1.0,0.0
21764,3,8,1.0,0.0
21765,3,8,1.0,0.0
21766,3,8,1.0,0.0
21767,3,8,1.0,0.0
21768,3,8,1.0,0.0
21769,3,8,1.0,0.0
21770,3,8,1.0,0.0
21771,3,8,1.0,0.0
21772,3,8,1.0,0.0
21773,3,8,1.0,0.0
21774,3,8,1.0,0.0
21775,3,8,1.0,0.0
21776,3,8,1.0,0.0
21777,3,8,1.0,0.0
21778,3,8,1.0,0.0
21779,3,8,1.0,0.0
21780,3,8,1.0,0.0
21781,3,8,1.0,0.0
21782,3,8,1.0,0.0
21783,3,8,1.0,0.0
21784,3,8,1.0,0.0
21785,3,8,1.0,0.0
21786,3,8,1.0,0.0
21787,3,8,1.0,0.0
21788,3,8,1.0,0.0
21789,3,8,1.0,0.0
21790,3,8,1.0,0.0
21791,3,8,1.0,0.0
21792,3,8,1.0,0.0
21793,3,8,1.0,0.0
21794,3,8,1.0,0.0
21795,3,8,1.0,0.0
21796,3,8,1.0,0.0
21797,3,8,1.0,0.0
21798,3,8,1.0,0.0
21799,3,8,1.0,0.0
21800,3,8,1.0,0.0
21801,3,8,1.0,0.0
21802,3,8,1.0,0.0
21803,3,8,1.0,0.0
21804,3,8,1.0,0.0
21805,3,8,1.0,0.0
21806,3,8,1.0,0.0
21807,3,8,1.0,0.0
21808,3,8,1.0,0.0
21809,3,8,1.0,0.0
21810,3,8,1.0,0.0
21811,3,8,1.0,0.0
21812,3,8,1.0,0.0
21813,3,8,1.0,0.0
21814,3,8,1.0,0.0
21815,3,8,1.0,0.0
21816,3,8,1.0,0.0
21817,3,8,1.0,0.0
21818,3,8,1.0,0.0
21819,3,8,1.0,0.0
21820,3,8,1.0,0.0
21821,3,8,1.0,0.0
21822,3,8,1.0,0.0
21823,3,8,1.0,0.0
21824,3,8,1.0,0.0
21825,3,8,1.0,0.0
21826,3,8,1.0,0.0
21827,3,8,1.0,0.0
21828,3,8,1.0,0.0
21829,3,8,1.0,0.0
21830,3,8,1.0,0.0
21831,3,8,1.0,0.0
21832,3,8,1.0,0.0
21833,3,8,1.0,0.0
21834,3,8,1.0,0.0
21835,3,8,1.0,0.0
21836,3,8,1.0,0.0
21837,3,8,1.0,0.0
21838,3,8,1.0,0.0
21839,3,8,1.0,0.0
21840,3,8,1.0,0.0
21841,3,8,1.0,0.0
21842,3,8,1.0,0.0
21843,3,8,1.0,0.0
21844,3,8,1.0,0.0
21845,3,8,1.0,0.0
21846,3,8,1.0,0.0
21847,3,8,1.0,0.0
21848,3,8,1.0,0.0
21849,3,8,1.0,0.0
21850,3,8,1.0,0.0
21851,3,8,1.0,0.0
21852,3,8,1.0,0.0
21853,3,8,1.0,0.0
21854,3,8,1.0,0.0
21855,3,8,1.0,0.0
21856,3,8,1.0,0.0
21857,3,8,1.0,0.0
21858,3,8,1.0,0.0
21859,3,8,1.0,0.0
21860,3,8,1.0,0.0
21861,3,8,1.0,0.0
21862,3,8,1.0,0.0
21863,3,8,1.0,0.0
21864,3,8,1.0,0.0
21865,3,8,1.0,0.0
21866,3,8,1.0,0.0
21867,3,8,1.0,0.0
21868,3,8,1.0,0.0
21869,3,8,1.0,0.0
21870,3,8,1.0,0.0
21871,3,8,1.0,0.0
21872,3,8,1.0,0.0
21873,3,8,1.0,0.0
21874,3,8,1.0,0.0
21875,3,8,1.0,0.0
21876,3,8,1.0,0.0
21877,3,8,1.0,0.0
21878,3,8,1.0,0.0
21879,3,8,1.0,0.0
21880,3,8,1.0,0.0
21881,3,8,1.0,0.0
21882,3,8,1.0,0.0
21883,3,8,1.0,0.0
21884,3,8,1.0,0.0
21885,3,8,1.0,0.0
21886,3,8,1.0,0.0
21887,3,8,1.0,0.0
21888,3,8,1.0,0.0
21889,3,8,1.0,0.0
21890,3,8,1.0,0.0
21891,3,8,1.0,0.0
21892,3,8,1.0,0.0
21893,3,8,1.0,0.0
21894,3,8,1.0,0.0
21895,3,8,1.0,0.0
21896,3,8,1.0,0.0
21897,3,8,1.0,0.0
21898,3,8,1.0,0.0
21899,3,8,1.0,0.0
21900,4,8,1.0,0.0
21901,4,8,1.0,0.0
21902,4,8,1.0,0.0
21903,4,8,1.0,0.0
21904,4,8,1.0,0.0
21905,4,8,1.0,0.0
21906,4,8,1.0,0.0
21907,4,8,1.0,0.0
21908,4,8,1.0,0.0
21909,4,8,1.0,0.0
21910,4,8,1.0,0.0
21911,4,8,1.0,0.0
21912,4,8,1.0,0.0
21913,4,8,1.0,0.0
21914,4,8,1.0,0.0
21915,4,8,1.0,0.0
21916,4,8,1.0,0.0
21917,4,8,1.0,0.0
21918,4,8,1.0,0.0
21919,4,8,1.0,0.0
21920,4,8,1.0,0.0
21921,4,8,1.0,0.0
21922,4,8,1.0,0.0
21923,4,8,1.0,0.0
21924,4,8,1.0,0.0
21925,4,8,1.0,0.0
21926,4,8,1.0,0.0
21927,4,8,1.0,0.0
21928,4,8,1.0,0.0
21929,4,8,1.0,0.0
21930,4,8,1.0,0.0
21931,4,8,1.0,0.0
21932,4,8,1.0,0.0
21933,4,8,1.0,0.0
21934,4,8,1.0,0.0
21935,4,8,1.0,0.0
21936,4,8,1.0,0.0
21937,4,8,1.0,0.0
21938,4,8,1.0,0.0
21939,4,8,1.0,0.0
21940,4,8,1.0,0.0
21941,4,8,1.0,0.0
21942,4,8,1.0,0.0
21943,4,8,1.0,0.0
21944,4,8,1.0,0.0
21945,4,8,1.0,0.0
21946,4,8,1.0,0.0
21947,4,8,1.0,0.0
21948,4,8,1.0,0.0
21949,4,8,1.0,0.0
21950,4,8,1.0,0.0
21951,4,8,1.0,0.0
21952,4,8,1.0,0.0
21953,4,8,1.0,0.0
21954,4,8,1.0,0.0
21955,4,8,1.0,0.0
21956,4,8,1.0,0.0
21957,4,8,1.0,0.0
21958,4,8,1.0,0.0
21959,4,8,1.0,0.0
21960,4,8,1.0,0.0
21961,4,8,1.0,0.0
21962,4,8,1.0,0.0
21963,4,8,1.0,0.0
21964,4,8,1.0,0.0
21965,4,8,1.0,0.0
21966,4,8,1.0,0.0
21967,4,8,1.0,0.0
21968,4,8,1.0,0.0
21969,4,8,1.0,0.0
21970,4,8,1.0,0.0
21971,4,8,1.0,0.0
21972,4,8,1.0,0.0
21973,4,8,1.0,0.0
21974,4,8,1.0,0.0
21975,4,8,1.0,0.0
21976,4,8,1.0,0.0
21977,4,8,1.0,0.0
21978,4,8,1.0,0.0
21979,4,8,1.0,0.0
21980,4,8,1.0,0.0
21981,4,8,1.0,0.0
21982,4,8,1.0,0.0
21983,4,8,1.0,0.0
21984,4,8,1.0,0.0
21985,4,8,1.0,0.0
21986,4,8,1.0,0.0
21987,4,8,1.0,0.0
21988,4,8,1.0,0.0
21989,4,8,1.0,0.0
21990,4,8,1.0,0.0
21991,4,8,1.0,0.0
21992,4,8,1.0,0.0
21993,4,8,1.0,0.0
21994,4,8,1.0,0.0
21995,4,8,1.0,0.0
21996,4,8,1.0,0.0
21997,4,8,1.0,0.0
21998,4,8,1.0,0.0
21999,4,8,1.0,0.0
22000,4,8,1.0,0.0
22001,4,8,1.0,0.0
22002,4,8,1.0,0.0
22003,4,8,1.0,0.0
22004,4,8,1.0,0.0
22005,4,8,1.0,0.0
22006,4,8,1.0,0.0
22007,4,8,1.0,0.0
22008,4,8,1.0,0.0
22009,4,8,1.0,0.0
22010,4,8,1.0,0.0
22011,4,8,1.0,0.0
22012,4,8,1.0,0.0
22013,4,8,1.0,0.0
22014,4,8,1.0,0.0
22015,4,8,1.0,0.0
22016,4,8,1.0,0.0
22017,4,8,1.0,0.0
22018,4,8,1.0,0.0
22019,4,8,1.0,0.0
22020,4,8,1.0,0.0
22021,4,8,1.0,0.0
22022,4,8,1.0,0.0
22023,4,8,1.0,0.0
22024,4,8,1.0,0.0
22025,4,8,1.0,0.0
22026,4,8,1.0,0.0
22027,4,8,1.0,0.0
22028,4,8,1.0,0.0
22029,4,8,1.0,0.0
22030,4,8,1.0,0.0
22031,4,8,1.0,0.0
22032,4,8,1.0,0.0
22033,4,8,1.0,0.0
22034,4,8,1.0,0.0
22035,4,8,1.0,0.0
22036,4,8,1.0,0.0
22037,4,8,1.0,0.0
22038,4,8,1.0,0.0
22039,4,8,1.0,0.0
22040,4,8,1.0,0.0
22041,4,8,1.0,0.0
22042,4,8,1.0,0.0
22043,4,8,1.0,0.0
22044,4,8,1.0,0.0
22045,4,8,1.0,0.0
22046,4,8,1.0,0.0
22047,4,8,1.0,0.0
22048,4,8,1.0,0.0
22049,4,8,1.0,0.0
22050,5,8,1.0,0.0
22051,5,8,1.0,0.0
22052,5,8,1.0,0.0
22053,5,8,1.0,0.0
22054,5,8,1.0,0.0
22055,5,8,1.0,0.0
22056,5,8,1.0,0.0
22057,5,8,1.0,0.0
22058,5,8,1.0,0.0
22059,5,8,1.0,0.0
22060,5,8,1.0,0.0
22061,5,8,1.0,0.0
22062,5,8,1.0,0.0
22063,5,8,1.0,0.0
22064,5,8,1.0,0.0
22065,5,8,1.0,0.0
22066,5,8,1.0,0.0
22067,5,8,1.0,0.0
22068,5,8,1.0,0.0
22069,5,8,1.0,0.0
22070,5,8,1.0,0.0
22071,5,8,1.0,0.0
22072,5,8,1.0,0.0
22073,5,8,1.0,0.0
22074,5,8,1.0,0.0
22075,5,8,1.0,0.0
22076,5,8,1.0,0.0
22077,5,8,1.0,0.0
22078,5,8,1.0,0.0
22079,5,8,1.0,0.0
22080,5,8,1.0,0.0
22081,5,8,1.0,0.0
22082,5,8,1.0,0.0
22083,5,8,1.0,0.0
22084,5,8,1.0,0.0
22085,5,8,1.0,0.0
22086,5,8,1.0,0.0
22087,5,8,1.0,0.0
22088,5,8,1.0,0.0
22089,5,8,1.0,0.0
22090,5,8,1.0,0.0
22091,5,8,1.0,0.0
22092,5,8,1.0,0.0
22093,5,8,1.0,0.0
22094,5,8,1.0,0.0
22095,5,8,1.0,0.0
22096,5,8,1.0,0.0
22097,5,8,1.0,0.0
22098,5,8,1.0,0.0
22099,5,8,1.0,0.0
22100,5,8,1.0,0.0
22101,5,8,1.0,0.0
22102,5,8,1.0,0.0
22103,5,8,1.0,0.0
22104,5,8,1.0,0.0
22105,5,8,1.0,0.0
22106,5,8,1.0,0.0
22107,5,8,1.0,0.0
22108,5,8,1.0,0.0
22109,5,8,1.0,0.0
22110,5,8,1.0,0.0
22111,5,8,1.0,0.0
22112,5,8,1.0,0.0
22113,5,8,1.0,0.0
22114,5,8,1.0,0.0
22115,5,8,1.0,0.0
22116,5,8,1.0,0.0
22117,5,8,1.0,0.0
22118,5,8,1.0,0.0
22119,5,8,1.0,0.0
22120,5,8,1.0,0.0
22121,5,8,1.0,0.0
22122,5,8,1.0,0.0
22123,5,8,1.0,0.0
22124,5,8,1.0,0.0
22125,5,8,1.0,0.0
22126,5,8,1.0,0.0
22127,5,8,1.0,0.0
22128,5,8,1.0,0.0
22129,5,8,1.0,0.0
22130,5,8,1.0,0.0
22131,5,8,1.0,0.0
22132,5,8,1.0,0.0
22133,5,8,1.0,0.0
22134,5,8,1.0,0.0
22135,5,8,1.0,0.0
22136,5,8,1.0,0.0
22137,5,8,1.0,0.0
22138,5,8,1.0,0.0
22139,5,8,1.0,0.0
22140,5,8,1.0,0.0
22141,5,8,1.0,0.0
22142,5,8,1.0,0.0
22143,5,8,1.0,0.0
22144,5,8,1.0,0.0
22145,5,8,1.0,0.0
22146,5,8,1.0,0.0
22147,5,8,1.0,0.0
22148,5,8,1.0,0.0
22149,5,8,1.0,0.0
22150,5,8,1.0,0.0
22151,5,8,1.0,0.0
22152,5,8,1.0,0.0
22153,5,8,1.0,0.0
22154,5,8,1.0,0.0
22155,5,8,1.0,0.0
22156,5,8,1.0,0.0
22157,5,8,1.0,0.0
22158,5,8,1.0,0.0
22159,5,8,1.0,0.0
22160,5,8,1.0,0.0
22161,5,8,1.0,0.0
22162,5,8,1.0,0.0
22163,5,8,1.0,0.0
22164,5,8,1.0,0.0
22165,5,8,1.0,0.0
22166,5,8,1.0,0.0
22167,5,8,1.0,0.0
22168,5,8,1.0,0.0
22169,5,8,1.0,0.0
22170,5,8,1.0,0.0
22171,5,8,1.0,0.0
22172,5,8,1.0,0.0
22173,5,8,1.0,0.0
22174,5,8,1.0,0.0
22175,5,8,1.0,0.0
22176,5,8,1.0,0.0
22177,5,8,1.0,0.0
22178,5,8,1.0,0.0
22179,5,8,1.0,0.0
22180,5,8,1.0,0.0
22181,5,8,1.0,0.0
22182,5,8,1.0,0.0
22183,5,8,1.0,0.0
22184,5,8,1.0,0.0
22185,5,8,1.0,0.0
22186,5,8,1.0,0.0
22187,5,8,1.0,0.0
22188,5,8,1.0,0.0
22189,5,8,1.0,0.0
22190,5,8,1.0,0.0
22191,5,8,1.0,0.0
22192,5,8,1.0,0.0
22193,5,8,1.0,0.0
22194,5,8,1.0,0.0
22195,5,8,1.0,0.0
22196,5,8,1.0,0.0
22197,5,8,1.0,0.0
22198,5,8,1.0,0.0
22199,5,8,1.0,0.0
22200,6,8,1.0,0.0
22201,6,8,1.0,0.0
22202,6,8,1.0,0.0
22203,6,8,1.0,0.0
22204,6,8,1.0,0.0
22205,6,8,1.0,0.0
22206,6,8,1.0,0.0
22207,6,8,1.0,0.0
22208,6,8,1.0,0.0
22209,6,8,1.0,0.0
22210,6,8,1.0,0.0
22211,6,8,1.0,0.0
22212,6,8,1.0,0.0
22213,6,8,1.0,0.0
22214,6,8,1.0,0.0
22215,6,8,1.0,0.0
22216,6,8,1.0,0.0
22217,6,8,1.0,0.0
22218,6,8,1.0,0.0
22219,6,8,1.0,0.0
22220,6,8,1.0,0.0
22221,6,8,1.0,0.0
22222,6,8,1.0,0.0
22223,6,8,1.0,0.0
22224,6,8,1.0,0.0
22225,6,8,1.0,0.0
22226,6,8,1.0,0.0
22227,6,8,1.0,0.0
22228,6,8,1.0,0.0
22229,6,8,1.0,0.0
22230,6,8,1.0,0.0
22231,6,8,1.0,0.0
22232,6,8,1.0,0.0
22233,6,8,1.0,0.0
22234,6,8,1.0,0.0
22235,6,8,1.0,0.0
22236,6,8,1.0,0.0
22237,6,8,1.0,0.0
22238,6,8,1.0,0.0
22239,6,8,1.0,0.0
22240,6,8,1.0,0.0
22241,6,8,1.0,0.0
22242,6,8,1.0,0.0
22243,6,8,1.0,0.0
22244,6,8,1.0,0.0
22245,6,8,1.0,0.0
22246,6,8,1.0,0.0
22247,6,8,1.0,0.0
22248,6,8,1.0,0.0
22249,6,8,1.0,0.0
22250,6,8,1.0,0.0
22251,6,8,1.0,0.0
22252,6,8,1.0,0.0
22253,6,8,1.0,0.0
22254,6,8,1.0,0.0
22255,6,8,1.0,0.0
22256,6,8,1.0,0.0
22257,6,8,1.0,0.0
22258,6,8,1.0,0.0
22259,6,8,1.0,0.0
22260,6,8,1.0,0.0
22261,6,8,1.0,0.0
22262,6,8,1.0,0.0
22263,6,8,1.0,0.0
22264,6,8,1.0,0.0
22265,6,8,1.0,0.0
22266,6,8,1.0,0.0
22267,6,8,1.0,0.0
22268,6,8,1.0,0.0
22269,6,8,1.0,0.0
22270,6,8,1.0,0.0
22271,6,8,1.0,0.0
22272,6,8,1.0,0.0
22273,6,8,1.0,0.0
22274,6,8,1.0,0.0
22275,6,8,1.0,0.0
22276,6,8,1.0,0.0
22277,6,8,1.0,0.0
22278,6,8,1.0,0.0
22279,6,8,1.0,0.0
22280,6,8,1.0,0.0
22281,6,8,1.0,0.0
22282,6,8,1.0,0.0
22283,6,8,1.0,0.0
22284,6,8,1.0,0.0
22285,6,8,1.0,0.0
22286,6,8,1.0,0.0
22287,6,8,1.0,0.0
22288,6,8,1.0,0.0
22289,6,8,1.0,0.0
22290,6,8,1.0,0.0
22291,6,8,1.0,0.0
22292,6,8,1.0,0.0
22293,6,8,1.0,0.0
22294,6,8,1.0,0.0
22295,6,8,1.0,0.0
22296,6,8,1.0,0.0
22297,6,8,1.0,0.0
22298,6,8,1.0,0.0
22299,6,8,1.0,0.0
22300,6,8,1.0,0.0
22301,6,8,1.0,0.0
22302,6,8,1.0,0.0
22303,6,8,1.0,0.0
22304,6,8,1.0,0.0
22305,6,8,1.0,0.0
22306,6,8,1.0,0.0
22307,6,8,1.0,0.0
22308,6,8,1.0,0.0
22309,6,8,1.0,0.0
22310,6,8,1.0,0.0
22311,6,8,1.0,0.0
22312,6,8,1.0,0.0
22313,6,8,1.0,0.0
22314,6,8,1.0,0.0
22315,6,8,1.0,0.0
22316,6,8,1.0,0.0
22317,6,8,1.0,0.0
22318,6,8,1.0,0.0
22319,6,8,1.0,0.0
22320,6,8,1.0,0.0
22321,6,8,1.0,0.0
22322,6,8,1.0,0.0
22323,6,8,1.0,0.0
22324,6,8,1.0,0.0
22325,6,8,1.0,0.0
22326,6,8,1.0,0.0
22327,6,8,1.0,0.0
22328,6,8,1.0,0.0
22329,6,8,1.0,0.0
22330,6,8,1.0,0.0
22331,6,8,1.0,0.0
22332,6,8,1.0,0.0
22333,6,8,1.0,0.0
22334,6,8,1.0,0.0
22335,6,8,1.0,0.0
22336,6,8,1.0,0.0
22337,6,8,1.0,0.0
22338,6,8,1.0,0.0
22339,6,8,1.0,0.0
22340,6,8,1.0,0.0
22341,6,8,1.0,0.0
22342,6,8,1.0,0.0
22343,6,8,1.0,0.0
22344,6,8,1.0,0.0
22345,6,8,1.0,0.0
22346,6,8,1.0,0.0
22347,6,8,1.0,0.0
22348,6,8,1.0,0.0
22349,6,8,1.0,0.0
22350,7,8,1.0,0.0
22351,7,8,1.0,0.0
22352,7,8,1.0,0.0
22353,7,8,1.0,0.0
22354,7,8,1.0,0.0
22355,7,8,1.0,0.0
22356,7,8,1.0,0.0
22357,7,8,1.0,0.0
22358,7,8,1.0,0.0
22359,7,8,1.0,0.0
22360,7,8,1.0,0.0
22361,7,8,1.0,0.0
22362,7,8,1.0,0.0
22363,7,8,1.0,0.0
22364,7,8,1.0,0.0
22365,7,8,1.0,0.0
22366,7,8,1.0,0.0
22367,7,8,1.0,0.0
22368,7,8,1.0,0.0
22369,7,8,1.0,0.0
22370,7,8,1.0,0.0
22371,7,8,1.0,0.0
22372,7,8,1.0,0.0
22373,7,8,1.0,0.0
22374,7,8,1.0,0.0
22375,7,8,1.0,0.0
22376,7,8,1.0,0.0
22377,7,8,1.0,0.0
22378,7,8,1.0,0.0
22379,7,8,1.0,0.0
22380,7,8,1.0,0.0
22381,7,8,1.0,0.0
22382,7,8,1.0,0.0
22383,7,8,1.0,0.0
22384,7,8,1.0,0.0
22385,7,8,1.0,0.0
22386,7,8,1.0,0.0
22387,7,8,1.0,0.0
22388,7,8,1.0,0.0
22389,7,8,1.0,0.0
22390,7,8,1.0,0.0
22391,7,8,1.0,0.0
22392,7,8,1.0,0.0
22393,7,8,1.0,0.0
22394,7,8,1.0,0.0
22395,7,8,1.0,0.0
22396,7,8,1.0,0.0
22397,7,8,1.0,0.0
22398,7,8,1.0,0.0
22399,7,8,1.0,0.0
22400,7,8,1.0,0.0
22401,7,8,1.0,0.0
22402,7,8,1.0,0.0
22403,7,8,1.0,0.0
22404,7,8,1.0,0.0
22405,7,8,1.0,0.0
22406,7,8,1.0,0.0
22407,7,8,1.0,0.0
22408,7,8,1.0,0.0
22409,7,8,1.0,0.0
22410,7,8,1.0,0.0
22411,7,8,1.0,0.0
22412,7,8,1.0,0.0
22413,7,8,1.0,0.0
22414,7,8,1.0,0.0
22415,7,8,1.0,0.0
22416,7,8,1.0,0.0
22417,7,8,1.0,0.0
22418,7,8,1.0,0.0
22419,7,8,1.0,0.0
22420,7,8,1.0,0.0
22421,7,8,1.0,0.0
22422,7,8,1.0,0.0
22423,7,8,1.0,0.0
22424,7,8,1.0,0.0
22425,7,8,1.0,0.0
22426,7,8,1.0,0.0
22427,7,8,1.0,0.0
22428,7,8,1.0,0.0
22429,7,8,1.0,0.0
22430,7,8,1.0,0.0
22431,7,8,1.0,0.0
22432,7,8,1.0,0.0
22433,7,8,1.0,0.0
22434,7,8,1.0,0.0
22435,7,8,1.0,0.0
22436,7,8,1.0,0.0
22437,7,8,1.0,0.0
22438,7,8,1.0,0.0
22439,7,8,1.0,0.0
22440,7,8,1.0,0.0
22441,7,8,1.0,0.0
22442,7,8,1.0,0.0
22443,7,8,1.0,0.0
22444,7,8,1.0,0.0
22445,7,8,1.0,0.0
22446,7,8,1.0,0.0
22447,7,8,1.0,0.0
22448,7,8,1.0,0.0
22449,7,8,1.0,0.0
22450,7,8,1.0,0.0
22451,7,8,1.0,0.0
22452,7,8,1.0,0.0
22453,7,8,1.0,0.0
22454,7,8,1.0,0.0
22455,7,8,1.0,0.0
22456,7,8,1.0,0.0
22457,7,8,1.0,0.0
22458,7,8,1.0,0.0
22459,7,8,1.0,0.0
22460,7,8,1.0,0.0
22461,7,8,1.0,0.0
22462,7,8,1.0,0.0
22463,7,8,1.0,0.0
22464,7,8,1.0,0.0
22465,7,8,1.0,0.0
22466,7,8,1.0,0.0
22467,7,8,1.0,0.0
22468,7,8,1.0,0.0
22469,7,8,1.0,0.0
22470,7,8,1.0,0.0
22471,7,8,1.0,0.0
22472,7,8,1.0,0.0
22473,7,8,1.0,0.0
22474,7,8,1.0,0.0
22475,7,8,1.0,0.0
22476,7,8,1.0,0.0
22477,7,8,1.0,0.0
22478,7,8,1.0,0.0
22479,7,8,1.0,0.0
22480,7,8,1.0,0.0
22481,7,8,1.0,0.0
22482,7,8,1.0,0.0
22483,7,8,1.0,0.0
22484,7,8,1.0,0.0
22485,7,8,1.0,0.0
22486,7,8,1.0,0.0
22487,7,8,1.0,0.0
22488,7,8,1.0,0.0
22489,7,8,1.0,0.0
22490,7,8,1.0,0.0
22491,7,8,1.0,0.0
22492,7,8,1.0,0.0
22493,7,8,1.0,0.0
22494,7,8,1.0,0.0
22495,7,8,1.0,0.0
22496,7,8,1.0,0.0
22497,7,8,1.0,0.0
22498,7,8,1.0,0.0
22499,7,8,1.0,0.0
22500,8,8,1.0,0.0
22501,8,8,1.0,0.0
22502,8,8,1.0,0.0
22503,8,8,1.0,0.0
22504,8,8,1.0,0.0
22505,8,8,1.0,0.0
22506,8,8,1.0,0.0
22507,8,8,1.0,0.0
22508,8,8,1.0,0.0
22509,8,8,1.0,0.0
22510,8,8,1.0,0.0
22511,8,8,1.0,0.0
22512,8,8,1.0,0.0
22513,8,8,1.0,0.0
22514,8,8,1.0,0.0
22515,8,8,1.0,0.0
22516,8,8,1.0,0.0
22517,8,8,1.0,0.0
22518,8,8,1.0,0.0
22519,8,8,1.0,0.0
22520,8,8,1.0,0.0
22521,8,8,1.0,0.0
22522,8,8,1.0,0.0
22523,8,8,1.0,0.0
22524,8,8,1.0,0.0
22525,8,8,1.0,0.0
22526,8,8,1.0,0.0
22527,8,8,1.0,0.0
22528,8,8,1.0,0.0
22529,8,8,1.0,0.0
22530,8,8,1.0,0.0
22531,8,8,1.0,0.0
22532,8,8,1.0,0.0
22533,8,8,1.0,0.0
22534,8,8,1.0,0.0
22535,8,8,1.0,0.0
22536,8,8,1.0,0.0
22537,8,8,1.0,0.0
22538,8,8,1.0,0.0
22539,8,8,1.0,0.0
22540,8,8,1.0,0.0
22541,8,8,1.0,0.0
22542,8,8,1.0,0.0
22543,8,8,1.0,0.0
22544,8,8,1.0,0.0
22545,8,8,1.0,0.0
22546,8,8,1.0,0.0
22547,8,8,1.0,0.0
22548,8,8,1.0,0.0
22549,8,8,1.0,0.0
22550,8,8,1.0,0.0
22551,8,8,1.0,0.0
22552,8,8,1.0,0.0
22553,8,8,1.0,0.0
22554,8,8,1.0,0.0
22555,8,8,1.0,0.0
22556,8,8,1.0,0.0
22557,8,8,1.0,0.0
22558,8,8,1.0,0.0
22559,8,8,1.0,0.0
22560,8,8,1.0,0.0
22561,8,8,1.0,0.0
22562,8,8,1.0,0.0
22563,8,8,1.0,0.0
22564,8,8,1.0,0.0
22565,8,8,1.0,0.0
22566,8,8,1.0,0.0
22567,8,8,1.0,0.0
22568,8,8,1.0,0.0
22569,8,8,1.0,0.0
22570,8,8,1.0,0.0
22571,8,8,1.0,0.0
22572,8,8,1.0,0.0
22573,8,8,1.0,0.0
22574,8,8,1.0,0.0
22575,8,8,1.0,0.0
22576,8,8,1.0,0.0
22577,8,8,1.0,0.0
22578,8,8,1.0,0.0
22579,8,8,1.0,0.0
22580,8,8,1.0,0.0
22581,8,8,1.0,0.0
22582,8,8,1.0,0.0
22583,8,8,1.0,0.0
22584,8,8,1.0,0.0
22585,8,8,1.0,0.0
22586,8,8,1.0,0.0
22587,8,8,1.0,0.0
22588,8,8,1.0,0.0
22589,8,8,1.0,0.0
22590,8,8,1.0,0.0
22591,8,8,1.0,0.0
22592,8,8,1.0,0.0
22593,8,8,1.0,0.0
22594,8,8,1.0,0.0
22595,8,8,1.0,0.0
22596,8,8,1.0,0.0
22597,8,8,1.0,0.0
22598,8,8,1.0,0.0
22599,8,8,1.0,0.0
22600,8,8,1.0,0.0
22601,8,8,1.0,0.0
22602,8,8,1.0,0.0
22603,8,8,1.0,0.0
22604,8,8,1.0,0.0
22605,8,8,1.0,0.0
22606,8,8,1.0,0.0
22607,8,8,1.0,0.0
22608,8,8,1.0,0.0
22609,8,8,1.0,0.0
22610,8,8,1.0,0.0
22611,8,8,1.0,0.0
22612,8,8,1.0,0.0
22613,8,8,1.0,0.0
22614,8,8,1.0,0.0
22615,8,8,1.0,0.0
22616,8,8,1.0,0.0
22617,8,8,1.0,0.0
22618,8,8,1.0,0.0
22619,8,8,1.0,0.0
22620,8,8,1.0,0.0
22621,8,8,1.0,0.0
22622,8,8,1.0,0.0
22623,8,8,1.0,0.0
22624,8,8,1.0,0.0
22625,8,8,1.0,0.0
22626,8,8,1.0,0.0
22627,8,8,1.0,0.0
22628,8,8,1.0,0.0
22629,8,8,1.0,0.0
22630,8,8,1.0,0.0
22631,8,8,1.0,0.0
22632,8,8,1.0,0.0
22633,8,8,1.0,0.0
22634,8,8,1.0,0.0
22635,8,8,1.0,0.0
22636,8,8,1.0,0.0
22637,8,8,1.0,0.0
22638,8,8,1.0,0.0
22639,8,8,1.0,0.0
22640,8,8,1.0,0.0
22641,8,8,1.0,0.0
22642,8,8,1.0,0.0
22643,8,8,1.0,0.0
22644,8,8,1.0,0.0
22645,8,8,1.0,0.0
22646,8,8,1.0,0.0
22647,8,8,1.0,0.0
22648,8,8,1.0,0.0
22649,8,8,1.0,0.0
22650,9,8,1.0,0.0
22651,9,8,1.0,0.0
22652,9,8,1.0,0.0
22653,9,8,1.0,0.0
22654,9,8,1.0,0.0
22655,9,8,1.0,0.0
22656,9,8,1.0,0.0
22657,9,8,1.0,0.0
22658,9,8,1.0,0.0
22659,9,8,1.0,0.0
22660,9,8,1.0,0.0
22661,9,8,1.0,0.0
22662,9,8,1.0,0.0
22663,9,8,1.0,0.0
22664,9,8,1.0,0.0
22665,9,8,1.0,0.0
22666,9,8,1.0,0.0
22667,9,8,1.0,0.0
22668,9,8,1.0,0.0
22669,9,8,1.0,0.0
22670,9,8,1.0,0.0
22671,9,8,1.0,0.0
22672,9,8,1.0,0.0
22673,9,8,1.0,0.0
22674,9,8,1.0,0.0
22675,9,8,1.0,0.0
22676,9,8,1.0,0.0
22677,9,8,1.0,0.0
22678,9,8,1.0,0.0
22679,9,8,1.0,0.0
22680,9,8,1.0,0.0
22681,9,8,1.0,0.0
22682,9,8,1.0,0.0
22683,9,8,1.0,0.0
22684,9,8,1.0,0.0
22685,9,8,1.0,0.0
22686,9,8,1.0,0.0
22687,9,8,1.0,0.0
22688,9,8,1.0,0.0
22689,9,8,1.0,0.0
22690,9,8,1.0,0.0
22691,9,8,1.0,0.0
22692,9,8,1.0,0.0
22693,9,8,1.0,0.0
22694,9,8,1.0,0.0
22695,9,8,1.0,0.0
22696,9,8,1.0,0.0
22697,9,8,1.0,0.0
22698,9,8,1.0,0.0
22699,9,8,1.0,0.0
22700,9,8,1.0,0.0
22701,9,8,1.0,0.0
22702,9,8,1.0,0.0
22703,9,8,1.0,0.0
22704,9,8,1.0,0.0
22705,9,8,1.0,0.0
22706,9,8,1.0,0.0
22707,9,8,1.0,0.0
22708,9,8,1.0,0.0
22709,9,8,1.0,0.0
22710,9,8,1.0,0.0
22711,9,8,1.0,0.0
22712,9,8,1.0,0.0
22713,9,8,1.0,0.0
22714,9,8,1.0,0.0
22715,9,8,1.0,0.0
22716,9,8,1.0,0.0
22717,9,8,1.0,0.0
22718,9,8,1.0,0.0
22719,9,8,1.0,0.0
22720,9,8,1.0,0.0
22721,9,8,1.0,0.0
22722,9,8,1.0,0.0
22723,9,8,1.0,0.0
22724,9,8,1.0,0.0
22725,9,8,1.0,0.0
22726,9,8,1.0,0.0
22727,9,8,1.0,0.0
22728,9,8,1.0,0.0
22729,9,8,1.0,0.0
22730,9,8,1.0,0.0
22731,9,8,1.0,0.0
22732,9,8,1.0,0.0
22733,9,8,1.0,0.0
22734,9,8,1.0,0.0
22735,9,8,1.0,0.0
22736,9,8,1.0,0.0
22737,9,8,1.0,0.0
22738,9,8,1.0,0.0
22739,9,8,1.0,0.0
22740,9,8,1.0,0.0
22741,9,8,1.0,0.0
22742,9,8,1.0,0.0
22743,9,8,1.0,0.0
22744,9,8,1.0,0.0
22745,9,8,1.0,0.0
22746,9,8,1.0,0.0
22747,9,8,1.0,0.0
22748,9,8,1.0,0.0
22749,9,8,1.0,0.0
22750,9,8,1.0,0.0
22751,9,8,1.0,0.0
22752,9,8,1.0,0.0
22753,9,8,1.0,0.0
22754,9,8,1.0,0.0
22755,9,8,1.0,0.0
22756,9,8,1.0,0.0
22757,9,8,1.0,0.0
22758,9,8,1.0,0.0
22759,9,8,1.0,0.0
22760,9,8,1.0,0.0
22761,9,8,1.0,0.0
22762,9,8,1.0,0.0
22763,9,8,1.0,0.0
22764,9,8,1.0,0.0
22765,9,8,1.0,0.0
22766,9,8,1.0,0.0
22767,9,8,1.0,0.0
22768,9,8,1.0,0.0
22769,9,8,1.0,0.0
22770,9,8,1.0,0.0
22771,9,8,1.0,0.0
22772,9,8,1.0,0.0
22773,9,8,1.0,0.0
22774,9,8,1.0,0.0
22775,9,8,1.0,0.0
22776,9,8,1.0,0.0
22777,9,8,1.0,0.0
22778,9,8,1.0,0.0
22779,9,8,1.0,0.0
22780,9,8,1.0,0.0
22781,9,8,1.0,0.0
22782,9,8,1.0,0.0
22783,9,8,1.0,0.0
22784,9,8,1.0,0.0
22785,9,8,1.0,0.0
22786,9,8,1.0,0.0
22787,9,8,1.0,0.0
22788,9,8,1.0,0.0
22789,9,8,1.0,0.0
22790,9,8,1.0,0.0
22791,9,8,1.0,0.0
22792,9,8,1.0,0.0
22793,9,8,1.0,0.0
22794,9,8,1.0,0.0
22795,9,8,1.0,0.0
22796,9,8,1.0,0.0
22797,9,8,1.0,0.0
22798,9,8,1.0,0.0
22799,9,8,1.0,0.0
22800,2,9,1.0,0.0
22801,2,9,1.0,0.0
22802,2,9,1.0,0.0
22803,2,9,1.0,0.0
22804,2,9,1.0,0.0
22805,2,9,1.0,0.0
22806,2,9,1.0,0.0
22807,2,9,1.0,0.0
22808,2,9,1.0,0.0
22809,2,9,1.0,0.0
22810,2,9,1.0,0.0
22811,2,9,1.0,0.0
22812,2,9,1.0,0.0
22813,2,9,1.0,0.0
22814,2,9,1.0,0.0
22815,2,9,1.0,0.0
22816,2,9,1.0,0.0
22817,2,9,1.0,0.0
22818,2,9,1.0,0.0
22819,2,9,1.0,0.0
22820,2,9,1.0,0.0
22821,2,9,1.0,0.0
22822,2,9,1.0,0.0
22823,2,9,1.0,0.0
22824,2,9,1.0,0.0
22825,2,9,1.0,0.0
22826,2,9,1.0,0.0
22827,2,9,1.0,0.0
22828,2,9,1.0,0.0
22829,2,9,1.0,0.0
22830,2,9,1.0,0.0
22831,2,9,1.0,0.0
22832,2,9,1.0,0.0
22833,2,9,1.0,0.0
22834,2,9,1.0,0.0
22835,2,9,1.0,0.0
22836,2,9,1.0,0.0
22837,2,9,1.0,0.0
22838,2,9,1.0,0.0
22839,2,9,1.0,0.0
22840,2,9,1.0,0.0
22841,2,9,1.0,0.0
22842,2,9,1.0,0.0
22843,2,9,1.0,0.0
22844,2,9,1.0,0.0
22845,2,9,1.0,0.0
22846,2,9,1.0,0.0
22847,2,9,1.0,0.0
22848,2,9,1.0,0.0
22849,2,9,1.0,0.0
22850,2,9,1.0,0.0
22851,2,9,1.0,0.0
22852,2,9,1.0,0.0
22853,2,9,1.0,0.0
22854,2,9,1.0,0.0
22855,2,9,1.0,0.0
22856,2,9,1.0,0.0
22857,2,9,1.0,0.0
22858,2,9,1.0,0.0
22859,2,9,1.0,0.0
22860,2,9,1.0,0.0
22861,2,9,1.0,0.0
22862,2,9,1.0,0.0
22863,2,9,1.0,0.0
22864,2,9,1.0,0.0
22865,2,9,1.0,0.0
22866,2,9,1.0,0.0
22867,2,9,1.0,0.0
22868,2,9,1.0,0.0
22869,2,9,1.0,0.0
22870,2,9,1.0,0.0
22871,2,9,1.0,0.0
22872,2,9,1.0,0.0
22873,2,9,1.0,0.0
22874,2,9,1.0,0.0
22875,2,9,1.0,0.0
22876,2,9,1.0,0.0
22877,2,9,1.0,0.0
22878,2,9,1.0,0.0
22879,2,9,1.0,0.0
22880,2,9,1.0,0.0
22881,2,9,1.0,0.0
22882,2,9,1.0,0.0
22883,2,9,1.0,0.0
22884,2,9,1.0,0.0
22885,2,9,1.0,0.0
22886,2,9,1.0,0.0
22887,2,9,1.0,0.0
22888,2,9,1.0,0.0
22889,2,9,1.0,0.0
22890,2,9,1.0,0.0
22891,2,9,1.0,0.0
22892,2,9,1.0,0.0
22893,2,9,1.0,0.0
22894,2,9,1.0,0.0
22895,2,9,1.0,0.0
22896,2,9,1.0,0.0
22897,2,9,1.0,0.0
22898,2,9,1.0,0.0
22899,2,9,1.0,0.0
22900,2,9,1.0,0.0
22901,2,9,1.0,0.0
22902,2,9,1.0,0.0
22903,2,9,1.0,0.0
22904,2,9,1.0,0.0
22905,2,9,1.0,0.0
22906,2,9,1.0,0.0
22907,2,9,1.0,0.0
22908,2,9,1.0,0.0
22909,2,9,1.0,0.0
22910,2,9,1.0,0.0
22911,2,9,1.0,0.0
22912,2,9,1.0,0.0
22913,2,9,1.0,0.0
22914,2,9,1.0,0.0
22915,2,9,1.0,0.0
22916,2,9,1.0,0.0
22917,2,9,1.0,0.0
22918,2,9,1.0,0.0
22919,2,9,1.0,0.0
22920,2,9,1.0,0.0
22921,2,9,1.0,0.0
22922,2,9,1.0,0.0
22923,2,9,1.0,0.0
22924,2,9,1.0,0.0
22925,2,9,1.0,0.0
22926,2,9,1.0,0.0
22927,2,9,1.0,0.0
22928,2,9,1.0,0.0
22929,2,9,1.0,0.0
22930,2,9,1.0,0.0
22931,2,9,1.0,0.0
22932,2,9,1.0,0.0
22933,2,9,1.0,0.0
22934,2,9,1.0,0.0
22935,2,9,1.0,0.0
22936,2,9,1.0,0.0
22937,2,9,1.0,0.0
22938,2,9,1.0,0.0
22939,2,9,1.0,0.0
22940,2,9,1.0,0.0
22941,2,9,1.0,0.0
22942,2,9,1.0,0.0
22943,2,9,1.0,0.0
22944,2,9,1.0,0.0
22945,2,9,1.0,0.0
22946,2,9,1.0,0.0
22947,2,9,1.0,0.0
22948,2,9,1.0,0.0
22949,2,9,1.0,0.0
22950,3,9,1.0,0.0
22951,3,9,1.0,0.0
22952,3,9,1.0,0.0
22953,3,9,1.0,0.0
22954,3,9,1.0,0.0
22955,3,9,1.0,0.0
22956,3,9,1.0,0.0
22957,3,9,1.0,0.0
22958,3,9,1.0,0.0
22959,3,9,1.0,0.0
22960,3,9,1.0,0.0
22961,3,9,1.0,0.0
22962,3,9,1.0,0.0
22963,3,9,1.0,0.0
22964,3,9,1.0,0.0
22965,3,9,1.0,0.0
22966,3,9,1.0,0.0
22967,3,9,1.0,0.0
22968,3,9,1.0,0.0
22969,3,9,1.0,0.0
22970,3,9,1.0,0.0
22971,3,9,1.0,0.0
22972,3,9,1.0,0.0
22973,3,9,1.0,0.0
22974,3,9,1.0,0.0
22975,3,9,1.0,0.0
22976,3,9,1.0,0.0
22977,3,9,1.0,0.0
22978,3,9,1.0,0.0
22979,3,9,1.0,0.0
22980,3,9,1.0,0.0
22981,3,9,1.0,0.0
22982,3,9,1.0,0.0
22983,3,9,1.0,0.0
22984,3,9,1.0,0.0
22985,3,9,1.0,0.0
22986,3,9,1.0,0.0
22987,3,9,1.0,0.0
22988,3,9,1.0,0.0
22989,3,9,1.0,0.0
22990,3,9,1.0,0.0
22991,3,9,1.0,0.0
22992,3,9,1.0,0.0
22993,3,9,1.0,0.0
22994,3,9,1.0,0.0
22995,3,9,1.0,0.0
22996,3,9,1.0,0.0
22997,3,9,1.0,0.0
22998,3,9,1.0,0.0
22999,3,9,1.0,0.0
23000,3,9,1.0,0.0
23001,3,9,1.0,0.0
23002,3,9,1.0,0.0
23003,3,9,1.0,0.0
23004,3,9,1.0,0.0
23005,3,9,1.0,0.0
23006,3,9,1.0,0.0
23007,3,9,1.0,0.0
23008,3,9,1.0,0.0
23009,3,9,1.0,0.0
23010,3,9,1.0,0.0
23011,3,9,1.0,0.0
23012,3,9,1.0,0.0
23013,3,9,1.0,0.0
23014,3,9,1.0,0.0
23015,3,9,1.0,0.0
23016,3,9,1.0,0.0
23017,3,9,1.0,0.0
23018,3,9,1.0,0.0
23019,3,9,1.0,0.0
23020,3,9,1.0,0.0
23021,3,9,1.0,0.0
23022,3,9,1.0,0.0
23023,3,9,1.0,0.0
23024,3,9,1.0,0.0
23025,3,9,1.0,0.0
23026,3,9,1.0,0.0
23027,3,9,1.0,0.0
23028,3,9,1.0,0.0
23029,3,9,1.0,0.0
23030,3,9,1.0,0.0
23031,3,9,1.0,0.0
23032,3,9,1.0,0.0
23033,3,9,1.0,0.0
23034,3,9,1.0,0.0
23035,3,9,1.0,0.0
23036,3,9,1.0,0.0
23037,3,9,1.0,0.0
23038,3,9,1.0,0.0
23039,3,9,1.0,0.0
23040,3,9,1.0,0.0
23041,3,9,1.0,0.0
23042,3,9,1.0,0.0
23043,3,9,1.0,0.0
23044,3,9,1.0,0.0
23045,3,9,1.0,0.0
23046,3,9,1.0,0.0
23047,3,9,1.0,0.0
23048,3,9,1.0,0.0
23049,3,9,1.0,0.0
23050,3,9,1.0,0.0
23051,3,9,1.0,0.0
23052,3,9,1.0,0.0
23053,3,9,1.0,0.0
23054,3,9,1.0,0.0
23055,3,9,1.0,0.0
23056,3,9,1.0,0.0
23057,3,9,1.0,0.0
23058,3,9,1.0,0.0
23059,3,9,1.0,0.0
23060,3,9,1.0,0.0
23061,3,9,1.0,0.0
23062,3,9,1.0,0.0
23063,3,9,1.0,0.0
23064,3,9,1.0,0.0
23065,3,9,1.0,0.0
23066,3,9,1.0,0.0
23067,3,9,1.0,0.0
23068,3,9,1.0,0.0
23069,3,9,1.0,0.0
23070,3,9,1.0,0.0
23071,3,9,1.0,0.0
23072,3,9,1.0,0.0
23073,3,9,1.0,0.0
23074,3,9,1.0,0.0
23075,3,9,1.0,0.0
23076,3,9,1.0,0.0
23077,3,9,1.0,0.0
23078,3,9,1.0,0.0
23079,3,9,1.0,0.0
23080,3,9,1.0,0.0
23081,3,9,1.0,0.0
23082,3,9,1.0,0.0
23083,3,9,1.0,0.0
23084,3,9,1.0,0.0
23085,3,9,1.0,0.0
23086,3,9,1.0,0.0
23087,3,9,1.0,0.0
23088,3,9,1.0,0.0
23089,3,9,1.0,0.0
23090,3,9,1.0,0.0
23091,3,9,1.0,0.0
23092,3,9,1.0,0.0
23093,3,9,1.0,0.0
23094,3,9,1.0,0.0
23095,3,9,1.0,0.0
23096,3,9,1.0,0.0
23097,3,9,1.0,0.0
23098,3,9,1.0,0.0
23099,3,9,1.0,0.0
23100,4,9,1.0,0.0
23101,4,9,1.0,0.0
23102,4,9,1.0,0.0
23103,4,9,1.0,0.0
23104,4,9,1.0,0.0
23105,4,9,1.0,0.0
23106,4,9,1.0,0.0
23107,4,9,1.0,0.0
23108,4,9,1.0,0.0
23109,4,9,1.0,0.0
23110,4,9,1.0,0.0
23111,4,9,1.0,0.0
23112,4,9,1.0,0.0
23113,4,9,1.0,0.0
23114,4,9,1.0,0.0
23115,4,9,1.0,0.0
23116,4,9,1.0,0.0
23117,4,9,1.0,0.0
23118,4,9,1.0,0.0
23119,4,9,1.0,0.0
23120,4,9,1.0,0.0
23121,4,9,1.0,0.0
23122,4,9,1.0,0.0
23123,4,9,1.0,0.0
23124,4,9,1.0,0.0
23125,4,9,1.0,0.0
23126,4,9,1.0,0.0
23127,4,9,1.0,0.0
23128,4,9,1.0,0.0
23129,4,9,1.0,0.0
23130,4,9,1.0,0.0
23131,4,9,1.0,0.0
23132,4,9,1.0,0.0
23133,4,9,1.0,0.0
23134,4,9,1.0,0.0
23135,4,9,1.0,0.0
23136,4,9,1.0,0.0
23137,4,9,1.0,0.0
23138,4,9,1.0,0.0
23139,4,9,1.0,0.0
23140,4,9,1.0,0.0
23141,4,9,1.0,0.0
23142,4,9,1.0,0.0
23143,4,9,1.0,0.0
23144,4,9,1.0,0.0
23145,4,9,1.0,0.0
23146,4,9,1.0,0.0
23147,4,9,1.0,0.0
23148,4,9,1.0,0.0
23149,4,9,1.0,0.0
23150,4,9,1.0,0.0
23151,4,9,1.0,0.0
23152,4,9,1.0,0.0
23153,4,9,1.0,0.0
23154,4,9,1.0,0.0
23155,4,9,1.0,0.0
23156,4,9,1.0,0.0
23157,4,9,1.0,0.0
23158,4,9,1.0,0.0
23159,4,9,1.0,0.0
23160,4,9,1.0,0.0
23161,4,9,1.0,0.0
23162,4,9,1.0,0.0
23163,4,9,1.0,0.0
23164,4,9,1.0,0.0
23165,4,9,1.0,0.0
23166,4,9,1.0,0.0
23167,4,9,1.0,0.0
23168,4,9,1.0,0.0
23169,4,9,1.0,0.0
23170,4,9,1.0,0.0
23171,4,9,1.0,0.0
23172,4,9,1.0,0.0
23173,4,9,1.0,0.0
23174,4,9,1.0,0.0
23175,4,9,1.0,0.0
23176,4,9,1.0,0.0
23177,4,9,1.0,0.0
23178,4,9,1.0,0.0
23179,4,9,1.0,0.0
23180,4,9,1.0,0.0
23181,4,9,1.0,0.0
23182,4,9,1.0,0.0
23183,4,9,1.0,0.0
23184,4,9,1.0,0.0
23185,4,9,1.0,0.0
23186,4,9,1.0,0.0
23187,4,9,1.0,0.0
23188,4,9,1.0,0.0
23189,4,9,1.0,0.0
23190,4,9,1.0,0.0
23191,4,9,1.0,0.0
23192,4,9,1.0,0.0
23193,4,9,1.0,0.0
23194,4,9,1.0,0.0
23195,4,9,1.0,0.0
23196,4,9,1.0,0.0
23197,4,9,1.0,0.0
23198,4,9,1.0,0.0
23199,4,9,1.0,0.0
23200,4,9,1.0,0.0
23201,4,9,1.0,0.0
23202,4,9,1.0,0.0
23203,4,9,1.0,0.0
23204,4,9,1.0,0.0
23205,4,9,1.0,0.0
23206,4,9,1.0,0.0
23207,4,9,1.0,0.0
23208,4,9,1.0,0.0
23209,4,9,1.0,0.0
23210,4,9,1.0,0.0
23211,4,9,1.0,0.0
23212,4,9,1.0,0.0
23213,4,9,1.0,0.0
23214,4,9,1.0,0.0
23215,4,9,1.0,0.0
23216,4,9,1.0,0.0
23217,4,9,1.0,0.0
23218,4,9,1.0,0.0
23219,4,9,1.0,0.0
23220,4,9,1.0,0.0
23221,4,9,1.0,0.0
23222,4,9,1.0,0.0
23223,4,9,1.0,0.0
23224,4,9,1.0,0.0
23225,4,9,1.0,0.0
23226,4,9,1.0,0.0
23227,4,9,1.0,0.0
23228,4,9,1.0,0.0
23229,4,9,1.0,0.0
23230,4,9,1.0,0.0
23231,4,9,1.0,0.0
23232,4,9,1.0,0.0
23233,4,9,1.0,0.0
23234,4,9,1.0,0.0
23235,4,9,1.0,0.0
23236,4,9,1.0,0.0
23237,4,9,1.0,0.0
23238,4,9,1.0,0.0
23239,4,9,1.0,0.0
23240,4,9,1.0,0.0
23241,4,9,1.0,0.0
23242,4,9,1.0,0.0
23243,4,9,1.0,0.0
23244,4,9,1.0,0.0
23245,4,9,1.0,0.0
23246,4,9,1.0,0.0
23247,4,9,1.0,0.0
23248,4,9,1.0,0.0
23249,4,9,1.0,0.0
23250,5,9,1.0,0.0
23251,5,9,1.0,0.0
23252,5,9,1.0,0.0
23253,5,9,1.0,0.0
23254,5,9,1.0,0.0
23255,5,9,1.0,0.0
23256,5,9,1.0,0.0
23257,5,9,1.0,0.0
23258,5,9,1.0,0.0
23259,5,9,1.0,0.0
23260,5,9,1.0,0.0
23261,5,9,1.0,0.0
23262,5,9,1.0,0.0
23263,5,9,1.0,0.0
23264,5,9,1.0,0.0
23265,5,9,1.0,0.0
23266,5,9,1.0,0.0
23267,5,9,1.0,0.0
23268,5,9,1.0,0.0
23269,5,9,1.0,0.0
23270,5,9,1.0,0.0
23271,5,9,1.0,0.0
23272,5,9,1.0,0.0
23273,5,9,1.0,0.0
23274,5,9,1.0,0.0
23275,5,9,1.0,0.0
23276,5,9,1.0,0.0
23277,5,9,1.0,0.0
23278,5,9,1.0,0.0
23279,5,9,1.0,0.0
23280,5,9,1.0,0.0
23281,5,9,1.0,0.0
23282,5,9,1.0,0.0
23283,5,9,1.0,0.0
23284,5,9,1.0,0.0
23285,5,9,1.0,0.0
23286,5,9,1.0,0.0
23287,5,9,1.0,0.0
23288,5,9,1.0,0.0
23289,5,9,1.0,0.0
23290,5,9,1.0,0.0
23291,5,9,1.0,0.0
23292,5,9,1.0,0.0
23293,5,9,1.0,0.0
23294,5,9,1.0,0.0
23295,5,9,1.0,0.0
23296,5,9,1.0,0.0
23297,5,9,1.0,0.0
23298,5,9,1.0,0.0
23299,5,9,1.0,0.0
23300,5,9,1.0,0.0
23301,5,9,1.0,0.0
23302,5,9,1.0,0.0
23303,5,9,1.0,0.0
23304,5,9,1.0,0.0
23305,5,9,1.0,0.0
23306,5,9,1.0,0.0
23307,5,9,1.0,0.0
23308,5,9,1.0,0.0
23309,5,9,1.0,0.0
23310,5,9,1.0,0.0
23311,5,9,1.0,0.0
23312,5,9,1.0,0.0
23313,5,9,1.0,0.0
23314,5,9,1.0,0.0
23315,5,9,1.0,0.0
23316,5,9,1.0,0.0
23317,5,9,1.0,0.0
23318,5,9,1.0,0.0
23319,5,9,1.0,0.0
23320,5,9,1.0,0.0
23321,5,9,1.0,0.0
23322,5,9,1.0,0.0
23323,5,9,1.0,0.0
23324,5,9,1.0,0.0
23325,5,9,1.0,0.0
23326,5,9,1.0,0.0
23327,5,9,1.0,0.0
23328,5,9,1.0,0.0
23329,5,9,1.0,0.0
23330,5,9,1.0,0.0
23331,5,9,1.0,0.0
23332,5,9,1.0,0.0
23333,5,9,1.0,0.0
23334,5,9,1.0,0.0
23335,5,9,1.0,0.0
23336,5,9,1.0,0.0
23337,5,9,1.0,0.0
23338,5,9,1.0,0.0
23339,5,9,1.0,0.0
23340,5,9,1.0,0.0
23341,5,9,1.0,0.0
23342,5,9,1.0,0.0
23343,5,9,1.0,0.0
23344,5,9,1.0,0.0
23345,5,9,1.0,0.0
23346,5,9,1.0,0.0
23347,5,9,1.0,0.0
23348,5,9,1.0,0.0
23349,5,9,1.0,0.0
23350,5,9,1.0,0.0
23351,5,9,1.0,0.0
23352,5,9,1.0,0.0
23353,5,9,1.0,0.0
23354,5,9,1.0,0.0
23355,5,9,1.0,0.0
23356,5,9,1.0,0.0
23357,5,9,1.0,0.0
23358,5,9,1.0,0.0
23359,5,9,1.0,0.0
23360,5,9,1.0,0.0
23361,5,9,1.0,0.0
23362,5,9,1.0,0.0
23363,5,9,1.0,0.0
23364,5,9,1.0,0.0
23365,5,9,1.0,0.0
23366,5,9,1.0,0.0
23367,5,9,1.0,0.0
23368,5,9,1.0,0.0
23369,5,9,1.0,0.0
23370,5,9,1.0,0.0
23371,5,9,1.0,0.0
23372,5,9,1.0,0.0
23373,5,9,1.0,0.0
23374,5,9,1.0,0.0
23375,5,9,1.0,0.0
23376,5,9,1.0,0.0
23377,5,9,1.0,0.0
23378,5,9,1.0,0.0
23379,5,9,1.0,0.0
23380,5,9,1.0,0.0
23381,5,9,1.0,0.0
23382,5,9,1.0,0.0
23383,5,9,1.0,0.0
23384,5,9,1.0,0.0
23385,5,9,1.0,0.0
23386,5,9,1.0,0.0
23387,5,9,1.0,0.0
23388,5,9,1.0,0.0
23389,5,9,1.0,0.0
23390,5,9,1.0,0.0
23391,5,9,1.0,0.0
23392,5,9,1.0,0.0
23393,5,9,1.0,0.0
23394,5,9,1.0,0.0
23395,5,9,1.0,0.0
23396,5,9,1.0,0.0
23397,5,9,1.0,0.0
23398,5,9,1.0,0.0
23399,5,9,1.0,0.0
23400,6,9,1.0,0.0
23401,6,9,1.0,0.0
23402,6,9,1.0,0.0
23403,6,9,1.0,0.0
23404,6,9,1.0,0.0
23405,6,9,1.0,0.0
23406,6,9,1.0,0.0
23407,6,9,1.0,0.0
23408,6,9,1.0,0.0
23409,6,9,1.0,0.0
23410,6,9,1.0,0.0
23411,6,9,1.0,0.0
23412,6,9,1.0,0.0
23413,6,9,1.0,0.0
23414,6,9,1.0,0.0
23415,6,9,1.0,0.0
23416,6,9,1.0,0.0
23417,6,9,1.0,0.0
23418,6,9,1.0,0.0
23419,6,9,1.0,0.0
23420,6,9,1.0,0.0
23421,6,9,1.0,0.0
23422,6,9,1.0,0.0
23423,6,9,1.0,0.0
23424,6,9,1.0,0.0
23425,6,9,1.0,0.0
23426,6,9,1.0,0.0
23427,6,9,1.0,0.0
23428,6,9,1.0,0.0
23429,6,9,1.0,0.0
23430,6,9,1.0,0.0
23431,6,9,1.0,0.0
23432,6,9,1.0,0.0
23433,6,9,1.0,0.0
23434,6,9,1.0,0.0
23435,6,9,1.0,0.0
23436,6,9,1.0,0.0
23437,6,9,1.0,0.0
23438,6,9,1.0,0.0
23439,6,9,1.0,0.0
23440,6,9,1.0,0.0
23441,6,9,1.0,0.0
23442,6,9,1.0,0.0
23443,6,9,1.0,0.0
23444,6,9,1.0,0.0
23445,6,9,1.0,0.0
23446,6,9,1.0,0.0
23447,6,9,1.0,0.0
23448,6,9,1.0,0.0
23449,6,9,1.0,0.0
23450,6,9,1.0,0.0
23451,6,9,1.0,0.0
23452,6,9,1.0,0.0
23453,6,9,1.0,0.0
23454,6,9,1.0,0.0
23455,6,9,1.0,0.0
23456,6,9,1.0,0.0
23457,6,9,1.0,0.0
23458,6,9,1.0,0.0
23459,6,9,1.0,0.0
23460,6,9,1.0,0.0
23461,6,9,1.0,0.0
23462,6,9,1.0,0.0
23463,6,9,1.0,0.0
23464,6,9,1.0,0.0
23465,6,9,1.0,0.0
23466,6,9,1.0,0.0
23467,6,9,1.0,0.0
23468,6,9,1.0,0.0
23469,6,9,1.0,0.0
23470,6,9,1.0,0.0
23471,6,9,1.0,0.0
23472,6,9,1.0,0.0
23473,6,9,1.0,0.0
23474,6,9,1.0,0.0
23475,6,9,1.0,0.0
23476,6,9,1.0,0.0
23477,6,9,1.0,0.0
23478,6,9,1.0,0.0
23479,6,9,1.0,0.0
23480,6,9,1.0,0.0
23481,6,9,1.0,0.0
23482,6,9,1.0,0.0
23483,6,9,1.0,0.0
23484,6,9,1.0,0.0
23485,6,9,1.0,0.0
23486,6,9,1.0,0.0
23487,6,9,1.0,0.0
23488,6,9,1.0,0.0
23489,6,9,1.0,0.0
23490,6,9,1.0,0.0
23491,6,9,1.0,0.0
23492,6,9,1.0,0.0
23493,6,9,1.0,0.0
23494,6,9,1.0,0.0
23495,6,9,1.0,0.0
23496,6,9,1.0,0.0
23497,6,9,1.0,0.0
23498,6,9,1.0,0.0
23499,6,9,1.0,0.0
23500,6,9,1.0,0.0
23501,6,9,1.0,0.0
23502,6,9,1.0,0.0
23503,6,9,1.0,0.0
23504,6,9,1.0,0.0
23505,6,9,1.0,0.0
23506,6,9,1.0,0.0
23507,6,9,1.0,0.0
23508,6,9,1.0,0.0
23509,6,9,1.0,0.0
23510,6,9,1.0,0.0
23511,6,9,1.0,0.0
23512,6,9,1.0,0.0
23513,6,9,1.0,0.0
23514,6,9,1.0,0.0
23515,6,9,1.0,0.0
23516,6,9,1.0,0.0
23517,6,9,1.0,0.0
23518,6,9,1.0,0.0
23519,6,9,1.0,0.0
23520,6,9,1.0,0.0
23521,6,9,1.0,0.0
23522,6,9,1.0,0.0
23523,6,9,1.0,0.0
23524,6,9,1.0,0.0
23525,6,9,1.0,0.0
23526,6,9,1.0,0.0
23527,6,9,1.0,0.0
23528,6,9,1.0,0.0
23529,6,9,1.0,0.0
23530,6,9,1.0,0.0
23531,6,9,1.0,0.0
23532,6,9,1.0,0.0
23533,6,9,1.0,0.0
23534,6,9,1.0,0.0
23535,6,9,1.0,0.0
23536,6,9,1.0,0.0
23537,6,9,1.0,0.0
23538,6,9,1.0,0.0
23539,6,9,1.0,0.0
23540,6,9,1.0,0.0
23541,6,9,1.0,0.0
23542,6,9,1.0,0.0
23543,6,9,1.0,0.0
23544,6,9,1.0,0.0
23545,6,9,1.0,0.0
23546,6,9,1.0,0.0
23547,6,9,1.0,0.0
23548,6,9,1.0,0.0
23549,6,9,1.0,0.0
23550,7,9,1.0,0.0
23551,7,9,1.0,0.0
23552,7,9,1.0,0.0
23553,7,9,1.0,0.0
23554,7,9,1.0,0.0
23555,7,9,1.0,0.0
23556,7,9,1.0,0.0
23557,7,9,1.0,0.0
23558,7,9,1.0,0.0
23559,7,9,1.0,0.0
23560,7,9,1.0,0.0
23561,7,9,1.0,0.0
23562,7,9,1.0,0.0
23563,7,9,1.0,0.0
23564,7,9,1.0,0.0
23565,7,9,1.0,0.0
23566,7,9,1.0,0.0
23567,7,9,1.0,0.0
23568,7,9,1.0,0.0
23569,7,9,1.0,0.0
23570,7,9,1.0,0.0
23571,7,9,1.0,0.0
23572,7,9,1.0,0.0
23573,7,9,1.0,0.0
23574,7,9,1.0,0.0
23575,7,9,1.0,0.0
23576,7,9,1.0,0.0
23577,7,9,1.0,0.0
23578,7,9,1.0,0.0
23579,7,9,1.0,0.0
23580,7,9,1.0,0.0
23581,7,9,1.0,0.0
23582,7,9,1.0,0.0
23583,7,9,1.0,0.0
23584,7,9,1.0,0.0
23585,7,9,1.0,0.0
23586,7,9,1.0,0.0
23587,7,9,1.0,0.0
23588,7,9,1.0,0.0
23589,7,9,1.0,0.0
23590,7,9,1.0,0.0
23591,7,9,1.0,0.0
23592,7,9,1.0,0.0
23593,7,9,1.0,0.0
23594,7,9,1.0,0.0
23595,7,9,1.0,0.0
23596,7,9,1.0,0.0
23597,7,9,1.0,0.0
23598,7,9,1.0,0.0
23599,7,9,1.0,0.0
23600,7,9,1.0,0.0
23601,7,9,1.0,0.0
23602,7,9,1.0,0.0
23603,7,9,1.0,0.0
23604,7,9,1.0,0.0
23605,7,9,1.0,0.0
23606,7,9,1.0,0.0
23607,7,9,1.0,0.0
23608,7,9,1.0,0.0
23609,7,9,1.0,0.0
23610,7,9,1.0,0.0
23611,7,9,1.0,0.0
23612,7,9,1.0,0.0
23613,7,9,1.0,0.0
23614,7,9,1.0,0.0
23615,7,9,1.0,0.0
23616,7,9,1.0,0.0
23617,7,9,1.0,0.0
23618,7,9,1.0,0.0
23619,7,9,1.0,0.0
23620,7,9,1.0,0.0
23621,7,9,1.0,0.0
23622,7,9,1.0,0.0
23623,7,9,1.0,0.0
23624,7,9,1.0,0.0
23625,7,9,1.0,0.0
23626,7,9,1.0,0.0
23627,7,9,1.0,0.0
23628,7,9,1.0,0.0
23629,7,9,1.0,0.0
23630,7,9,1.0,0.0
23631,7,9,1.0,0.0
23632,7,9,1.0,0.0
23633,7,9,1.0,0.0
23634,7,9,1.0,0.0
23635,7,9,1.0,0.0
23636,7,9,1.0,0.0
23637,7,9,1.0,0.0
23638,7,9,1.0,0.0
23639,7,9,1.0,0.0
23640,7,9,1.0,0.0
23641,7,9,1.0,0.0
23642,7,9,1.0,0.0
23643,7,9,1.0,0.0
23644,7,9,1.0,0.0
23645,7,9,1.0,0.0
23646,7,9,1.0,0.0
23647,7,9,1.0,0.0
23648,7,9,1.0,0.0
23649,7,9,1.0,0.0
23650,7,9,1.0,0.0
23651,7,9,1.0,0.0
23652,7,9,1.0,0.0
23653,7,9,1.0,0.0
23654,7,9,1.0,0.0
23655,7,9,1.0,0.0
23656,7,9,1.0,0.0
23657,7,9,1.0,0.0
23658,7,9,1.0,0.0
23659,7,9,1.0,0.0
23660,7,9,1.0,0.0
23661,7,9,1.0,0.0
23662,7,9,1.0,0.0
23663,7,9,1.0,0.0
23664,7,9,1.0,0.0
23665,7,9,1.0,0.0
23666,7,9,1.0,0.0
23667,7,9,1.0,0.0
23668,7,9,1.0,0.0
23669,7,9,1.0,0.0
23670,7,9,1.0,0.0
23671,7,9,1.0,0.0
23672,7,9,1.0,0.0
23673,7,9,1.0,0.0
23674,7,9,1.0,0.0
23675,7,9,1.0,0.0
23676,7,9,1.0,0.0
23677,7,9,1.0,0.0
23678,7,9,1.0,0.0
23679,7,9,1.0,0.0
23680,7,9,1.0,0.0
23681,7,9,1.0,0.0
23682,7,9,1.0,0.0
23683,7,9,1.0,0.0
23684,7,9,1.0,0.0
23685,7,9,1.0,0.0
23686,7,9,1.0,0.0
23687,7,9,1.0,0.0
23688,7,9,1.0,0.0
23689,7,9,1.0,0.0
23690,7,9,1.0,0.0
23691,7,9,1.0,0.0
23692,7,9,1.0,0.0
23693,7,9,1.0,0.0
23694,7,9,1.0,0.0
23695,7,9,1.0,0.0
23696,7,9,1.0,0.0
23697,7,9,1.0,0.0
23698,7,9,1.0,0.0
23699,7,9,1.0,0.0
23700,8,9,1.0,0.0
23701,8,9,1.0,0.0
23702,8,9,1.0,0.0
23703,8,9,1.0,0.0
23704,8,9,1.0,0.0
23705,8,9,1.0,0.0
23706,8,9,1.0,0.0
23707,8,9,1.0,0.0
23708,8,9,1.0,0.0
23709,8,9,1.0,0.0
23710,8,9,1.0,0.0
23711,8,9,1.0,0.0
23712,8,9,1.0,0.0
23713,8,9,1.0,0.0
23714,8,9,1.0,0.0
23715,8,9,1.0,0.0
23716,8,9,1.0,0.0
23717,8,9,1.0,0.0
23718,8,9,1.0,0.0
23719,8,9,1.0,0.0
23720,8,9,1.0,0.0
23721,8,9,1.0,0.0
23722,8,9,1.0,0.0
23723,8,9,1.0,0.0
23724,8,9,1.0,0.0
23725,8,9,1.0,0.0
23726,8,9,1.0,0.0
23727,8,9,1.0,0.0
23728,8,9,1.0,0.0
23729,8,9,1.0,0.0
23730,8,9,1.0,0.0
23731,8,9,1.0,0.0
23732,8,9,1.0,0.0
23733,8,9,1.0,0.0
23734,8,9,1.0,0.0
23735,8,9,1.0,0.0
23736,8,9,1.0,0.0
23737,8,9,1.0,0.0
23738,8,9,1.0,0.0
23739,8,9,1.0,0.0
23740,8,9,1.0,0.0
23741,8,9,1.0,0.0
23742,8,9,1.0,0.0
23743,8,9,1.0,0.0
23744,8,9,1.0,0.0
23745,8,9,1.0,0.0
23746,8,9,1.0,0.0
23747,8,9,1.0,0.0
23748,8,9,1.0,0.0
23749,8,9,1.0,0.0
23750,8,9,1.0,0.0
23751,8,9,1.0,0.0
23752,8,9,1.0,0.0
23753,8,9,1.0,0.0
23754,8,9,1.0,0.0
23755,8,9,1.0,0.0
23756,8,9,1.0,0.0
23757,8,9,1.0,0.0
23758,8,9,1.0,0.0
23759,8,9,1.0,0.0
23760,8,9,1.0,0.0
23761,8,9,1.0,0.0
23762,8,9,1.0,0.0
23763,8,9,1.0,0.0
23764,8,9,1.0,0.0
23765,8,9,1.0,0.0
23766,8,9,1.0,0.0
23767,8,9,1.0,0.0
23768,8,9,1.0,0.0
23769,8,9,1.0,0.0
23770,8,9,1.0,0.0
23771,8,9,1.0,0.0
23772,8,9,1.0,0.0
23773,8,9,1.0,0.0
23774,8,9,1.0,0.0
23775,8,9,1.0,0.0
23776,8,9,1.0,0.0
23777,8,9,1.0,0.0
23778,8,9,1.0,0.0
23779,8,9,1.0,0.0
23780,8,9,1.0,0.0
23781,8,9,1.0,0.0
23782,8,9,1.0,0.0
23783,8,9,1.0,0.0
23784,8,9,1.0,0.0
23785,8,9,1.0,0.0
23786,8,9,1.0,0.0
23787,8,9,1.0,0.0
23788,8,9,1.0,0.0
23789,8,9,1.0,0.0
23790,8,9,1.0,0.0
23791,8,9,1.0,0.0
23792,8,9,1.0,0.0
23793,8,9,1.0,0.0
23794,8,9,1.0,0.0
23795,8,9,1.0,0.0
23796,8,9,1.0,0.0
23797,8,9,1.0,0.0
23798,8,9,1.0,0.0
23799,8,9,1.0,0.0
23800,8,9,1.0,0.0
23801,8,9,1.0,0.0
23802,8,9,1.0,0.0
23803,8,9,1.0,0.0
23804,8,9,1.0,0.0
23805,8,9,1.0,0.0
23806,8,9,1.0,0.0
23807,8,9,1.0,0.0
23808,8,9,1.0,0.0
23809,8,9,1.0,0.0
23810,8,9,1.0,0.0
23811,8,9,1.0,0.0
23812,8,9,1.0,0.0
23813,8,9,1.0,0.0
23814,8,9,1.0,0.0
23815,8,9,1.0,0.0
23816,8,9,1.0,0.0
23817,8,9,1.0,0.0
23818,8,9,1.0,0.0
23819,8,9,1.0,0.0
23820,8,9,1.0,0.0
23821,8,9,1.0,0.0
23822,8,9,1.0,0.0
23823,8,9,1.0,0.0
23824,8,9,1.0,0.0
23825,8,9,1.0,0.0
23826,8,9,1.0,0.0
23827,8,9,1.0,0.0
23828,8,9,1.0,0.0
23829,8,9,1.0,0.0
23830,8,9,1.0,0.0
23831,8,9,1.0,0.0
23832,8,9,1.0,0.0
23833,8,9,1.0,0.0
23834,8,9,1.0,0.0
23835,8,9,1.0,0.0
23836,8,9,1.0,0.0
23837,8,9,1.0,0.0
23838,8,9,1.0,0.0
23839,8,9,1.0,0.0
23840,8,9,1.0,0.0
23841,8,9,1.0,0.0
23842,8,9,1.0,0.0
23843,8,9,1.0,0.0
23844,8,9,1.0,0.0
23845,8,9,1.0,0.0
23846,8,9,1.0,0.0
23847,8,9,1.0,0.0
23848,8,9,1.0,0.0
23849,8,9,1.0,0.0
23850,9,9,1.0,0.0
23851,9,9,1.0,0.0
23852,9,9,1.0,0.0
23853,9,9,1.0,0.0
23854,9,9,1.0,0.0
23855,9,9,1.0,0.0
23856,9,9,1.0,0.0
23857,9,9,1.0,0.0
23858,9,9,1.0,0.0
23859,9,9,1.0,0.0
23860,9,9,1.0,0.0
23861,9,9,1.0,0.0
23862,9,9,1.0,0.0
23863,9,9,1.0,0.0
23864,9,9,1.0,0.0
23865,9,9,1.0,0.0
23866,9,9,1.0,0.0
23867,9,9,1.0,0.0
23868,9,9,1.0,0.0
23869,9,9,1.0,0.0
23870,9,9,1.0,0.0
23871,9,9,1.0,0.0
23872,9,9,1.0,0.0
23873,9,9,1.0,0.0
23874,9,9,1.0,0.0
23875,9,9,1.0,0.0
23876,9,9,1.0,0.0
23877,9,9,1.0,0.0
23878,9,9,1.0,0.0
23879,9,9,1.0,0.0
23880,9,9,1.0,0.0
23881,9,9,1.0,0.0
23882,9,9,1.0,0.0
23883,9,9,1.0,0.0
23884,9,9,1.0,0.0
23885,9,9,1.0,0.0
23886,9,9,1.0,0.0
23887,9,9,1.0,0.0
23888,9,9,1.0,0.0
23889,9,9,1.0,0.0
23890,9,9,1.0,0.0
23891,9,9,1.0,0.0
23892,9,9,1.0,0.0
23893,9,9,1.0,0.0
23894,9,9,1.0,0.0
23895,9,9,1.0,0.0
23896,9,9,1.0,0.0
23897,9,9,1.0,0.0
23898,9,9,1.0,0.0
23899,9,9,1.0,0.0
23900,9,9,1.0,0.0
23901,9,9,1.0,0.0
23902,9,9,1.0,0.0
23903,9,9,1.0,0.0
23904,9,9,1.0,0.0
23905,9,9,1.0,0.0
23906,9,9,1.0,0.0
23907,9,9,1.0,0.0
23908,9,9,1.0,0.0
23909,9,9,1.0,0.0
23910,9,9,1.0,0.0
23911,9,9,1.0,0.0
23912,9,9,1.0,0.0
23913,9,9,1.0,0.0
23914,9,9,1.0,0.0
23915,9,9,1.0,0.0
23916,9,9,1.0,0.0
23917,9,9,1.0,0.0
23918,9,9,1.0,0.0
23919,9,9,1.0,0.0
23920,9,9,1.0,0.0
23921,9,9,1.0,0.0
23922,9,9,1.0,0.0
23923,9,9,1.0,0.0
23924,9,9,1.0,0.0
23925,9,9,1.0,0.0
23926,9,9,1.0,0.0
23927,9,9,1.0,0.0
23928,9,9,1.0,0.0
23929,9,9,1.0,0.0
23930,9,9,1.0,0.0
23931,9,9,1.0,0.0
23932,9,9,1.0,0.0
23933,9,9,1.0,0.0
23934,9,9,1.0,0.0
23935,9,9,1.0,0.0
23936,9,9,1.0,0.0
23937,9,9,1.0,0.0
23938,9,9,1.0,0.0
23939,9,9,1.0,0.0
23940,9,9,1.0,0.0
23941,9,9,1.0,0.0
23942,9,9,1.0,0.0
23943,9,9,1.0,0.0
23944,9,9,1.0,0.0
23945,9,9,1.0,0.0
23946,9,9,1.0,0.0
23947,9,9,1.0,0.0
23948,9,9,1.0,0.0
23949,9,9,1.0,0.0
23950,9,9,1.0,0.0
23951,9,9,1.0,0.0
23952,9,9,1.0,0.0
23953,9,9,1.0,0.0
23954,9,9,1.0,0.0
23955,9,9,1.0,0.0
23956,9,9,1.0,0.0
23957,9,9,1.0,0.0
23958,9,9,1.0,0.0
23959,9,9,1.0,0.0
23960,9,9,1.0,0.0
23961,9,9,1.0,0.0
23962,9,9,1.0,0.0
23963,9,9,1.0,0.0
23964,9,9,1.0,0.0
23965,9,9,1.0,0.0
23966,9,9,1.0,0.0
23967,9,9,1.0,0.0
23968,9,9,1.0,0.0
23969,9,9,1.0,0.0
23970,9,9,1.0,0.0
23971,9,9,1.0,0.0
23972,9,9,1.0,0.0
23973,9,9,1.0,0.0
23974,9,9,1.0,0.0
23975,9,9,1.0,0.0
23976,9,9,1.0,0.0
23977,9,9,1.0,0.0
23978,9,9,1.0,0.0
23979,9,9,1.0,0.0
23980,9,9,1.0,0.0
23981,9,9,1.0,0.0
23982,9,9,1.0,0.0
23983,9,9,1.0,0.0
23984,9,9,1.0,0.0
23985,9,9,1.0,0.0
23986,9,9,1.0,0.0
23987,9,9,1.0,0.0
23988,9,9,1.0,0.0
23989,9,9,1.0,0.0
23990,9,9,1.0,0.0
23991,9,9,1.0,0.0
23992,9,9,1.0,0.0
23993,9,9,1.0,0.0
23994,9,9,1.0,0.0
23995,9,9,1.0,0.0
23996,9,9,1.0,0.0
23997,9,9,1.0,0.0
23998,9,9,1.0,0.0
23999,9,9,1.0,0.0
